"URL","Uniprot ID","Keyword","Link"
https://pharos.nih.gov/idg/targets/P16389,P16389,"Complete proteome",http://www.uniprot.org/keywords/KW-0181
https://pharos.nih.gov/idg/targets/P16389,P16389,"Reference proteome",http://www.uniprot.org/keywords/KW-1185
https://pharos.nih.gov/idg/targets/P16389,P16389,"Alternative splicing",http://www.uniprot.org/keywords/KW-0025
https://pharos.nih.gov/idg/targets/P16389,P16389,"Cell projection",http://www.uniprot.org/keywords/KW-0966
https://pharos.nih.gov/idg/targets/P16389,P16389,"Disease mutation",http://www.uniprot.org/keywords/KW-0225
https://pharos.nih.gov/idg/targets/P16389,P16389,Phosphoprotein,http://www.uniprot.org/keywords/KW-0597
https://pharos.nih.gov/idg/targets/P16389,P16389,"Cell membrane",http://www.uniprot.org/keywords/KW-1003
https://pharos.nih.gov/idg/targets/P16389,P16389,Glycoprotein,http://www.uniprot.org/keywords/KW-0325
https://pharos.nih.gov/idg/targets/P16389,P16389,Membrane,http://www.uniprot.org/keywords/KW-0472
https://pharos.nih.gov/idg/targets/P16389,P16389,Transmembrane,http://www.uniprot.org/keywords/KW-0812
https://pharos.nih.gov/idg/targets/P16389,P16389,"Transmembrane helix",http://www.uniprot.org/keywords/KW-1133
https://pharos.nih.gov/idg/targets/P16389,P16389,"Endoplasmic reticulum",http://www.uniprot.org/keywords/KW-0256
https://pharos.nih.gov/idg/targets/P16389,P16389,Lipoprotein,http://www.uniprot.org/keywords/KW-0449
https://pharos.nih.gov/idg/targets/P16389,P16389,Palmitate,http://www.uniprot.org/keywords/KW-0564
https://pharos.nih.gov/idg/targets/P16389,P16389,Transport,http://www.uniprot.org/keywords/KW-0813
https://pharos.nih.gov/idg/targets/P16389,P16389,"Ion channel",http://www.uniprot.org/keywords/KW-0407
https://pharos.nih.gov/idg/targets/P16389,P16389,"Ion transport",http://www.uniprot.org/keywords/KW-0406
https://pharos.nih.gov/idg/targets/P16389,P16389,"Cell junction",http://www.uniprot.org/keywords/KW-0965
https://pharos.nih.gov/idg/targets/P16389,P16389,Synapse,http://www.uniprot.org/keywords/KW-0770
https://pharos.nih.gov/idg/targets/P16389,P16389,"Voltage-gated channel",http://www.uniprot.org/keywords/KW-0851
https://pharos.nih.gov/idg/targets/P16389,P16389,Potassium,http://www.uniprot.org/keywords/KW-0630
https://pharos.nih.gov/idg/targets/P16389,P16389,"Potassium transport",http://www.uniprot.org/keywords/KW-0633
https://pharos.nih.gov/idg/targets/P16389,P16389,Synaptosome,http://www.uniprot.org/keywords/KW-0771
https://pharos.nih.gov/idg/targets/P16389,P16389,"Potassium channel",http://www.uniprot.org/keywords/KW-0631
https://pharos.nih.gov/idg/targets/P16389,P16389,Epilepsy,http://www.uniprot.org/keywords/KW-0887
https://pharos.nih.gov/idg/targets/Q96PR1,Q96PR1,"Complete proteome",http://www.uniprot.org/keywords/KW-0181
https://pharos.nih.gov/idg/targets/Q96PR1,Q96PR1,"Reference proteome",http://www.uniprot.org/keywords/KW-1185
https://pharos.nih.gov/idg/targets/Q96PR1,Q96PR1,"Alternative splicing",http://www.uniprot.org/keywords/KW-0025
https://pharos.nih.gov/idg/targets/Q96PR1,Q96PR1,"Cell projection",http://www.uniprot.org/keywords/KW-0966
https://pharos.nih.gov/idg/targets/Q96PR1,Q96PR1,Phosphoprotein,http://www.uniprot.org/keywords/KW-0597
https://pharos.nih.gov/idg/targets/Q96PR1,Q96PR1,"Cell membrane",http://www.uniprot.org/keywords/KW-1003
https://pharos.nih.gov/idg/targets/Q96PR1,Q96PR1,Glycoprotein,http://www.uniprot.org/keywords/KW-0325
https://pharos.nih.gov/idg/targets/Q96PR1,Q96PR1,Membrane,http://www.uniprot.org/keywords/KW-0472
https://pharos.nih.gov/idg/targets/Q96PR1,Q96PR1,Transmembrane,http://www.uniprot.org/keywords/KW-0812
https://pharos.nih.gov/idg/targets/Q96PR1,Q96PR1,"Transmembrane helix",http://www.uniprot.org/keywords/KW-1133
https://pharos.nih.gov/idg/targets/Q96PR1,Q96PR1,"Chromosomal rearrangement",http://www.uniprot.org/keywords/KW-0160
https://pharos.nih.gov/idg/targets/Q96PR1,Q96PR1,Transport,http://www.uniprot.org/keywords/KW-0813
https://pharos.nih.gov/idg/targets/Q96PR1,Q96PR1,"Ion channel",http://www.uniprot.org/keywords/KW-0407
https://pharos.nih.gov/idg/targets/Q96PR1,Q96PR1,"Ion transport",http://www.uniprot.org/keywords/KW-0406
https://pharos.nih.gov/idg/targets/Q96PR1,Q96PR1,"Cell junction",http://www.uniprot.org/keywords/KW-0965
https://pharos.nih.gov/idg/targets/Q96PR1,Q96PR1,"Postsynaptic cell membrane",http://www.uniprot.org/keywords/KW-0628
https://pharos.nih.gov/idg/targets/Q96PR1,Q96PR1,Synapse,http://www.uniprot.org/keywords/KW-0770
https://pharos.nih.gov/idg/targets/Q96PR1,Q96PR1,"Voltage-gated channel",http://www.uniprot.org/keywords/KW-0851
https://pharos.nih.gov/idg/targets/Q96PR1,Q96PR1,Potassium,http://www.uniprot.org/keywords/KW-0630
https://pharos.nih.gov/idg/targets/Q96PR1,Q96PR1,"Potassium transport",http://www.uniprot.org/keywords/KW-0633
https://pharos.nih.gov/idg/targets/Q96PR1,Q96PR1,Synaptosome,http://www.uniprot.org/keywords/KW-0771
https://pharos.nih.gov/idg/targets/Q96PR1,Q96PR1,"Potassium channel",http://www.uniprot.org/keywords/KW-0631
https://pharos.nih.gov/idg/targets/Q9ULD8,Q9ULD8,"Complete proteome",http://www.uniprot.org/keywords/KW-0181
https://pharos.nih.gov/idg/targets/Q9ULD8,Q9ULD8,"Reference proteome",http://www.uniprot.org/keywords/KW-1185
https://pharos.nih.gov/idg/targets/Q9ULD8,Q9ULD8,Glycoprotein,http://www.uniprot.org/keywords/KW-0325
https://pharos.nih.gov/idg/targets/Q9ULD8,Q9ULD8,Membrane,http://www.uniprot.org/keywords/KW-0472
https://pharos.nih.gov/idg/targets/Q9ULD8,Q9ULD8,Transmembrane,http://www.uniprot.org/keywords/KW-0812
https://pharos.nih.gov/idg/targets/Q9ULD8,Q9ULD8,"Transmembrane helix",http://www.uniprot.org/keywords/KW-1133
https://pharos.nih.gov/idg/targets/Q9ULD8,Q9ULD8,Transport,http://www.uniprot.org/keywords/KW-0813
https://pharos.nih.gov/idg/targets/Q9ULD8,Q9ULD8,"Ion channel",http://www.uniprot.org/keywords/KW-0407
https://pharos.nih.gov/idg/targets/Q9ULD8,Q9ULD8,"Ion transport",http://www.uniprot.org/keywords/KW-0406
https://pharos.nih.gov/idg/targets/Q9ULD8,Q9ULD8,"Voltage-gated channel",http://www.uniprot.org/keywords/KW-0851
https://pharos.nih.gov/idg/targets/Q9ULD8,Q9ULD8,Potassium,http://www.uniprot.org/keywords/KW-0630
https://pharos.nih.gov/idg/targets/Q9ULD8,Q9ULD8,"Potassium transport",http://www.uniprot.org/keywords/KW-0633
https://pharos.nih.gov/idg/targets/Q9ULD8,Q9ULD8,"Potassium channel",http://www.uniprot.org/keywords/KW-0631
https://pharos.nih.gov/idg/targets/Q9UK17,Q9UK17,"Complete proteome",http://www.uniprot.org/keywords/KW-0181
https://pharos.nih.gov/idg/targets/Q9UK17,Q9UK17,Metal-binding,http://www.uniprot.org/keywords/KW-0479
https://pharos.nih.gov/idg/targets/Q9UK17,Q9UK17,Polymorphism,http://www.uniprot.org/keywords/KW-0621
https://pharos.nih.gov/idg/targets/Q9UK17,Q9UK17,"Reference proteome",http://www.uniprot.org/keywords/KW-1185
https://pharos.nih.gov/idg/targets/Q9UK17,Q9UK17,Zinc,http://www.uniprot.org/keywords/KW-0862
https://pharos.nih.gov/idg/targets/Q9UK17,Q9UK17,"Alternative splicing",http://www.uniprot.org/keywords/KW-0025
https://pharos.nih.gov/idg/targets/Q9UK17,Q9UK17,"Cell projection",http://www.uniprot.org/keywords/KW-0966
https://pharos.nih.gov/idg/targets/Q9UK17,Q9UK17,"Disease mutation",http://www.uniprot.org/keywords/KW-0225
https://pharos.nih.gov/idg/targets/Q9UK17,Q9UK17,Phosphoprotein,http://www.uniprot.org/keywords/KW-0597
https://pharos.nih.gov/idg/targets/Q9UK17,Q9UK17,"Cell membrane",http://www.uniprot.org/keywords/KW-1003
https://pharos.nih.gov/idg/targets/Q9UK17,Q9UK17,Membrane,http://www.uniprot.org/keywords/KW-0472
https://pharos.nih.gov/idg/targets/Q9UK17,Q9UK17,Transmembrane,http://www.uniprot.org/keywords/KW-0812
https://pharos.nih.gov/idg/targets/Q9UK17,Q9UK17,"Transmembrane helix",http://www.uniprot.org/keywords/KW-1133
https://pharos.nih.gov/idg/targets/Q9UK17,Q9UK17,3D-structure,http://www.uniprot.org/keywords/KW-0002
https://pharos.nih.gov/idg/targets/Q9UK17,Q9UK17,Transport,http://www.uniprot.org/keywords/KW-0813
https://pharos.nih.gov/idg/targets/Q9UK17,Q9UK17,"Ion channel",http://www.uniprot.org/keywords/KW-0407
https://pharos.nih.gov/idg/targets/Q9UK17,Q9UK17,"Ion transport",http://www.uniprot.org/keywords/KW-0406
https://pharos.nih.gov/idg/targets/Q9UK17,Q9UK17,Neurodegeneration,http://www.uniprot.org/keywords/KW-0523
https://pharos.nih.gov/idg/targets/Q9UK17,Q9UK17,"Voltage-gated channel",http://www.uniprot.org/keywords/KW-0851
https://pharos.nih.gov/idg/targets/Q9UK17,Q9UK17,Potassium,http://www.uniprot.org/keywords/KW-0630
https://pharos.nih.gov/idg/targets/Q9UK17,Q9UK17,"Potassium transport",http://www.uniprot.org/keywords/KW-0633
https://pharos.nih.gov/idg/targets/Q9UK17,Q9UK17,"Potassium channel",http://www.uniprot.org/keywords/KW-0631
https://pharos.nih.gov/idg/targets/Q9UK17,Q9UK17,"Spinocerebellar ataxia",http://www.uniprot.org/keywords/KW-0950
https://pharos.nih.gov/idg/targets/Q9UK17,Q9UK17,"Brugada syndrome",http://www.uniprot.org/keywords/KW-0992
https://pharos.nih.gov/idg/targets/Q9UIX4,Q9UIX4,"Complete proteome",http://www.uniprot.org/keywords/KW-0181
https://pharos.nih.gov/idg/targets/Q9UIX4,Q9UIX4,Polymorphism,http://www.uniprot.org/keywords/KW-0621
https://pharos.nih.gov/idg/targets/Q9UIX4,Q9UIX4,"Reference proteome",http://www.uniprot.org/keywords/KW-1185
https://pharos.nih.gov/idg/targets/Q9UIX4,Q9UIX4,"Alternative splicing",http://www.uniprot.org/keywords/KW-0025
https://pharos.nih.gov/idg/targets/Q9UIX4,Q9UIX4,"Cell membrane",http://www.uniprot.org/keywords/KW-1003
https://pharos.nih.gov/idg/targets/Q9UIX4,Q9UIX4,Membrane,http://www.uniprot.org/keywords/KW-0472
https://pharos.nih.gov/idg/targets/Q9UIX4,Q9UIX4,Transmembrane,http://www.uniprot.org/keywords/KW-0812
https://pharos.nih.gov/idg/targets/Q9UIX4,Q9UIX4,"Transmembrane helix",http://www.uniprot.org/keywords/KW-1133
https://pharos.nih.gov/idg/targets/Q9UIX4,Q9UIX4,Transport,http://www.uniprot.org/keywords/KW-0813
https://pharos.nih.gov/idg/targets/Q9UIX4,Q9UIX4,"Ion channel",http://www.uniprot.org/keywords/KW-0407
https://pharos.nih.gov/idg/targets/Q9UIX4,Q9UIX4,"Ion transport",http://www.uniprot.org/keywords/KW-0406
https://pharos.nih.gov/idg/targets/Q9UIX4,Q9UIX4,"Voltage-gated channel",http://www.uniprot.org/keywords/KW-0851
https://pharos.nih.gov/idg/targets/Q9UIX4,Q9UIX4,Potassium,http://www.uniprot.org/keywords/KW-0630
https://pharos.nih.gov/idg/targets/Q9UIX4,Q9UIX4,"Potassium transport",http://www.uniprot.org/keywords/KW-0633
https://pharos.nih.gov/idg/targets/Q9UIX4,Q9UIX4,"Potassium channel",http://www.uniprot.org/keywords/KW-0631
https://pharos.nih.gov/idg/targets/Q14721,Q14721,"Complete proteome",http://www.uniprot.org/keywords/KW-0181
https://pharos.nih.gov/idg/targets/Q14721,Q14721,Polymorphism,http://www.uniprot.org/keywords/KW-0621
https://pharos.nih.gov/idg/targets/Q14721,Q14721,"Reference proteome",http://www.uniprot.org/keywords/KW-1185
https://pharos.nih.gov/idg/targets/Q14721,Q14721,"Cell projection",http://www.uniprot.org/keywords/KW-0966
https://pharos.nih.gov/idg/targets/Q14721,Q14721,"Disease mutation",http://www.uniprot.org/keywords/KW-0225
https://pharos.nih.gov/idg/targets/Q14721,Q14721,"Isopeptide bond",http://www.uniprot.org/keywords/KW-1017
https://pharos.nih.gov/idg/targets/Q14721,Q14721,Phosphoprotein,http://www.uniprot.org/keywords/KW-0597
https://pharos.nih.gov/idg/targets/Q14721,Q14721,"Ubl conjugation",http://www.uniprot.org/keywords/KW-0832
https://pharos.nih.gov/idg/targets/Q14721,Q14721,"Cell membrane",http://www.uniprot.org/keywords/KW-1003
https://pharos.nih.gov/idg/targets/Q14721,Q14721,Membrane,http://www.uniprot.org/keywords/KW-0472
https://pharos.nih.gov/idg/targets/Q14721,Q14721,Transmembrane,http://www.uniprot.org/keywords/KW-0812
https://pharos.nih.gov/idg/targets/Q14721,Q14721,"Transmembrane helix",http://www.uniprot.org/keywords/KW-1133
https://pharos.nih.gov/idg/targets/Q14721,Q14721,Transport,http://www.uniprot.org/keywords/KW-0813
https://pharos.nih.gov/idg/targets/Q14721,Q14721,"Ion channel",http://www.uniprot.org/keywords/KW-0407
https://pharos.nih.gov/idg/targets/Q14721,Q14721,"Ion transport",http://www.uniprot.org/keywords/KW-0406
https://pharos.nih.gov/idg/targets/Q14721,Q14721,"Cell junction",http://www.uniprot.org/keywords/KW-0965
https://pharos.nih.gov/idg/targets/Q14721,Q14721,"Postsynaptic cell membrane",http://www.uniprot.org/keywords/KW-0628
https://pharos.nih.gov/idg/targets/Q14721,Q14721,Synapse,http://www.uniprot.org/keywords/KW-0770
https://pharos.nih.gov/idg/targets/Q14721,Q14721,"Voltage-gated channel",http://www.uniprot.org/keywords/KW-0851
https://pharos.nih.gov/idg/targets/Q14721,Q14721,Potassium,http://www.uniprot.org/keywords/KW-0630
https://pharos.nih.gov/idg/targets/Q14721,Q14721,"Potassium transport",http://www.uniprot.org/keywords/KW-0633
https://pharos.nih.gov/idg/targets/Q14721,Q14721,Synaptosome,http://www.uniprot.org/keywords/KW-0771
https://pharos.nih.gov/idg/targets/Q14721,Q14721,Exocytosis,http://www.uniprot.org/keywords/KW-0268
https://pharos.nih.gov/idg/targets/Q14721,Q14721,"Potassium channel",http://www.uniprot.org/keywords/KW-0631
https://pharos.nih.gov/idg/targets/Q14721,Q14721,Epilepsy,http://www.uniprot.org/keywords/KW-0887
https://pharos.nih.gov/idg/targets/O43525,O43525,"Complete proteome",http://www.uniprot.org/keywords/KW-0181
https://pharos.nih.gov/idg/targets/O43525,O43525,Polymorphism,http://www.uniprot.org/keywords/KW-0621
https://pharos.nih.gov/idg/targets/O43525,O43525,"Reference proteome",http://www.uniprot.org/keywords/KW-1185
https://pharos.nih.gov/idg/targets/O43525,O43525,"Alternative splicing",http://www.uniprot.org/keywords/KW-0025
https://pharos.nih.gov/idg/targets/O43525,O43525,"Disease mutation",http://www.uniprot.org/keywords/KW-0225
https://pharos.nih.gov/idg/targets/O43525,O43525,Phosphoprotein,http://www.uniprot.org/keywords/KW-0597
https://pharos.nih.gov/idg/targets/O43525,O43525,"Cell membrane",http://www.uniprot.org/keywords/KW-1003
https://pharos.nih.gov/idg/targets/O43525,O43525,Membrane,http://www.uniprot.org/keywords/KW-0472
https://pharos.nih.gov/idg/targets/O43525,O43525,Transmembrane,http://www.uniprot.org/keywords/KW-0812
https://pharos.nih.gov/idg/targets/O43525,O43525,"Transmembrane helix",http://www.uniprot.org/keywords/KW-1133
https://pharos.nih.gov/idg/targets/O43525,O43525,3D-structure,http://www.uniprot.org/keywords/KW-0002
https://pharos.nih.gov/idg/targets/O43525,O43525,Transport,http://www.uniprot.org/keywords/KW-0813
https://pharos.nih.gov/idg/targets/O43525,O43525,"Ion channel",http://www.uniprot.org/keywords/KW-0407
https://pharos.nih.gov/idg/targets/O43525,O43525,"Ion transport",http://www.uniprot.org/keywords/KW-0406
https://pharos.nih.gov/idg/targets/O43525,O43525,"Voltage-gated channel",http://www.uniprot.org/keywords/KW-0851
https://pharos.nih.gov/idg/targets/O43525,O43525,Potassium,http://www.uniprot.org/keywords/KW-0630
https://pharos.nih.gov/idg/targets/O43525,O43525,"Potassium transport",http://www.uniprot.org/keywords/KW-0633
https://pharos.nih.gov/idg/targets/O43525,O43525,"Potassium channel",http://www.uniprot.org/keywords/KW-0631
https://pharos.nih.gov/idg/targets/O43525,O43525,Epilepsy,http://www.uniprot.org/keywords/KW-0887
https://pharos.nih.gov/idg/targets/Q12791,Q12791,"Complete proteome",http://www.uniprot.org/keywords/KW-0181
https://pharos.nih.gov/idg/targets/Q12791,Q12791,Metal-binding,http://www.uniprot.org/keywords/KW-0479
https://pharos.nih.gov/idg/targets/Q12791,Q12791,"Reference proteome",http://www.uniprot.org/keywords/KW-1185
https://pharos.nih.gov/idg/targets/Q12791,Q12791,"Alternative splicing",http://www.uniprot.org/keywords/KW-0025
https://pharos.nih.gov/idg/targets/Q12791,Q12791,"Disease mutation",http://www.uniprot.org/keywords/KW-0225
https://pharos.nih.gov/idg/targets/Q12791,Q12791,Phosphoprotein,http://www.uniprot.org/keywords/KW-0597
https://pharos.nih.gov/idg/targets/Q12791,Q12791,"Cell membrane",http://www.uniprot.org/keywords/KW-1003
https://pharos.nih.gov/idg/targets/Q12791,Q12791,Membrane,http://www.uniprot.org/keywords/KW-0472
https://pharos.nih.gov/idg/targets/Q12791,Q12791,Transmembrane,http://www.uniprot.org/keywords/KW-0812
https://pharos.nih.gov/idg/targets/Q12791,Q12791,"Transmembrane helix",http://www.uniprot.org/keywords/KW-1133
https://pharos.nih.gov/idg/targets/Q12791,Q12791,3D-structure,http://www.uniprot.org/keywords/KW-0002
https://pharos.nih.gov/idg/targets/Q12791,Q12791,Lipoprotein,http://www.uniprot.org/keywords/KW-0449
https://pharos.nih.gov/idg/targets/Q12791,Q12791,Palmitate,http://www.uniprot.org/keywords/KW-0564
https://pharos.nih.gov/idg/targets/Q12791,Q12791,Calcium,http://www.uniprot.org/keywords/KW-0106
https://pharos.nih.gov/idg/targets/Q12791,Q12791,Transport,http://www.uniprot.org/keywords/KW-0813
https://pharos.nih.gov/idg/targets/Q12791,Q12791,"Ion channel",http://www.uniprot.org/keywords/KW-0407
https://pharos.nih.gov/idg/targets/Q12791,Q12791,"Ion transport",http://www.uniprot.org/keywords/KW-0406
https://pharos.nih.gov/idg/targets/Q12791,Q12791,Magnesium,http://www.uniprot.org/keywords/KW-0460
https://pharos.nih.gov/idg/targets/Q12791,Q12791,"Voltage-gated channel",http://www.uniprot.org/keywords/KW-0851
https://pharos.nih.gov/idg/targets/Q12791,Q12791,Potassium,http://www.uniprot.org/keywords/KW-0630
https://pharos.nih.gov/idg/targets/Q12791,Q12791,"Potassium transport",http://www.uniprot.org/keywords/KW-0633
https://pharos.nih.gov/idg/targets/Q12791,Q12791,"Potassium channel",http://www.uniprot.org/keywords/KW-0631
https://pharos.nih.gov/idg/targets/Q12791,Q12791,Epilepsy,http://www.uniprot.org/keywords/KW-0887
https://pharos.nih.gov/idg/targets/Q12809,Q12809,"Complete proteome",http://www.uniprot.org/keywords/KW-0181
https://pharos.nih.gov/idg/targets/Q12809,Q12809,Polymorphism,http://www.uniprot.org/keywords/KW-0621
https://pharos.nih.gov/idg/targets/Q12809,Q12809,"Reference proteome",http://www.uniprot.org/keywords/KW-1185
https://pharos.nih.gov/idg/targets/Q12809,Q12809,"Alternative splicing",http://www.uniprot.org/keywords/KW-0025
https://pharos.nih.gov/idg/targets/Q12809,Q12809,"Disease mutation",http://www.uniprot.org/keywords/KW-0225
https://pharos.nih.gov/idg/targets/Q12809,Q12809,Phosphoprotein,http://www.uniprot.org/keywords/KW-0597
https://pharos.nih.gov/idg/targets/Q12809,Q12809,"Cell membrane",http://www.uniprot.org/keywords/KW-1003
https://pharos.nih.gov/idg/targets/Q12809,Q12809,Glycoprotein,http://www.uniprot.org/keywords/KW-0325
https://pharos.nih.gov/idg/targets/Q12809,Q12809,Membrane,http://www.uniprot.org/keywords/KW-0472
https://pharos.nih.gov/idg/targets/Q12809,Q12809,Transmembrane,http://www.uniprot.org/keywords/KW-0812
https://pharos.nih.gov/idg/targets/Q12809,Q12809,"Transmembrane helix",http://www.uniprot.org/keywords/KW-1133
https://pharos.nih.gov/idg/targets/Q12809,Q12809,3D-structure,http://www.uniprot.org/keywords/KW-0002
https://pharos.nih.gov/idg/targets/Q12809,Q12809,Methylation,http://www.uniprot.org/keywords/KW-0488
https://pharos.nih.gov/idg/targets/Q12809,Q12809,Transport,http://www.uniprot.org/keywords/KW-0813
https://pharos.nih.gov/idg/targets/Q12809,Q12809,"Ion channel",http://www.uniprot.org/keywords/KW-0407
https://pharos.nih.gov/idg/targets/Q12809,Q12809,"Ion transport",http://www.uniprot.org/keywords/KW-0406
https://pharos.nih.gov/idg/targets/Q12809,Q12809,"Voltage-gated channel",http://www.uniprot.org/keywords/KW-0851
https://pharos.nih.gov/idg/targets/Q12809,Q12809,Deafness,http://www.uniprot.org/keywords/KW-0209
https://pharos.nih.gov/idg/targets/Q12809,Q12809,Potassium,http://www.uniprot.org/keywords/KW-0630
https://pharos.nih.gov/idg/targets/Q12809,Q12809,"Potassium transport",http://www.uniprot.org/keywords/KW-0633
https://pharos.nih.gov/idg/targets/Q12809,Q12809,"Potassium channel",http://www.uniprot.org/keywords/KW-0631
https://pharos.nih.gov/idg/targets/Q12809,Q12809,"Long QT syndrome",http://www.uniprot.org/keywords/KW-0454
https://pharos.nih.gov/idg/targets/Q12809,Q12809,"Short QT syndrome",http://www.uniprot.org/keywords/KW-0940
https://pharos.nih.gov/idg/targets/P51787,P51787,"Complete proteome",http://www.uniprot.org/keywords/KW-0181
https://pharos.nih.gov/idg/targets/P51787,P51787,Polymorphism,http://www.uniprot.org/keywords/KW-0621
https://pharos.nih.gov/idg/targets/P51787,P51787,"Reference proteome",http://www.uniprot.org/keywords/KW-1185
https://pharos.nih.gov/idg/targets/P51787,P51787,"Alternative splicing",http://www.uniprot.org/keywords/KW-0025
https://pharos.nih.gov/idg/targets/P51787,P51787,"Disease mutation",http://www.uniprot.org/keywords/KW-0225
https://pharos.nih.gov/idg/targets/P51787,P51787,Phosphoprotein,http://www.uniprot.org/keywords/KW-0597
https://pharos.nih.gov/idg/targets/P51787,P51787,"Ubl conjugation",http://www.uniprot.org/keywords/KW-0832
https://pharos.nih.gov/idg/targets/P51787,P51787,"Cell membrane",http://www.uniprot.org/keywords/KW-1003
https://pharos.nih.gov/idg/targets/P51787,P51787,Glycoprotein,http://www.uniprot.org/keywords/KW-0325
https://pharos.nih.gov/idg/targets/P51787,P51787,Membrane,http://www.uniprot.org/keywords/KW-0472
https://pharos.nih.gov/idg/targets/P51787,P51787,Transmembrane,http://www.uniprot.org/keywords/KW-0812
https://pharos.nih.gov/idg/targets/P51787,P51787,"Transmembrane helix",http://www.uniprot.org/keywords/KW-1133
https://pharos.nih.gov/idg/targets/P51787,P51787,3D-structure,http://www.uniprot.org/keywords/KW-0002
https://pharos.nih.gov/idg/targets/P51787,P51787,"Endoplasmic reticulum",http://www.uniprot.org/keywords/KW-0256
https://pharos.nih.gov/idg/targets/P51787,P51787,"Coiled coil",http://www.uniprot.org/keywords/KW-0175
https://pharos.nih.gov/idg/targets/P51787,P51787,Transport,http://www.uniprot.org/keywords/KW-0813
https://pharos.nih.gov/idg/targets/P51787,P51787,"Ion channel",http://www.uniprot.org/keywords/KW-0407
https://pharos.nih.gov/idg/targets/P51787,P51787,"Ion transport",http://www.uniprot.org/keywords/KW-0406
https://pharos.nih.gov/idg/targets/P51787,P51787,"Cytoplasmic vesicle",http://www.uniprot.org/keywords/KW-0968
https://pharos.nih.gov/idg/targets/P51787,P51787,Endosome,http://www.uniprot.org/keywords/KW-0967
https://pharos.nih.gov/idg/targets/P51787,P51787,Calmodulin-binding,http://www.uniprot.org/keywords/KW-0112
https://pharos.nih.gov/idg/targets/P51787,P51787,"Voltage-gated channel",http://www.uniprot.org/keywords/KW-0851
https://pharos.nih.gov/idg/targets/P51787,P51787,Deafness,http://www.uniprot.org/keywords/KW-0209
https://pharos.nih.gov/idg/targets/P51787,P51787,Potassium,http://www.uniprot.org/keywords/KW-0630
https://pharos.nih.gov/idg/targets/P51787,P51787,"Potassium transport",http://www.uniprot.org/keywords/KW-0633
https://pharos.nih.gov/idg/targets/P51787,P51787,"Potassium channel",http://www.uniprot.org/keywords/KW-0631
https://pharos.nih.gov/idg/targets/P51787,P51787,"Diabetes mellitus",http://www.uniprot.org/keywords/KW-0219
https://pharos.nih.gov/idg/targets/P51787,P51787,"Long QT syndrome",http://www.uniprot.org/keywords/KW-0454
https://pharos.nih.gov/idg/targets/P51787,P51787,"Atrial fibrillation",http://www.uniprot.org/keywords/KW-1020
https://pharos.nih.gov/idg/targets/P51787,P51787,"Short QT syndrome",http://www.uniprot.org/keywords/KW-0940
https://pharos.nih.gov/idg/targets/O95259,O95259,"Complete proteome",http://www.uniprot.org/keywords/KW-0181
https://pharos.nih.gov/idg/targets/O95259,O95259,Nucleus,http://www.uniprot.org/keywords/KW-0539
https://pharos.nih.gov/idg/targets/O95259,O95259,"Reference proteome",http://www.uniprot.org/keywords/KW-1185
https://pharos.nih.gov/idg/targets/O95259,O95259,"Alternative splicing",http://www.uniprot.org/keywords/KW-0025
https://pharos.nih.gov/idg/targets/O95259,O95259,"Cell projection",http://www.uniprot.org/keywords/KW-0966
https://pharos.nih.gov/idg/targets/O95259,O95259,"Disease mutation",http://www.uniprot.org/keywords/KW-0225
https://pharos.nih.gov/idg/targets/O95259,O95259,"Mental retardation",http://www.uniprot.org/keywords/KW-0991
https://pharos.nih.gov/idg/targets/O95259,O95259,Phosphoprotein,http://www.uniprot.org/keywords/KW-0597
https://pharos.nih.gov/idg/targets/O95259,O95259,"Cell membrane",http://www.uniprot.org/keywords/KW-1003
https://pharos.nih.gov/idg/targets/O95259,O95259,Glycoprotein,http://www.uniprot.org/keywords/KW-0325
https://pharos.nih.gov/idg/targets/O95259,O95259,Membrane,http://www.uniprot.org/keywords/KW-0472
https://pharos.nih.gov/idg/targets/O95259,O95259,Transmembrane,http://www.uniprot.org/keywords/KW-0812
https://pharos.nih.gov/idg/targets/O95259,O95259,"Transmembrane helix",http://www.uniprot.org/keywords/KW-1133
https://pharos.nih.gov/idg/targets/O95259,O95259,3D-structure,http://www.uniprot.org/keywords/KW-0002
https://pharos.nih.gov/idg/targets/O95259,O95259,Transport,http://www.uniprot.org/keywords/KW-0813
https://pharos.nih.gov/idg/targets/O95259,O95259,"Ion channel",http://www.uniprot.org/keywords/KW-0407
https://pharos.nih.gov/idg/targets/O95259,O95259,"Ion transport",http://www.uniprot.org/keywords/KW-0406
https://pharos.nih.gov/idg/targets/O95259,O95259,Endosome,http://www.uniprot.org/keywords/KW-0967
https://pharos.nih.gov/idg/targets/O95259,O95259,"Cell junction",http://www.uniprot.org/keywords/KW-0965
https://pharos.nih.gov/idg/targets/O95259,O95259,Lipid-binding,http://www.uniprot.org/keywords/KW-0446
https://pharos.nih.gov/idg/targets/O95259,O95259,"Postsynaptic cell membrane",http://www.uniprot.org/keywords/KW-0628
https://pharos.nih.gov/idg/targets/O95259,O95259,Synapse,http://www.uniprot.org/keywords/KW-0770
https://pharos.nih.gov/idg/targets/O95259,O95259,Calmodulin-binding,http://www.uniprot.org/keywords/KW-0112
https://pharos.nih.gov/idg/targets/O95259,O95259,"Voltage-gated channel",http://www.uniprot.org/keywords/KW-0851
https://pharos.nih.gov/idg/targets/O95259,O95259,Potassium,http://www.uniprot.org/keywords/KW-0630
https://pharos.nih.gov/idg/targets/O95259,O95259,"Potassium transport",http://www.uniprot.org/keywords/KW-0633
https://pharos.nih.gov/idg/targets/O95259,O95259,"Potassium channel",http://www.uniprot.org/keywords/KW-0631
https://pharos.nih.gov/idg/targets/O95259,O95259,Epilepsy,http://www.uniprot.org/keywords/KW-0887
https://pharos.nih.gov/idg/targets/P56696,P56696,"Complete proteome",http://www.uniprot.org/keywords/KW-0181
https://pharos.nih.gov/idg/targets/P56696,P56696,"Reference proteome",http://www.uniprot.org/keywords/KW-1185
https://pharos.nih.gov/idg/targets/P56696,P56696,"Alternative splicing",http://www.uniprot.org/keywords/KW-0025
https://pharos.nih.gov/idg/targets/P56696,P56696,"Disease mutation",http://www.uniprot.org/keywords/KW-0225
https://pharos.nih.gov/idg/targets/P56696,P56696,"Cell membrane",http://www.uniprot.org/keywords/KW-1003
https://pharos.nih.gov/idg/targets/P56696,P56696,Membrane,http://www.uniprot.org/keywords/KW-0472
https://pharos.nih.gov/idg/targets/P56696,P56696,Transmembrane,http://www.uniprot.org/keywords/KW-0812
https://pharos.nih.gov/idg/targets/P56696,P56696,"Transmembrane helix",http://www.uniprot.org/keywords/KW-1133
https://pharos.nih.gov/idg/targets/P56696,P56696,3D-structure,http://www.uniprot.org/keywords/KW-0002
https://pharos.nih.gov/idg/targets/P56696,P56696,"Coiled coil",http://www.uniprot.org/keywords/KW-0175
https://pharos.nih.gov/idg/targets/P56696,P56696,Transport,http://www.uniprot.org/keywords/KW-0813
https://pharos.nih.gov/idg/targets/P56696,P56696,"Ion channel",http://www.uniprot.org/keywords/KW-0407
https://pharos.nih.gov/idg/targets/P56696,P56696,"Ion transport",http://www.uniprot.org/keywords/KW-0406
https://pharos.nih.gov/idg/targets/P56696,P56696,"Voltage-gated channel",http://www.uniprot.org/keywords/KW-0851
https://pharos.nih.gov/idg/targets/P56696,P56696,Deafness,http://www.uniprot.org/keywords/KW-0209
https://pharos.nih.gov/idg/targets/P56696,P56696,Potassium,http://www.uniprot.org/keywords/KW-0630
https://pharos.nih.gov/idg/targets/P56696,P56696,"Potassium transport",http://www.uniprot.org/keywords/KW-0633
https://pharos.nih.gov/idg/targets/P56696,P56696,"Potassium channel",http://www.uniprot.org/keywords/KW-0631
https://pharos.nih.gov/idg/targets/P56696,P56696,Hearing,http://www.uniprot.org/keywords/KW-1009
https://pharos.nih.gov/idg/targets/P56696,P56696,"Non-syndromic deafness",http://www.uniprot.org/keywords/KW-1010
https://pharos.nih.gov/idg/targets/Q09470,Q09470,"Complete proteome",http://www.uniprot.org/keywords/KW-0181
https://pharos.nih.gov/idg/targets/Q09470,Q09470,Polymorphism,http://www.uniprot.org/keywords/KW-0621
https://pharos.nih.gov/idg/targets/Q09470,Q09470,"Reference proteome",http://www.uniprot.org/keywords/KW-1185
https://pharos.nih.gov/idg/targets/Q09470,Q09470,"Cell projection",http://www.uniprot.org/keywords/KW-0966
https://pharos.nih.gov/idg/targets/Q09470,Q09470,"Disease mutation",http://www.uniprot.org/keywords/KW-0225
https://pharos.nih.gov/idg/targets/Q09470,Q09470,Phosphoprotein,http://www.uniprot.org/keywords/KW-0597
https://pharos.nih.gov/idg/targets/Q09470,Q09470,"Cell membrane",http://www.uniprot.org/keywords/KW-1003
https://pharos.nih.gov/idg/targets/Q09470,Q09470,Glycoprotein,http://www.uniprot.org/keywords/KW-0325
https://pharos.nih.gov/idg/targets/Q09470,Q09470,Membrane,http://www.uniprot.org/keywords/KW-0472
https://pharos.nih.gov/idg/targets/Q09470,Q09470,Transmembrane,http://www.uniprot.org/keywords/KW-0812
https://pharos.nih.gov/idg/targets/Q09470,Q09470,"Transmembrane helix",http://www.uniprot.org/keywords/KW-1133
https://pharos.nih.gov/idg/targets/Q09470,Q09470,3D-structure,http://www.uniprot.org/keywords/KW-0002
https://pharos.nih.gov/idg/targets/Q09470,Q09470,"Endoplasmic reticulum",http://www.uniprot.org/keywords/KW-0256
https://pharos.nih.gov/idg/targets/Q09470,Q09470,Lipoprotein,http://www.uniprot.org/keywords/KW-0449
https://pharos.nih.gov/idg/targets/Q09470,Q09470,Palmitate,http://www.uniprot.org/keywords/KW-0564
https://pharos.nih.gov/idg/targets/Q09470,Q09470,Transport,http://www.uniprot.org/keywords/KW-0813
https://pharos.nih.gov/idg/targets/Q09470,Q09470,"Ion channel",http://www.uniprot.org/keywords/KW-0407
https://pharos.nih.gov/idg/targets/Q09470,Q09470,"Ion transport",http://www.uniprot.org/keywords/KW-0406
https://pharos.nih.gov/idg/targets/Q09470,Q09470,"Cytoplasmic vesicle",http://www.uniprot.org/keywords/KW-0968
https://pharos.nih.gov/idg/targets/Q09470,Q09470,"Cell junction",http://www.uniprot.org/keywords/KW-0965
https://pharos.nih.gov/idg/targets/Q09470,Q09470,Synapse,http://www.uniprot.org/keywords/KW-0770
https://pharos.nih.gov/idg/targets/Q09470,Q09470,"Voltage-gated channel",http://www.uniprot.org/keywords/KW-0851
https://pharos.nih.gov/idg/targets/Q09470,Q09470,Potassium,http://www.uniprot.org/keywords/KW-0630
https://pharos.nih.gov/idg/targets/Q09470,Q09470,"Potassium transport",http://www.uniprot.org/keywords/KW-0633
https://pharos.nih.gov/idg/targets/Q09470,Q09470,"Potassium channel",http://www.uniprot.org/keywords/KW-0631
https://pharos.nih.gov/idg/targets/Q09470,Q09470,"RNA editing",http://www.uniprot.org/keywords/KW-0691
https://pharos.nih.gov/idg/targets/Q8NCM2,Q8NCM2,"Complete proteome",http://www.uniprot.org/keywords/KW-0181
https://pharos.nih.gov/idg/targets/Q8NCM2,Q8NCM2,Polymorphism,http://www.uniprot.org/keywords/KW-0621
https://pharos.nih.gov/idg/targets/Q8NCM2,Q8NCM2,"Reference proteome",http://www.uniprot.org/keywords/KW-1185
https://pharos.nih.gov/idg/targets/Q8NCM2,Q8NCM2,"Alternative splicing",http://www.uniprot.org/keywords/KW-0025
https://pharos.nih.gov/idg/targets/Q8NCM2,Q8NCM2,"Isopeptide bond",http://www.uniprot.org/keywords/KW-1017
https://pharos.nih.gov/idg/targets/Q8NCM2,Q8NCM2,Phosphoprotein,http://www.uniprot.org/keywords/KW-0597
https://pharos.nih.gov/idg/targets/Q8NCM2,Q8NCM2,"Ubl conjugation",http://www.uniprot.org/keywords/KW-0832
https://pharos.nih.gov/idg/targets/Q8NCM2,Q8NCM2,Glycoprotein,http://www.uniprot.org/keywords/KW-0325
https://pharos.nih.gov/idg/targets/Q8NCM2,Q8NCM2,Membrane,http://www.uniprot.org/keywords/KW-0472
https://pharos.nih.gov/idg/targets/Q8NCM2,Q8NCM2,Transmembrane,http://www.uniprot.org/keywords/KW-0812
https://pharos.nih.gov/idg/targets/Q8NCM2,Q8NCM2,"Transmembrane helix",http://www.uniprot.org/keywords/KW-1133
https://pharos.nih.gov/idg/targets/Q8NCM2,Q8NCM2,Transport,http://www.uniprot.org/keywords/KW-0813
https://pharos.nih.gov/idg/targets/Q8NCM2,Q8NCM2,"Ion channel",http://www.uniprot.org/keywords/KW-0407
https://pharos.nih.gov/idg/targets/Q8NCM2,Q8NCM2,"Ion transport",http://www.uniprot.org/keywords/KW-0406
https://pharos.nih.gov/idg/targets/Q8NCM2,Q8NCM2,Calmodulin-binding,http://www.uniprot.org/keywords/KW-0112
https://pharos.nih.gov/idg/targets/Q8NCM2,Q8NCM2,"Voltage-gated channel",http://www.uniprot.org/keywords/KW-0851
https://pharos.nih.gov/idg/targets/Q8NCM2,Q8NCM2,Potassium,http://www.uniprot.org/keywords/KW-0630
https://pharos.nih.gov/idg/targets/Q8NCM2,Q8NCM2,"Potassium transport",http://www.uniprot.org/keywords/KW-0633
https://pharos.nih.gov/idg/targets/Q8NCM2,Q8NCM2,"Potassium channel",http://www.uniprot.org/keywords/KW-0631
https://pharos.nih.gov/idg/targets/P48547,P48547,"Complete proteome",http://www.uniprot.org/keywords/KW-0181
https://pharos.nih.gov/idg/targets/P48547,P48547,"Reference proteome",http://www.uniprot.org/keywords/KW-1185
https://pharos.nih.gov/idg/targets/P48547,P48547,"Alternative splicing",http://www.uniprot.org/keywords/KW-0025
https://pharos.nih.gov/idg/targets/P48547,P48547,"Disease mutation",http://www.uniprot.org/keywords/KW-0225
https://pharos.nih.gov/idg/targets/P48547,P48547,Phosphoprotein,http://www.uniprot.org/keywords/KW-0597
https://pharos.nih.gov/idg/targets/P48547,P48547,"Cell membrane",http://www.uniprot.org/keywords/KW-1003
https://pharos.nih.gov/idg/targets/P48547,P48547,Glycoprotein,http://www.uniprot.org/keywords/KW-0325
https://pharos.nih.gov/idg/targets/P48547,P48547,Membrane,http://www.uniprot.org/keywords/KW-0472
https://pharos.nih.gov/idg/targets/P48547,P48547,Transmembrane,http://www.uniprot.org/keywords/KW-0812
https://pharos.nih.gov/idg/targets/P48547,P48547,"Transmembrane helix",http://www.uniprot.org/keywords/KW-1133
https://pharos.nih.gov/idg/targets/P48547,P48547,Transport,http://www.uniprot.org/keywords/KW-0813
https://pharos.nih.gov/idg/targets/P48547,P48547,"Ion channel",http://www.uniprot.org/keywords/KW-0407
https://pharos.nih.gov/idg/targets/P48547,P48547,"Ion transport",http://www.uniprot.org/keywords/KW-0406
https://pharos.nih.gov/idg/targets/P48547,P48547,"Voltage-gated channel",http://www.uniprot.org/keywords/KW-0851
https://pharos.nih.gov/idg/targets/P48547,P48547,Potassium,http://www.uniprot.org/keywords/KW-0630
https://pharos.nih.gov/idg/targets/P48547,P48547,"Potassium transport",http://www.uniprot.org/keywords/KW-0633
https://pharos.nih.gov/idg/targets/P48547,P48547,"Potassium channel",http://www.uniprot.org/keywords/KW-0631
https://pharos.nih.gov/idg/targets/P48547,P48547,Epilepsy,http://www.uniprot.org/keywords/KW-0887
https://pharos.nih.gov/idg/targets/P22001,P22001,"Complete proteome",http://www.uniprot.org/keywords/KW-0181
https://pharos.nih.gov/idg/targets/P22001,P22001,"Reference proteome",http://www.uniprot.org/keywords/KW-1185
https://pharos.nih.gov/idg/targets/P22001,P22001,Phosphoprotein,http://www.uniprot.org/keywords/KW-0597
https://pharos.nih.gov/idg/targets/P22001,P22001,"Cell membrane",http://www.uniprot.org/keywords/KW-1003
https://pharos.nih.gov/idg/targets/P22001,P22001,Glycoprotein,http://www.uniprot.org/keywords/KW-0325
https://pharos.nih.gov/idg/targets/P22001,P22001,Membrane,http://www.uniprot.org/keywords/KW-0472
https://pharos.nih.gov/idg/targets/P22001,P22001,Transmembrane,http://www.uniprot.org/keywords/KW-0812
https://pharos.nih.gov/idg/targets/P22001,P22001,"Transmembrane helix",http://www.uniprot.org/keywords/KW-1133
https://pharos.nih.gov/idg/targets/P22001,P22001,3D-structure,http://www.uniprot.org/keywords/KW-0002
https://pharos.nih.gov/idg/targets/P22001,P22001,Lipoprotein,http://www.uniprot.org/keywords/KW-0449
https://pharos.nih.gov/idg/targets/P22001,P22001,Palmitate,http://www.uniprot.org/keywords/KW-0564
https://pharos.nih.gov/idg/targets/P22001,P22001,Transport,http://www.uniprot.org/keywords/KW-0813
https://pharos.nih.gov/idg/targets/P22001,P22001,"Ion channel",http://www.uniprot.org/keywords/KW-0407
https://pharos.nih.gov/idg/targets/P22001,P22001,"Ion transport",http://www.uniprot.org/keywords/KW-0406
https://pharos.nih.gov/idg/targets/P22001,P22001,"Voltage-gated channel",http://www.uniprot.org/keywords/KW-0851
https://pharos.nih.gov/idg/targets/P22001,P22001,Potassium,http://www.uniprot.org/keywords/KW-0630
https://pharos.nih.gov/idg/targets/P22001,P22001,"Potassium transport",http://www.uniprot.org/keywords/KW-0633
https://pharos.nih.gov/idg/targets/P22001,P22001,"Potassium channel",http://www.uniprot.org/keywords/KW-0631
https://pharos.nih.gov/idg/targets/O15554,O15554,"Complete proteome",http://www.uniprot.org/keywords/KW-0181
https://pharos.nih.gov/idg/targets/O15554,O15554,"Reference proteome",http://www.uniprot.org/keywords/KW-1185
https://pharos.nih.gov/idg/targets/O15554,O15554,"Disease mutation",http://www.uniprot.org/keywords/KW-0225
https://pharos.nih.gov/idg/targets/O15554,O15554,Phosphoprotein,http://www.uniprot.org/keywords/KW-0597
https://pharos.nih.gov/idg/targets/O15554,O15554,"Cell membrane",http://www.uniprot.org/keywords/KW-1003
https://pharos.nih.gov/idg/targets/O15554,O15554,Membrane,http://www.uniprot.org/keywords/KW-0472
https://pharos.nih.gov/idg/targets/O15554,O15554,Transmembrane,http://www.uniprot.org/keywords/KW-0812
https://pharos.nih.gov/idg/targets/O15554,O15554,"Transmembrane helix",http://www.uniprot.org/keywords/KW-1133
https://pharos.nih.gov/idg/targets/O15554,O15554,Transport,http://www.uniprot.org/keywords/KW-0813
https://pharos.nih.gov/idg/targets/O15554,O15554,"Ion channel",http://www.uniprot.org/keywords/KW-0407
https://pharos.nih.gov/idg/targets/O15554,O15554,"Ion transport",http://www.uniprot.org/keywords/KW-0406
https://pharos.nih.gov/idg/targets/O15554,O15554,Immunity,http://www.uniprot.org/keywords/KW-0391
https://pharos.nih.gov/idg/targets/O15554,O15554,Calmodulin-binding,http://www.uniprot.org/keywords/KW-0112
https://pharos.nih.gov/idg/targets/O15554,O15554,"Hereditary hemolytic anemia",http://www.uniprot.org/keywords/KW-0360
https://pharos.nih.gov/idg/targets/P22459,P22459,"Complete proteome",http://www.uniprot.org/keywords/KW-0181
https://pharos.nih.gov/idg/targets/P22459,P22459,"Reference proteome",http://www.uniprot.org/keywords/KW-1185
https://pharos.nih.gov/idg/targets/P22459,P22459,"Cell projection",http://www.uniprot.org/keywords/KW-0966
https://pharos.nih.gov/idg/targets/P22459,P22459,Phosphoprotein,http://www.uniprot.org/keywords/KW-0597
https://pharos.nih.gov/idg/targets/P22459,P22459,"Cell membrane",http://www.uniprot.org/keywords/KW-1003
https://pharos.nih.gov/idg/targets/P22459,P22459,Glycoprotein,http://www.uniprot.org/keywords/KW-0325
https://pharos.nih.gov/idg/targets/P22459,P22459,Membrane,http://www.uniprot.org/keywords/KW-0472
https://pharos.nih.gov/idg/targets/P22459,P22459,Transmembrane,http://www.uniprot.org/keywords/KW-0812
https://pharos.nih.gov/idg/targets/P22459,P22459,"Transmembrane helix",http://www.uniprot.org/keywords/KW-1133
https://pharos.nih.gov/idg/targets/P22459,P22459,Transport,http://www.uniprot.org/keywords/KW-0813
https://pharos.nih.gov/idg/targets/P22459,P22459,"Ion channel",http://www.uniprot.org/keywords/KW-0407
https://pharos.nih.gov/idg/targets/P22459,P22459,"Ion transport",http://www.uniprot.org/keywords/KW-0406
https://pharos.nih.gov/idg/targets/P22459,P22459,"Voltage-gated channel",http://www.uniprot.org/keywords/KW-0851
https://pharos.nih.gov/idg/targets/P22459,P22459,Potassium,http://www.uniprot.org/keywords/KW-0630
https://pharos.nih.gov/idg/targets/P22459,P22459,"Potassium transport",http://www.uniprot.org/keywords/KW-0633
https://pharos.nih.gov/idg/targets/P22459,P22459,"Potassium channel",http://www.uniprot.org/keywords/KW-0631
https://pharos.nih.gov/idg/targets/Q9H3M0,Q9H3M0,"Complete proteome",http://www.uniprot.org/keywords/KW-0181
https://pharos.nih.gov/idg/targets/Q9H3M0,Q9H3M0,"Reference proteome",http://www.uniprot.org/keywords/KW-1185
https://pharos.nih.gov/idg/targets/Q9H3M0,Q9H3M0,Membrane,http://www.uniprot.org/keywords/KW-0472
https://pharos.nih.gov/idg/targets/Q9H3M0,Q9H3M0,Transmembrane,http://www.uniprot.org/keywords/KW-0812
https://pharos.nih.gov/idg/targets/Q9H3M0,Q9H3M0,"Transmembrane helix",http://www.uniprot.org/keywords/KW-1133
https://pharos.nih.gov/idg/targets/Q9H3M0,Q9H3M0,Transport,http://www.uniprot.org/keywords/KW-0813
https://pharos.nih.gov/idg/targets/Q9H3M0,Q9H3M0,"Ion channel",http://www.uniprot.org/keywords/KW-0407
https://pharos.nih.gov/idg/targets/Q9H3M0,Q9H3M0,"Ion transport",http://www.uniprot.org/keywords/KW-0406
https://pharos.nih.gov/idg/targets/Q9H3M0,Q9H3M0,"Voltage-gated channel",http://www.uniprot.org/keywords/KW-0851
https://pharos.nih.gov/idg/targets/Q9H3M0,Q9H3M0,Potassium,http://www.uniprot.org/keywords/KW-0630
https://pharos.nih.gov/idg/targets/Q9H3M0,Q9H3M0,"Potassium transport",http://www.uniprot.org/keywords/KW-0633
https://pharos.nih.gov/idg/targets/Q9H3M0,Q9H3M0,"Potassium channel",http://www.uniprot.org/keywords/KW-0631
https://pharos.nih.gov/idg/targets/Q92953,Q92953,"Complete proteome",http://www.uniprot.org/keywords/KW-0181
https://pharos.nih.gov/idg/targets/Q92953,Q92953,Polymorphism,http://www.uniprot.org/keywords/KW-0621
https://pharos.nih.gov/idg/targets/Q92953,Q92953,"Reference proteome",http://www.uniprot.org/keywords/KW-1185
https://pharos.nih.gov/idg/targets/Q92953,Q92953,"Cell projection",http://www.uniprot.org/keywords/KW-0966
https://pharos.nih.gov/idg/targets/Q92953,Q92953,Phosphoprotein,http://www.uniprot.org/keywords/KW-0597
https://pharos.nih.gov/idg/targets/Q92953,Q92953,"Cell membrane",http://www.uniprot.org/keywords/KW-1003
https://pharos.nih.gov/idg/targets/Q92953,Q92953,Glycoprotein,http://www.uniprot.org/keywords/KW-0325
https://pharos.nih.gov/idg/targets/Q92953,Q92953,Membrane,http://www.uniprot.org/keywords/KW-0472
https://pharos.nih.gov/idg/targets/Q92953,Q92953,Transmembrane,http://www.uniprot.org/keywords/KW-0812
https://pharos.nih.gov/idg/targets/Q92953,Q92953,"Transmembrane helix",http://www.uniprot.org/keywords/KW-1133
https://pharos.nih.gov/idg/targets/Q92953,Q92953,Transport,http://www.uniprot.org/keywords/KW-0813
https://pharos.nih.gov/idg/targets/Q92953,Q92953,"Ion channel",http://www.uniprot.org/keywords/KW-0407
https://pharos.nih.gov/idg/targets/Q92953,Q92953,"Ion transport",http://www.uniprot.org/keywords/KW-0406
https://pharos.nih.gov/idg/targets/Q92953,Q92953,"Voltage-gated channel",http://www.uniprot.org/keywords/KW-0851
https://pharos.nih.gov/idg/targets/Q92953,Q92953,Potassium,http://www.uniprot.org/keywords/KW-0630
https://pharos.nih.gov/idg/targets/Q92953,Q92953,"Potassium transport",http://www.uniprot.org/keywords/KW-0633
https://pharos.nih.gov/idg/targets/Q92953,Q92953,"Potassium channel",http://www.uniprot.org/keywords/KW-0631
https://pharos.nih.gov/idg/targets/Q9H2S1,Q9H2S1,"Complete proteome",http://www.uniprot.org/keywords/KW-0181
https://pharos.nih.gov/idg/targets/Q9H2S1,Q9H2S1,"Reference proteome",http://www.uniprot.org/keywords/KW-1185
https://pharos.nih.gov/idg/targets/Q9H2S1,Q9H2S1,"Alternative splicing",http://www.uniprot.org/keywords/KW-0025
https://pharos.nih.gov/idg/targets/Q9H2S1,Q9H2S1,Phosphoprotein,http://www.uniprot.org/keywords/KW-0597
https://pharos.nih.gov/idg/targets/Q9H2S1,Q9H2S1,Membrane,http://www.uniprot.org/keywords/KW-0472
https://pharos.nih.gov/idg/targets/Q9H2S1,Q9H2S1,Transmembrane,http://www.uniprot.org/keywords/KW-0812
https://pharos.nih.gov/idg/targets/Q9H2S1,Q9H2S1,"Transmembrane helix",http://www.uniprot.org/keywords/KW-1133
https://pharos.nih.gov/idg/targets/Q9H2S1,Q9H2S1,Transport,http://www.uniprot.org/keywords/KW-0813
https://pharos.nih.gov/idg/targets/Q9H2S1,Q9H2S1,"Ion channel",http://www.uniprot.org/keywords/KW-0407
https://pharos.nih.gov/idg/targets/Q9H2S1,Q9H2S1,"Ion transport",http://www.uniprot.org/keywords/KW-0406
https://pharos.nih.gov/idg/targets/Q9H2S1,Q9H2S1,Calmodulin-binding,http://www.uniprot.org/keywords/KW-0112
https://pharos.nih.gov/idg/targets/Q9NR82,Q9NR82,"Complete proteome",http://www.uniprot.org/keywords/KW-0181
https://pharos.nih.gov/idg/targets/Q9NR82,Q9NR82,Polymorphism,http://www.uniprot.org/keywords/KW-0621
https://pharos.nih.gov/idg/targets/Q9NR82,Q9NR82,"Reference proteome",http://www.uniprot.org/keywords/KW-1185
https://pharos.nih.gov/idg/targets/Q9NR82,Q9NR82,"Alternative splicing",http://www.uniprot.org/keywords/KW-0025
https://pharos.nih.gov/idg/targets/Q9NR82,Q9NR82,"Disease mutation",http://www.uniprot.org/keywords/KW-0225
https://pharos.nih.gov/idg/targets/Q9NR82,Q9NR82,"Mental retardation",http://www.uniprot.org/keywords/KW-0991
https://pharos.nih.gov/idg/targets/Q9NR82,Q9NR82,Phosphoprotein,http://www.uniprot.org/keywords/KW-0597
https://pharos.nih.gov/idg/targets/Q9NR82,Q9NR82,"Cell membrane",http://www.uniprot.org/keywords/KW-1003
https://pharos.nih.gov/idg/targets/Q9NR82,Q9NR82,Membrane,http://www.uniprot.org/keywords/KW-0472
https://pharos.nih.gov/idg/targets/Q9NR82,Q9NR82,Transmembrane,http://www.uniprot.org/keywords/KW-0812
https://pharos.nih.gov/idg/targets/Q9NR82,Q9NR82,"Transmembrane helix",http://www.uniprot.org/keywords/KW-1133
https://pharos.nih.gov/idg/targets/Q9NR82,Q9NR82,Transport,http://www.uniprot.org/keywords/KW-0813
https://pharos.nih.gov/idg/targets/Q9NR82,Q9NR82,"Ion channel",http://www.uniprot.org/keywords/KW-0407
https://pharos.nih.gov/idg/targets/Q9NR82,Q9NR82,"Ion transport",http://www.uniprot.org/keywords/KW-0406
https://pharos.nih.gov/idg/targets/Q9NR82,Q9NR82,"Voltage-gated channel",http://www.uniprot.org/keywords/KW-0851
https://pharos.nih.gov/idg/targets/Q9NR82,Q9NR82,Potassium,http://www.uniprot.org/keywords/KW-0630
https://pharos.nih.gov/idg/targets/Q9NR82,Q9NR82,"Potassium transport",http://www.uniprot.org/keywords/KW-0633
https://pharos.nih.gov/idg/targets/Q9NR82,Q9NR82,"Potassium channel",http://www.uniprot.org/keywords/KW-0631
https://pharos.nih.gov/idg/targets/Q14003,Q14003,"Complete proteome",http://www.uniprot.org/keywords/KW-0181
https://pharos.nih.gov/idg/targets/Q14003,Q14003,"Reference proteome",http://www.uniprot.org/keywords/KW-1185
https://pharos.nih.gov/idg/targets/Q14003,Q14003,"Cell projection",http://www.uniprot.org/keywords/KW-0966
https://pharos.nih.gov/idg/targets/Q14003,Q14003,Cytoplasm,http://www.uniprot.org/keywords/KW-0963
https://pharos.nih.gov/idg/targets/Q14003,Q14003,Cytoskeleton,http://www.uniprot.org/keywords/KW-0206
https://pharos.nih.gov/idg/targets/Q14003,Q14003,"Disease mutation",http://www.uniprot.org/keywords/KW-0225
https://pharos.nih.gov/idg/targets/Q14003,Q14003,Phosphoprotein,http://www.uniprot.org/keywords/KW-0597
https://pharos.nih.gov/idg/targets/Q14003,Q14003,"Cell membrane",http://www.uniprot.org/keywords/KW-1003
https://pharos.nih.gov/idg/targets/Q14003,Q14003,Glycoprotein,http://www.uniprot.org/keywords/KW-0325
https://pharos.nih.gov/idg/targets/Q14003,Q14003,Membrane,http://www.uniprot.org/keywords/KW-0472
https://pharos.nih.gov/idg/targets/Q14003,Q14003,Transmembrane,http://www.uniprot.org/keywords/KW-0812
https://pharos.nih.gov/idg/targets/Q14003,Q14003,"Transmembrane helix",http://www.uniprot.org/keywords/KW-1133
https://pharos.nih.gov/idg/targets/Q14003,Q14003,Methylation,http://www.uniprot.org/keywords/KW-0488
https://pharos.nih.gov/idg/targets/Q14003,Q14003,Transport,http://www.uniprot.org/keywords/KW-0813
https://pharos.nih.gov/idg/targets/Q14003,Q14003,"Ion channel",http://www.uniprot.org/keywords/KW-0407
https://pharos.nih.gov/idg/targets/Q14003,Q14003,"Ion transport",http://www.uniprot.org/keywords/KW-0406
https://pharos.nih.gov/idg/targets/Q14003,Q14003,"Cell junction",http://www.uniprot.org/keywords/KW-0965
https://pharos.nih.gov/idg/targets/Q14003,Q14003,Neurodegeneration,http://www.uniprot.org/keywords/KW-0523
https://pharos.nih.gov/idg/targets/Q14003,Q14003,Synapse,http://www.uniprot.org/keywords/KW-0770
https://pharos.nih.gov/idg/targets/Q14003,Q14003,"Voltage-gated channel",http://www.uniprot.org/keywords/KW-0851
https://pharos.nih.gov/idg/targets/Q14003,Q14003,Potassium,http://www.uniprot.org/keywords/KW-0630
https://pharos.nih.gov/idg/targets/Q14003,Q14003,"Potassium transport",http://www.uniprot.org/keywords/KW-0633
https://pharos.nih.gov/idg/targets/Q14003,Q14003,"Potassium channel",http://www.uniprot.org/keywords/KW-0631
https://pharos.nih.gov/idg/targets/Q14003,Q14003,"Spinocerebellar ataxia",http://www.uniprot.org/keywords/KW-0950
https://pharos.nih.gov/idg/targets/Q9UGI6,Q9UGI6,"Complete proteome",http://www.uniprot.org/keywords/KW-0181
https://pharos.nih.gov/idg/targets/Q9UGI6,Q9UGI6,Polymorphism,http://www.uniprot.org/keywords/KW-0621
https://pharos.nih.gov/idg/targets/Q9UGI6,Q9UGI6,"Reference proteome",http://www.uniprot.org/keywords/KW-1185
https://pharos.nih.gov/idg/targets/Q9UGI6,Q9UGI6,"Alternative splicing",http://www.uniprot.org/keywords/KW-0025
https://pharos.nih.gov/idg/targets/Q9UGI6,Q9UGI6,Phosphoprotein,http://www.uniprot.org/keywords/KW-0597
https://pharos.nih.gov/idg/targets/Q9UGI6,Q9UGI6,Membrane,http://www.uniprot.org/keywords/KW-0472
https://pharos.nih.gov/idg/targets/Q9UGI6,Q9UGI6,Transmembrane,http://www.uniprot.org/keywords/KW-0812
https://pharos.nih.gov/idg/targets/Q9UGI6,Q9UGI6,"Transmembrane helix",http://www.uniprot.org/keywords/KW-1133
https://pharos.nih.gov/idg/targets/Q9UGI6,Q9UGI6,Transport,http://www.uniprot.org/keywords/KW-0813
https://pharos.nih.gov/idg/targets/Q9UGI6,Q9UGI6,"Ion channel",http://www.uniprot.org/keywords/KW-0407
https://pharos.nih.gov/idg/targets/Q9UGI6,Q9UGI6,"Ion transport",http://www.uniprot.org/keywords/KW-0406
https://pharos.nih.gov/idg/targets/Q9UGI6,Q9UGI6,Calmodulin-binding,http://www.uniprot.org/keywords/KW-0112
https://pharos.nih.gov/idg/targets/Q9NS40,Q9NS40,"Complete proteome",http://www.uniprot.org/keywords/KW-0181
https://pharos.nih.gov/idg/targets/Q9NS40,Q9NS40,Polymorphism,http://www.uniprot.org/keywords/KW-0621
https://pharos.nih.gov/idg/targets/Q9NS40,Q9NS40,"Reference proteome",http://www.uniprot.org/keywords/KW-1185
https://pharos.nih.gov/idg/targets/Q9NS40,Q9NS40,"Alternative splicing",http://www.uniprot.org/keywords/KW-0025
https://pharos.nih.gov/idg/targets/Q9NS40,Q9NS40,Phosphoprotein,http://www.uniprot.org/keywords/KW-0597
https://pharos.nih.gov/idg/targets/Q9NS40,Q9NS40,Glycoprotein,http://www.uniprot.org/keywords/KW-0325
https://pharos.nih.gov/idg/targets/Q9NS40,Q9NS40,Membrane,http://www.uniprot.org/keywords/KW-0472
https://pharos.nih.gov/idg/targets/Q9NS40,Q9NS40,Transmembrane,http://www.uniprot.org/keywords/KW-0812
https://pharos.nih.gov/idg/targets/Q9NS40,Q9NS40,"Transmembrane helix",http://www.uniprot.org/keywords/KW-1133
https://pharos.nih.gov/idg/targets/Q9NS40,Q9NS40,Transport,http://www.uniprot.org/keywords/KW-0813
https://pharos.nih.gov/idg/targets/Q9NS40,Q9NS40,"Ion channel",http://www.uniprot.org/keywords/KW-0407
https://pharos.nih.gov/idg/targets/Q9NS40,Q9NS40,"Ion transport",http://www.uniprot.org/keywords/KW-0406
https://pharos.nih.gov/idg/targets/Q9NS40,Q9NS40,"Voltage-gated channel",http://www.uniprot.org/keywords/KW-0851
https://pharos.nih.gov/idg/targets/Q9NS40,Q9NS40,Potassium,http://www.uniprot.org/keywords/KW-0630
https://pharos.nih.gov/idg/targets/Q9NS40,Q9NS40,"Potassium transport",http://www.uniprot.org/keywords/KW-0633
https://pharos.nih.gov/idg/targets/Q9NS40,Q9NS40,"Potassium channel",http://www.uniprot.org/keywords/KW-0631
https://pharos.nih.gov/idg/targets/Q9NZV8,Q9NZV8,"Complete proteome",http://www.uniprot.org/keywords/KW-0181
https://pharos.nih.gov/idg/targets/Q9NZV8,Q9NZV8,Metal-binding,http://www.uniprot.org/keywords/KW-0479
https://pharos.nih.gov/idg/targets/Q9NZV8,Q9NZV8,"Reference proteome",http://www.uniprot.org/keywords/KW-1185
https://pharos.nih.gov/idg/targets/Q9NZV8,Q9NZV8,Zinc,http://www.uniprot.org/keywords/KW-0862
https://pharos.nih.gov/idg/targets/Q9NZV8,Q9NZV8,"Cell projection",http://www.uniprot.org/keywords/KW-0966
https://pharos.nih.gov/idg/targets/Q9NZV8,Q9NZV8,"Disease mutation",http://www.uniprot.org/keywords/KW-0225
https://pharos.nih.gov/idg/targets/Q9NZV8,Q9NZV8,Phosphoprotein,http://www.uniprot.org/keywords/KW-0597
https://pharos.nih.gov/idg/targets/Q9NZV8,Q9NZV8,"Cell membrane",http://www.uniprot.org/keywords/KW-1003
https://pharos.nih.gov/idg/targets/Q9NZV8,Q9NZV8,Membrane,http://www.uniprot.org/keywords/KW-0472
https://pharos.nih.gov/idg/targets/Q9NZV8,Q9NZV8,Transmembrane,http://www.uniprot.org/keywords/KW-0812
https://pharos.nih.gov/idg/targets/Q9NZV8,Q9NZV8,"Transmembrane helix",http://www.uniprot.org/keywords/KW-1133
https://pharos.nih.gov/idg/targets/Q9NZV8,Q9NZV8,Transport,http://www.uniprot.org/keywords/KW-0813
https://pharos.nih.gov/idg/targets/Q9NZV8,Q9NZV8,"Ion channel",http://www.uniprot.org/keywords/KW-0407
https://pharos.nih.gov/idg/targets/Q9NZV8,Q9NZV8,"Ion transport",http://www.uniprot.org/keywords/KW-0406
https://pharos.nih.gov/idg/targets/Q9NZV8,Q9NZV8,"Autism spectrum disorder",http://www.uniprot.org/keywords/KW-1268
https://pharos.nih.gov/idg/targets/Q9NZV8,Q9NZV8,"Cell junction",http://www.uniprot.org/keywords/KW-0965
https://pharos.nih.gov/idg/targets/Q9NZV8,Q9NZV8,"Postsynaptic cell membrane",http://www.uniprot.org/keywords/KW-0628
https://pharos.nih.gov/idg/targets/Q9NZV8,Q9NZV8,Synapse,http://www.uniprot.org/keywords/KW-0770
https://pharos.nih.gov/idg/targets/Q9NZV8,Q9NZV8,"Voltage-gated channel",http://www.uniprot.org/keywords/KW-0851
https://pharos.nih.gov/idg/targets/Q9NZV8,Q9NZV8,Potassium,http://www.uniprot.org/keywords/KW-0630
https://pharos.nih.gov/idg/targets/Q9NZV8,Q9NZV8,"Potassium transport",http://www.uniprot.org/keywords/KW-0633
https://pharos.nih.gov/idg/targets/Q9NZV8,Q9NZV8,"Potassium channel",http://www.uniprot.org/keywords/KW-0631
https://pharos.nih.gov/idg/targets/Q9NZV8,Q9NZV8,Epilepsy,http://www.uniprot.org/keywords/KW-0887
https://pharos.nih.gov/idg/targets/Q9NZV8,Q9NZV8,Autism,http://www.uniprot.org/keywords/KW-1269
https://pharos.nih.gov/idg/targets/O43526,O43526,"Complete proteome",http://www.uniprot.org/keywords/KW-0181
https://pharos.nih.gov/idg/targets/O43526,O43526,Polymorphism,http://www.uniprot.org/keywords/KW-0621
https://pharos.nih.gov/idg/targets/O43526,O43526,"Reference proteome",http://www.uniprot.org/keywords/KW-1185
https://pharos.nih.gov/idg/targets/O43526,O43526,"Alternative splicing",http://www.uniprot.org/keywords/KW-0025
https://pharos.nih.gov/idg/targets/O43526,O43526,"Disease mutation",http://www.uniprot.org/keywords/KW-0225
https://pharos.nih.gov/idg/targets/O43526,O43526,"Mental retardation",http://www.uniprot.org/keywords/KW-0991
https://pharos.nih.gov/idg/targets/O43526,O43526,Phosphoprotein,http://www.uniprot.org/keywords/KW-0597
https://pharos.nih.gov/idg/targets/O43526,O43526,"Cell membrane",http://www.uniprot.org/keywords/KW-1003
https://pharos.nih.gov/idg/targets/O43526,O43526,Membrane,http://www.uniprot.org/keywords/KW-0472
https://pharos.nih.gov/idg/targets/O43526,O43526,Transmembrane,http://www.uniprot.org/keywords/KW-0812
https://pharos.nih.gov/idg/targets/O43526,O43526,"Transmembrane helix",http://www.uniprot.org/keywords/KW-1133
https://pharos.nih.gov/idg/targets/O43526,O43526,3D-structure,http://www.uniprot.org/keywords/KW-0002
https://pharos.nih.gov/idg/targets/O43526,O43526,Transport,http://www.uniprot.org/keywords/KW-0813
https://pharos.nih.gov/idg/targets/O43526,O43526,"Ion channel",http://www.uniprot.org/keywords/KW-0407
https://pharos.nih.gov/idg/targets/O43526,O43526,"Ion transport",http://www.uniprot.org/keywords/KW-0406
https://pharos.nih.gov/idg/targets/O43526,O43526,"Voltage-gated channel",http://www.uniprot.org/keywords/KW-0851
https://pharos.nih.gov/idg/targets/O43526,O43526,Potassium,http://www.uniprot.org/keywords/KW-0630
https://pharos.nih.gov/idg/targets/O43526,O43526,"Potassium transport",http://www.uniprot.org/keywords/KW-0633
https://pharos.nih.gov/idg/targets/O43526,O43526,"Potassium channel",http://www.uniprot.org/keywords/KW-0631
https://pharos.nih.gov/idg/targets/O43526,O43526,Epilepsy,http://www.uniprot.org/keywords/KW-0887
https://pharos.nih.gov/idg/targets/P22460,P22460,"Complete proteome",http://www.uniprot.org/keywords/KW-0181
https://pharos.nih.gov/idg/targets/P22460,P22460,Polymorphism,http://www.uniprot.org/keywords/KW-0621
https://pharos.nih.gov/idg/targets/P22460,P22460,"Reference proteome",http://www.uniprot.org/keywords/KW-1185
https://pharos.nih.gov/idg/targets/P22460,P22460,Repeat,http://www.uniprot.org/keywords/KW-0677
https://pharos.nih.gov/idg/targets/P22460,P22460,"Alternative splicing",http://www.uniprot.org/keywords/KW-0025
https://pharos.nih.gov/idg/targets/P22460,P22460,"Isopeptide bond",http://www.uniprot.org/keywords/KW-1017
https://pharos.nih.gov/idg/targets/P22460,P22460,Phosphoprotein,http://www.uniprot.org/keywords/KW-0597
https://pharos.nih.gov/idg/targets/P22460,P22460,"Ubl conjugation",http://www.uniprot.org/keywords/KW-0832
https://pharos.nih.gov/idg/targets/P22460,P22460,"Cell membrane",http://www.uniprot.org/keywords/KW-1003
https://pharos.nih.gov/idg/targets/P22460,P22460,Membrane,http://www.uniprot.org/keywords/KW-0472
https://pharos.nih.gov/idg/targets/P22460,P22460,Transmembrane,http://www.uniprot.org/keywords/KW-0812
https://pharos.nih.gov/idg/targets/P22460,P22460,"Transmembrane helix",http://www.uniprot.org/keywords/KW-1133
https://pharos.nih.gov/idg/targets/P22460,P22460,Lipoprotein,http://www.uniprot.org/keywords/KW-0449
https://pharos.nih.gov/idg/targets/P22460,P22460,Palmitate,http://www.uniprot.org/keywords/KW-0564
https://pharos.nih.gov/idg/targets/P22460,P22460,Transport,http://www.uniprot.org/keywords/KW-0813
https://pharos.nih.gov/idg/targets/P22460,P22460,"Ion channel",http://www.uniprot.org/keywords/KW-0407
https://pharos.nih.gov/idg/targets/P22460,P22460,"Ion transport",http://www.uniprot.org/keywords/KW-0406
https://pharos.nih.gov/idg/targets/P22460,P22460,"Voltage-gated channel",http://www.uniprot.org/keywords/KW-0851
https://pharos.nih.gov/idg/targets/P22460,P22460,Potassium,http://www.uniprot.org/keywords/KW-0630
https://pharos.nih.gov/idg/targets/P22460,P22460,"Potassium transport",http://www.uniprot.org/keywords/KW-0633
https://pharos.nih.gov/idg/targets/P22460,P22460,"Potassium channel",http://www.uniprot.org/keywords/KW-0631
https://pharos.nih.gov/idg/targets/P22460,P22460,"Atrial fibrillation",http://www.uniprot.org/keywords/KW-1020
https://pharos.nih.gov/idg/targets/Q16322,Q16322,"Complete proteome",http://www.uniprot.org/keywords/KW-0181
https://pharos.nih.gov/idg/targets/Q16322,Q16322,Polymorphism,http://www.uniprot.org/keywords/KW-0621
https://pharos.nih.gov/idg/targets/Q16322,Q16322,"Reference proteome",http://www.uniprot.org/keywords/KW-1185
https://pharos.nih.gov/idg/targets/Q16322,Q16322,Glycoprotein,http://www.uniprot.org/keywords/KW-0325
https://pharos.nih.gov/idg/targets/Q16322,Q16322,Membrane,http://www.uniprot.org/keywords/KW-0472
https://pharos.nih.gov/idg/targets/Q16322,Q16322,Transmembrane,http://www.uniprot.org/keywords/KW-0812
https://pharos.nih.gov/idg/targets/Q16322,Q16322,"Transmembrane helix",http://www.uniprot.org/keywords/KW-1133
https://pharos.nih.gov/idg/targets/Q16322,Q16322,Lipoprotein,http://www.uniprot.org/keywords/KW-0449
https://pharos.nih.gov/idg/targets/Q16322,Q16322,Palmitate,http://www.uniprot.org/keywords/KW-0564
https://pharos.nih.gov/idg/targets/Q16322,Q16322,Transport,http://www.uniprot.org/keywords/KW-0813
https://pharos.nih.gov/idg/targets/Q16322,Q16322,"Ion channel",http://www.uniprot.org/keywords/KW-0407
https://pharos.nih.gov/idg/targets/Q16322,Q16322,"Ion transport",http://www.uniprot.org/keywords/KW-0406
https://pharos.nih.gov/idg/targets/Q16322,Q16322,"Voltage-gated channel",http://www.uniprot.org/keywords/KW-0851
https://pharos.nih.gov/idg/targets/Q16322,Q16322,Potassium,http://www.uniprot.org/keywords/KW-0630
https://pharos.nih.gov/idg/targets/Q16322,Q16322,"Potassium transport",http://www.uniprot.org/keywords/KW-0633
https://pharos.nih.gov/idg/targets/Q16322,Q16322,"Potassium channel",http://www.uniprot.org/keywords/KW-0631
https://pharos.nih.gov/idg/targets/Q8TDN2,Q8TDN2,"Complete proteome",http://www.uniprot.org/keywords/KW-0181
https://pharos.nih.gov/idg/targets/Q8TDN2,Q8TDN2,Polymorphism,http://www.uniprot.org/keywords/KW-0621
https://pharos.nih.gov/idg/targets/Q8TDN2,Q8TDN2,"Reference proteome",http://www.uniprot.org/keywords/KW-1185
https://pharos.nih.gov/idg/targets/Q8TDN2,Q8TDN2,"Disease mutation",http://www.uniprot.org/keywords/KW-0225
https://pharos.nih.gov/idg/targets/Q8TDN2,Q8TDN2,"Cell membrane",http://www.uniprot.org/keywords/KW-1003
https://pharos.nih.gov/idg/targets/Q8TDN2,Q8TDN2,Glycoprotein,http://www.uniprot.org/keywords/KW-0325
https://pharos.nih.gov/idg/targets/Q8TDN2,Q8TDN2,Membrane,http://www.uniprot.org/keywords/KW-0472
https://pharos.nih.gov/idg/targets/Q8TDN2,Q8TDN2,Transmembrane,http://www.uniprot.org/keywords/KW-0812
https://pharos.nih.gov/idg/targets/Q8TDN2,Q8TDN2,"Transmembrane helix",http://www.uniprot.org/keywords/KW-1133
https://pharos.nih.gov/idg/targets/Q8TDN2,Q8TDN2,Transport,http://www.uniprot.org/keywords/KW-0813
https://pharos.nih.gov/idg/targets/Q8TDN2,Q8TDN2,"Ion channel",http://www.uniprot.org/keywords/KW-0407
https://pharos.nih.gov/idg/targets/Q8TDN2,Q8TDN2,"Ion transport",http://www.uniprot.org/keywords/KW-0406
https://pharos.nih.gov/idg/targets/Q8TDN2,Q8TDN2,"Voltage-gated channel",http://www.uniprot.org/keywords/KW-0851
https://pharos.nih.gov/idg/targets/Q8TDN2,Q8TDN2,Potassium,http://www.uniprot.org/keywords/KW-0630
https://pharos.nih.gov/idg/targets/Q8TDN2,Q8TDN2,"Potassium transport",http://www.uniprot.org/keywords/KW-0633
https://pharos.nih.gov/idg/targets/Q8TDN2,Q8TDN2,"Potassium channel",http://www.uniprot.org/keywords/KW-0631
https://pharos.nih.gov/idg/targets/Q8TDN2,Q8TDN2,"Cone-rod dystrophy",http://www.uniprot.org/keywords/KW-0182
https://pharos.nih.gov/idg/targets/P17658,P17658,"Complete proteome",http://www.uniprot.org/keywords/KW-0181
https://pharos.nih.gov/idg/targets/P17658,P17658,"Reference proteome",http://www.uniprot.org/keywords/KW-1185
https://pharos.nih.gov/idg/targets/P17658,P17658,Phosphoprotein,http://www.uniprot.org/keywords/KW-0597
https://pharos.nih.gov/idg/targets/P17658,P17658,"Cell membrane",http://www.uniprot.org/keywords/KW-1003
https://pharos.nih.gov/idg/targets/P17658,P17658,Membrane,http://www.uniprot.org/keywords/KW-0472
https://pharos.nih.gov/idg/targets/P17658,P17658,Transmembrane,http://www.uniprot.org/keywords/KW-0812
https://pharos.nih.gov/idg/targets/P17658,P17658,"Transmembrane helix",http://www.uniprot.org/keywords/KW-1133
https://pharos.nih.gov/idg/targets/P17658,P17658,Lipoprotein,http://www.uniprot.org/keywords/KW-0449
https://pharos.nih.gov/idg/targets/P17658,P17658,Palmitate,http://www.uniprot.org/keywords/KW-0564
https://pharos.nih.gov/idg/targets/P17658,P17658,Transport,http://www.uniprot.org/keywords/KW-0813
https://pharos.nih.gov/idg/targets/P17658,P17658,"Ion channel",http://www.uniprot.org/keywords/KW-0407
https://pharos.nih.gov/idg/targets/P17658,P17658,"Ion transport",http://www.uniprot.org/keywords/KW-0406
https://pharos.nih.gov/idg/targets/P17658,P17658,"Voltage-gated channel",http://www.uniprot.org/keywords/KW-0851
https://pharos.nih.gov/idg/targets/P17658,P17658,Potassium,http://www.uniprot.org/keywords/KW-0630
https://pharos.nih.gov/idg/targets/P17658,P17658,"Potassium transport",http://www.uniprot.org/keywords/KW-0633
https://pharos.nih.gov/idg/targets/P17658,P17658,"Potassium channel",http://www.uniprot.org/keywords/KW-0631
https://pharos.nih.gov/idg/targets/Q96RP8,Q96RP8,"Complete proteome",http://www.uniprot.org/keywords/KW-0181
https://pharos.nih.gov/idg/targets/Q96RP8,Q96RP8,Polymorphism,http://www.uniprot.org/keywords/KW-0621
https://pharos.nih.gov/idg/targets/Q96RP8,Q96RP8,"Reference proteome",http://www.uniprot.org/keywords/KW-1185
https://pharos.nih.gov/idg/targets/Q96RP8,Q96RP8,Glycoprotein,http://www.uniprot.org/keywords/KW-0325
https://pharos.nih.gov/idg/targets/Q96RP8,Q96RP8,Membrane,http://www.uniprot.org/keywords/KW-0472
https://pharos.nih.gov/idg/targets/Q96RP8,Q96RP8,Transmembrane,http://www.uniprot.org/keywords/KW-0812
https://pharos.nih.gov/idg/targets/Q96RP8,Q96RP8,"Transmembrane helix",http://www.uniprot.org/keywords/KW-1133
https://pharos.nih.gov/idg/targets/Q96RP8,Q96RP8,Lipoprotein,http://www.uniprot.org/keywords/KW-0449
https://pharos.nih.gov/idg/targets/Q96RP8,Q96RP8,Palmitate,http://www.uniprot.org/keywords/KW-0564
https://pharos.nih.gov/idg/targets/Q96RP8,Q96RP8,Transport,http://www.uniprot.org/keywords/KW-0813
https://pharos.nih.gov/idg/targets/Q96RP8,Q96RP8,"Ion channel",http://www.uniprot.org/keywords/KW-0407
https://pharos.nih.gov/idg/targets/Q96RP8,Q96RP8,"Ion transport",http://www.uniprot.org/keywords/KW-0406
https://pharos.nih.gov/idg/targets/Q96RP8,Q96RP8,"Voltage-gated channel",http://www.uniprot.org/keywords/KW-0851
https://pharos.nih.gov/idg/targets/Q96RP8,Q96RP8,Potassium,http://www.uniprot.org/keywords/KW-0630
https://pharos.nih.gov/idg/targets/Q96RP8,Q96RP8,"Potassium transport",http://www.uniprot.org/keywords/KW-0633
https://pharos.nih.gov/idg/targets/Q96RP8,Q96RP8,"Potassium channel",http://www.uniprot.org/keywords/KW-0631
https://pharos.nih.gov/idg/targets/Q03721,Q03721,"Complete proteome",http://www.uniprot.org/keywords/KW-0181
https://pharos.nih.gov/idg/targets/Q03721,Q03721,Polymorphism,http://www.uniprot.org/keywords/KW-0621
https://pharos.nih.gov/idg/targets/Q03721,Q03721,"Reference proteome",http://www.uniprot.org/keywords/KW-1185
https://pharos.nih.gov/idg/targets/Q03721,Q03721,"Alternative splicing",http://www.uniprot.org/keywords/KW-0025
https://pharos.nih.gov/idg/targets/Q03721,Q03721,Phosphoprotein,http://www.uniprot.org/keywords/KW-0597
https://pharos.nih.gov/idg/targets/Q03721,Q03721,Glycoprotein,http://www.uniprot.org/keywords/KW-0325
https://pharos.nih.gov/idg/targets/Q03721,Q03721,Membrane,http://www.uniprot.org/keywords/KW-0472
https://pharos.nih.gov/idg/targets/Q03721,Q03721,Transmembrane,http://www.uniprot.org/keywords/KW-0812
https://pharos.nih.gov/idg/targets/Q03721,Q03721,"Transmembrane helix",http://www.uniprot.org/keywords/KW-1133
https://pharos.nih.gov/idg/targets/Q03721,Q03721,3D-structure,http://www.uniprot.org/keywords/KW-0002
https://pharos.nih.gov/idg/targets/Q03721,Q03721,Transport,http://www.uniprot.org/keywords/KW-0813
https://pharos.nih.gov/idg/targets/Q03721,Q03721,"Ion channel",http://www.uniprot.org/keywords/KW-0407
https://pharos.nih.gov/idg/targets/Q03721,Q03721,"Ion transport",http://www.uniprot.org/keywords/KW-0406
https://pharos.nih.gov/idg/targets/Q03721,Q03721,"Voltage-gated channel",http://www.uniprot.org/keywords/KW-0851
https://pharos.nih.gov/idg/targets/Q03721,Q03721,Potassium,http://www.uniprot.org/keywords/KW-0630
https://pharos.nih.gov/idg/targets/Q03721,Q03721,"Potassium transport",http://www.uniprot.org/keywords/KW-0633
https://pharos.nih.gov/idg/targets/Q03721,Q03721,"Potassium channel",http://www.uniprot.org/keywords/KW-0631
https://pharos.nih.gov/idg/targets/Q9NSA2,Q9NSA2,"Complete proteome",http://www.uniprot.org/keywords/KW-0181
https://pharos.nih.gov/idg/targets/Q9NSA2,Q9NSA2,Metal-binding,http://www.uniprot.org/keywords/KW-0479
https://pharos.nih.gov/idg/targets/Q9NSA2,Q9NSA2,"Reference proteome",http://www.uniprot.org/keywords/KW-1185
https://pharos.nih.gov/idg/targets/Q9NSA2,Q9NSA2,Zinc,http://www.uniprot.org/keywords/KW-0862
https://pharos.nih.gov/idg/targets/Q9NSA2,Q9NSA2,"Alternative splicing",http://www.uniprot.org/keywords/KW-0025
https://pharos.nih.gov/idg/targets/Q9NSA2,Q9NSA2,"Cell projection",http://www.uniprot.org/keywords/KW-0966
https://pharos.nih.gov/idg/targets/Q9NSA2,Q9NSA2,Phosphoprotein,http://www.uniprot.org/keywords/KW-0597
https://pharos.nih.gov/idg/targets/Q9NSA2,Q9NSA2,Glycoprotein,http://www.uniprot.org/keywords/KW-0325
https://pharos.nih.gov/idg/targets/Q9NSA2,Q9NSA2,Membrane,http://www.uniprot.org/keywords/KW-0472
https://pharos.nih.gov/idg/targets/Q9NSA2,Q9NSA2,Transmembrane,http://www.uniprot.org/keywords/KW-0812
https://pharos.nih.gov/idg/targets/Q9NSA2,Q9NSA2,"Transmembrane helix",http://www.uniprot.org/keywords/KW-1133
https://pharos.nih.gov/idg/targets/Q9NSA2,Q9NSA2,Transport,http://www.uniprot.org/keywords/KW-0813
https://pharos.nih.gov/idg/targets/Q9NSA2,Q9NSA2,"Ion channel",http://www.uniprot.org/keywords/KW-0407
https://pharos.nih.gov/idg/targets/Q9NSA2,Q9NSA2,"Ion transport",http://www.uniprot.org/keywords/KW-0406
https://pharos.nih.gov/idg/targets/Q9NSA2,Q9NSA2,"Voltage-gated channel",http://www.uniprot.org/keywords/KW-0851
https://pharos.nih.gov/idg/targets/Q9NSA2,Q9NSA2,Potassium,http://www.uniprot.org/keywords/KW-0630
https://pharos.nih.gov/idg/targets/Q9NSA2,Q9NSA2,"Potassium transport",http://www.uniprot.org/keywords/KW-0633
https://pharos.nih.gov/idg/targets/Q9NSA2,Q9NSA2,"Potassium channel",http://www.uniprot.org/keywords/KW-0631
https://pharos.nih.gov/idg/targets/Q9UJ96,Q9UJ96,"Complete proteome",http://www.uniprot.org/keywords/KW-0181
https://pharos.nih.gov/idg/targets/Q9UJ96,Q9UJ96,"Reference proteome",http://www.uniprot.org/keywords/KW-1185
https://pharos.nih.gov/idg/targets/Q9UJ96,Q9UJ96,Membrane,http://www.uniprot.org/keywords/KW-0472
https://pharos.nih.gov/idg/targets/Q9UJ96,Q9UJ96,Transmembrane,http://www.uniprot.org/keywords/KW-0812
https://pharos.nih.gov/idg/targets/Q9UJ96,Q9UJ96,"Transmembrane helix",http://www.uniprot.org/keywords/KW-1133
https://pharos.nih.gov/idg/targets/Q9UJ96,Q9UJ96,Transport,http://www.uniprot.org/keywords/KW-0813
https://pharos.nih.gov/idg/targets/Q9UJ96,Q9UJ96,"Ion channel",http://www.uniprot.org/keywords/KW-0407
https://pharos.nih.gov/idg/targets/Q9UJ96,Q9UJ96,"Ion transport",http://www.uniprot.org/keywords/KW-0406
https://pharos.nih.gov/idg/targets/Q9UJ96,Q9UJ96,"Voltage-gated channel",http://www.uniprot.org/keywords/KW-0851
https://pharos.nih.gov/idg/targets/Q9UJ96,Q9UJ96,Potassium,http://www.uniprot.org/keywords/KW-0630
https://pharos.nih.gov/idg/targets/Q9UJ96,Q9UJ96,"Potassium transport",http://www.uniprot.org/keywords/KW-0633
https://pharos.nih.gov/idg/targets/Q9UJ96,Q9UJ96,"Potassium channel",http://www.uniprot.org/keywords/KW-0631
https://pharos.nih.gov/idg/targets/Q8TAE7,Q8TAE7,"Complete proteome",http://www.uniprot.org/keywords/KW-0181
https://pharos.nih.gov/idg/targets/Q8TAE7,Q8TAE7,"Reference proteome",http://www.uniprot.org/keywords/KW-1185
https://pharos.nih.gov/idg/targets/Q8TAE7,Q8TAE7,"Alternative splicing",http://www.uniprot.org/keywords/KW-0025
https://pharos.nih.gov/idg/targets/Q8TAE7,Q8TAE7,Cytoplasm,http://www.uniprot.org/keywords/KW-0963
https://pharos.nih.gov/idg/targets/Q8TAE7,Q8TAE7,"Cell membrane",http://www.uniprot.org/keywords/KW-1003
https://pharos.nih.gov/idg/targets/Q8TAE7,Q8TAE7,Membrane,http://www.uniprot.org/keywords/KW-0472
https://pharos.nih.gov/idg/targets/Q8TAE7,Q8TAE7,Transmembrane,http://www.uniprot.org/keywords/KW-0812
https://pharos.nih.gov/idg/targets/Q8TAE7,Q8TAE7,"Transmembrane helix",http://www.uniprot.org/keywords/KW-1133
https://pharos.nih.gov/idg/targets/Q8TAE7,Q8TAE7,Transport,http://www.uniprot.org/keywords/KW-0813
https://pharos.nih.gov/idg/targets/Q8TAE7,Q8TAE7,"Ion channel",http://www.uniprot.org/keywords/KW-0407
https://pharos.nih.gov/idg/targets/Q8TAE7,Q8TAE7,"Ion transport",http://www.uniprot.org/keywords/KW-0406
https://pharos.nih.gov/idg/targets/Q8TAE7,Q8TAE7,"Voltage-gated channel",http://www.uniprot.org/keywords/KW-0851
https://pharos.nih.gov/idg/targets/Q8TAE7,Q8TAE7,Potassium,http://www.uniprot.org/keywords/KW-0630
https://pharos.nih.gov/idg/targets/Q8TAE7,Q8TAE7,"Potassium transport",http://www.uniprot.org/keywords/KW-0633
https://pharos.nih.gov/idg/targets/Q8TAE7,Q8TAE7,"Potassium channel",http://www.uniprot.org/keywords/KW-0631
https://pharos.nih.gov/idg/targets/Q8TDN1,Q8TDN1,"Complete proteome",http://www.uniprot.org/keywords/KW-0181
https://pharos.nih.gov/idg/targets/Q8TDN1,Q8TDN1,Polymorphism,http://www.uniprot.org/keywords/KW-0621
https://pharos.nih.gov/idg/targets/Q8TDN1,Q8TDN1,"Reference proteome",http://www.uniprot.org/keywords/KW-1185
https://pharos.nih.gov/idg/targets/Q8TDN1,Q8TDN1,"Alternative splicing",http://www.uniprot.org/keywords/KW-0025
https://pharos.nih.gov/idg/targets/Q8TDN1,Q8TDN1,"Cell membrane",http://www.uniprot.org/keywords/KW-1003
https://pharos.nih.gov/idg/targets/Q8TDN1,Q8TDN1,Membrane,http://www.uniprot.org/keywords/KW-0472
https://pharos.nih.gov/idg/targets/Q8TDN1,Q8TDN1,Transmembrane,http://www.uniprot.org/keywords/KW-0812
https://pharos.nih.gov/idg/targets/Q8TDN1,Q8TDN1,"Transmembrane helix",http://www.uniprot.org/keywords/KW-1133
https://pharos.nih.gov/idg/targets/Q8TDN1,Q8TDN1,Transport,http://www.uniprot.org/keywords/KW-0813
https://pharos.nih.gov/idg/targets/Q8TDN1,Q8TDN1,"Ion channel",http://www.uniprot.org/keywords/KW-0407
https://pharos.nih.gov/idg/targets/Q8TDN1,Q8TDN1,"Ion transport",http://www.uniprot.org/keywords/KW-0406
https://pharos.nih.gov/idg/targets/Q8TDN1,Q8TDN1,"Voltage-gated channel",http://www.uniprot.org/keywords/KW-0851
https://pharos.nih.gov/idg/targets/Q8TDN1,Q8TDN1,Potassium,http://www.uniprot.org/keywords/KW-0630
https://pharos.nih.gov/idg/targets/Q8TDN1,Q8TDN1,"Potassium transport",http://www.uniprot.org/keywords/KW-0633
https://pharos.nih.gov/idg/targets/Q8TDN1,Q8TDN1,"Potassium channel",http://www.uniprot.org/keywords/KW-0631
https://pharos.nih.gov/idg/targets/Q9UQ05,Q9UQ05,"Complete proteome",http://www.uniprot.org/keywords/KW-0181
https://pharos.nih.gov/idg/targets/Q9UQ05,Q9UQ05,Polymorphism,http://www.uniprot.org/keywords/KW-0621
https://pharos.nih.gov/idg/targets/Q9UQ05,Q9UQ05,"Reference proteome",http://www.uniprot.org/keywords/KW-1185
https://pharos.nih.gov/idg/targets/Q9UQ05,Q9UQ05,Glycoprotein,http://www.uniprot.org/keywords/KW-0325
https://pharos.nih.gov/idg/targets/Q9UQ05,Q9UQ05,Membrane,http://www.uniprot.org/keywords/KW-0472
https://pharos.nih.gov/idg/targets/Q9UQ05,Q9UQ05,Transmembrane,http://www.uniprot.org/keywords/KW-0812
https://pharos.nih.gov/idg/targets/Q9UQ05,Q9UQ05,"Transmembrane helix",http://www.uniprot.org/keywords/KW-1133
https://pharos.nih.gov/idg/targets/Q9UQ05,Q9UQ05,Transport,http://www.uniprot.org/keywords/KW-0813
https://pharos.nih.gov/idg/targets/Q9UQ05,Q9UQ05,"Ion channel",http://www.uniprot.org/keywords/KW-0407
https://pharos.nih.gov/idg/targets/Q9UQ05,Q9UQ05,"Ion transport",http://www.uniprot.org/keywords/KW-0406
https://pharos.nih.gov/idg/targets/Q9UQ05,Q9UQ05,"Voltage-gated channel",http://www.uniprot.org/keywords/KW-0851
https://pharos.nih.gov/idg/targets/Q9UQ05,Q9UQ05,Potassium,http://www.uniprot.org/keywords/KW-0630
https://pharos.nih.gov/idg/targets/Q9UQ05,Q9UQ05,"Potassium transport",http://www.uniprot.org/keywords/KW-0633
https://pharos.nih.gov/idg/targets/Q9UQ05,Q9UQ05,"Potassium channel",http://www.uniprot.org/keywords/KW-0631
https://pharos.nih.gov/idg/targets/Q9H252,Q9H252,"Complete proteome",http://www.uniprot.org/keywords/KW-0181
https://pharos.nih.gov/idg/targets/Q9H252,Q9H252,Polymorphism,http://www.uniprot.org/keywords/KW-0621
https://pharos.nih.gov/idg/targets/Q9H252,Q9H252,"Reference proteome",http://www.uniprot.org/keywords/KW-1185
https://pharos.nih.gov/idg/targets/Q9H252,Q9H252,"Alternative splicing",http://www.uniprot.org/keywords/KW-0025
https://pharos.nih.gov/idg/targets/Q9H252,Q9H252,Glycoprotein,http://www.uniprot.org/keywords/KW-0325
https://pharos.nih.gov/idg/targets/Q9H252,Q9H252,Membrane,http://www.uniprot.org/keywords/KW-0472
https://pharos.nih.gov/idg/targets/Q9H252,Q9H252,Transmembrane,http://www.uniprot.org/keywords/KW-0812
https://pharos.nih.gov/idg/targets/Q9H252,Q9H252,"Transmembrane helix",http://www.uniprot.org/keywords/KW-1133
https://pharos.nih.gov/idg/targets/Q9H252,Q9H252,Transport,http://www.uniprot.org/keywords/KW-0813
https://pharos.nih.gov/idg/targets/Q9H252,Q9H252,"Ion channel",http://www.uniprot.org/keywords/KW-0407
https://pharos.nih.gov/idg/targets/Q9H252,Q9H252,"Ion transport",http://www.uniprot.org/keywords/KW-0406
https://pharos.nih.gov/idg/targets/Q9H252,Q9H252,"Voltage-gated channel",http://www.uniprot.org/keywords/KW-0851
https://pharos.nih.gov/idg/targets/Q9H252,Q9H252,Potassium,http://www.uniprot.org/keywords/KW-0630
https://pharos.nih.gov/idg/targets/Q9H252,Q9H252,"Potassium transport",http://www.uniprot.org/keywords/KW-0633
https://pharos.nih.gov/idg/targets/Q9H252,Q9H252,"Potassium channel",http://www.uniprot.org/keywords/KW-0631
https://pharos.nih.gov/idg/targets/Q96L42,Q96L42,"Complete proteome",http://www.uniprot.org/keywords/KW-0181
https://pharos.nih.gov/idg/targets/Q96L42,Q96L42,Polymorphism,http://www.uniprot.org/keywords/KW-0621
https://pharos.nih.gov/idg/targets/Q96L42,Q96L42,"Reference proteome",http://www.uniprot.org/keywords/KW-1185
https://pharos.nih.gov/idg/targets/Q96L42,Q96L42,"Alternative splicing",http://www.uniprot.org/keywords/KW-0025
https://pharos.nih.gov/idg/targets/Q96L42,Q96L42,Glycoprotein,http://www.uniprot.org/keywords/KW-0325
https://pharos.nih.gov/idg/targets/Q96L42,Q96L42,Membrane,http://www.uniprot.org/keywords/KW-0472
https://pharos.nih.gov/idg/targets/Q96L42,Q96L42,Transmembrane,http://www.uniprot.org/keywords/KW-0812
https://pharos.nih.gov/idg/targets/Q96L42,Q96L42,"Transmembrane helix",http://www.uniprot.org/keywords/KW-1133
https://pharos.nih.gov/idg/targets/Q96L42,Q96L42,Transport,http://www.uniprot.org/keywords/KW-0813
https://pharos.nih.gov/idg/targets/Q96L42,Q96L42,"Ion channel",http://www.uniprot.org/keywords/KW-0407
https://pharos.nih.gov/idg/targets/Q96L42,Q96L42,"Ion transport",http://www.uniprot.org/keywords/KW-0406
https://pharos.nih.gov/idg/targets/Q96L42,Q96L42,"Voltage-gated channel",http://www.uniprot.org/keywords/KW-0851
https://pharos.nih.gov/idg/targets/Q96L42,Q96L42,Potassium,http://www.uniprot.org/keywords/KW-0630
https://pharos.nih.gov/idg/targets/Q96L42,Q96L42,"Potassium transport",http://www.uniprot.org/keywords/KW-0633
https://pharos.nih.gov/idg/targets/Q96L42,Q96L42,"Potassium channel",http://www.uniprot.org/keywords/KW-0631
https://pharos.nih.gov/idg/targets/Q92952,Q92952,"Complete proteome",http://www.uniprot.org/keywords/KW-0181
https://pharos.nih.gov/idg/targets/Q92952,Q92952,"Reference proteome",http://www.uniprot.org/keywords/KW-1185
https://pharos.nih.gov/idg/targets/Q92952,Q92952,"Alternative splicing",http://www.uniprot.org/keywords/KW-0025
https://pharos.nih.gov/idg/targets/Q92952,Q92952,Membrane,http://www.uniprot.org/keywords/KW-0472
https://pharos.nih.gov/idg/targets/Q92952,Q92952,Transmembrane,http://www.uniprot.org/keywords/KW-0812
https://pharos.nih.gov/idg/targets/Q92952,Q92952,"Transmembrane helix",http://www.uniprot.org/keywords/KW-1133
https://pharos.nih.gov/idg/targets/Q92952,Q92952,Transport,http://www.uniprot.org/keywords/KW-0813
https://pharos.nih.gov/idg/targets/Q92952,Q92952,"Ion channel",http://www.uniprot.org/keywords/KW-0407
https://pharos.nih.gov/idg/targets/Q92952,Q92952,"Ion transport",http://www.uniprot.org/keywords/KW-0406
https://pharos.nih.gov/idg/targets/Q92952,Q92952,Calmodulin-binding,http://www.uniprot.org/keywords/KW-0112
https://pharos.nih.gov/idg/targets/Q96KK3,Q96KK3,"Complete proteome",http://www.uniprot.org/keywords/KW-0181
https://pharos.nih.gov/idg/targets/Q96KK3,Q96KK3,Polymorphism,http://www.uniprot.org/keywords/KW-0621
https://pharos.nih.gov/idg/targets/Q96KK3,Q96KK3,"Reference proteome",http://www.uniprot.org/keywords/KW-1185
https://pharos.nih.gov/idg/targets/Q96KK3,Q96KK3,"Cell membrane",http://www.uniprot.org/keywords/KW-1003
https://pharos.nih.gov/idg/targets/Q96KK3,Q96KK3,Membrane,http://www.uniprot.org/keywords/KW-0472
https://pharos.nih.gov/idg/targets/Q96KK3,Q96KK3,Transmembrane,http://www.uniprot.org/keywords/KW-0812
https://pharos.nih.gov/idg/targets/Q96KK3,Q96KK3,"Transmembrane helix",http://www.uniprot.org/keywords/KW-1133
https://pharos.nih.gov/idg/targets/Q96KK3,Q96KK3,Transport,http://www.uniprot.org/keywords/KW-0813
https://pharos.nih.gov/idg/targets/Q96KK3,Q96KK3,"Ion channel",http://www.uniprot.org/keywords/KW-0407
https://pharos.nih.gov/idg/targets/Q96KK3,Q96KK3,"Ion transport",http://www.uniprot.org/keywords/KW-0406
https://pharos.nih.gov/idg/targets/Q96KK3,Q96KK3,"Voltage-gated channel",http://www.uniprot.org/keywords/KW-0851
https://pharos.nih.gov/idg/targets/Q96KK3,Q96KK3,Potassium,http://www.uniprot.org/keywords/KW-0630
https://pharos.nih.gov/idg/targets/Q96KK3,Q96KK3,"Potassium transport",http://www.uniprot.org/keywords/KW-0633
https://pharos.nih.gov/idg/targets/Q96KK3,Q96KK3,"Potassium channel",http://www.uniprot.org/keywords/KW-0631
https://pharos.nih.gov/idg/targets/Q9ULS6,Q9ULS6,"Complete proteome",http://www.uniprot.org/keywords/KW-0181
https://pharos.nih.gov/idg/targets/Q9ULS6,Q9ULS6,"Reference proteome",http://www.uniprot.org/keywords/KW-1185
https://pharos.nih.gov/idg/targets/Q9ULS6,Q9ULS6,"Cell membrane",http://www.uniprot.org/keywords/KW-1003
https://pharos.nih.gov/idg/targets/Q9ULS6,Q9ULS6,Membrane,http://www.uniprot.org/keywords/KW-0472
https://pharos.nih.gov/idg/targets/Q9ULS6,Q9ULS6,Transmembrane,http://www.uniprot.org/keywords/KW-0812
https://pharos.nih.gov/idg/targets/Q9ULS6,Q9ULS6,"Transmembrane helix",http://www.uniprot.org/keywords/KW-1133
https://pharos.nih.gov/idg/targets/Q9ULS6,Q9ULS6,Transport,http://www.uniprot.org/keywords/KW-0813
https://pharos.nih.gov/idg/targets/Q9ULS6,Q9ULS6,"Ion channel",http://www.uniprot.org/keywords/KW-0407
https://pharos.nih.gov/idg/targets/Q9ULS6,Q9ULS6,"Ion transport",http://www.uniprot.org/keywords/KW-0406
https://pharos.nih.gov/idg/targets/Q9ULS6,Q9ULS6,"Voltage-gated channel",http://www.uniprot.org/keywords/KW-0851
https://pharos.nih.gov/idg/targets/Q9ULS6,Q9ULS6,Potassium,http://www.uniprot.org/keywords/KW-0630
https://pharos.nih.gov/idg/targets/Q9ULS6,Q9ULS6,"Potassium transport",http://www.uniprot.org/keywords/KW-0633
https://pharos.nih.gov/idg/targets/Q9ULS6,Q9ULS6,"Potassium channel",http://www.uniprot.org/keywords/KW-0631
https://pharos.nih.gov/idg/targets/Q9BQ31,Q9BQ31,"Complete proteome",http://www.uniprot.org/keywords/KW-0181
https://pharos.nih.gov/idg/targets/Q9BQ31,Q9BQ31,Polymorphism,http://www.uniprot.org/keywords/KW-0621
https://pharos.nih.gov/idg/targets/Q9BQ31,Q9BQ31,"Reference proteome",http://www.uniprot.org/keywords/KW-1185
https://pharos.nih.gov/idg/targets/Q9BQ31,Q9BQ31,"Cell membrane",http://www.uniprot.org/keywords/KW-1003
https://pharos.nih.gov/idg/targets/Q9BQ31,Q9BQ31,Membrane,http://www.uniprot.org/keywords/KW-0472
https://pharos.nih.gov/idg/targets/Q9BQ31,Q9BQ31,Transmembrane,http://www.uniprot.org/keywords/KW-0812
https://pharos.nih.gov/idg/targets/Q9BQ31,Q9BQ31,"Transmembrane helix",http://www.uniprot.org/keywords/KW-1133
https://pharos.nih.gov/idg/targets/Q9BQ31,Q9BQ31,Transport,http://www.uniprot.org/keywords/KW-0813
https://pharos.nih.gov/idg/targets/Q9BQ31,Q9BQ31,"Ion channel",http://www.uniprot.org/keywords/KW-0407
https://pharos.nih.gov/idg/targets/Q9BQ31,Q9BQ31,"Ion transport",http://www.uniprot.org/keywords/KW-0406
https://pharos.nih.gov/idg/targets/Q9BQ31,Q9BQ31,"Voltage-gated channel",http://www.uniprot.org/keywords/KW-0851
https://pharos.nih.gov/idg/targets/Q9BQ31,Q9BQ31,Potassium,http://www.uniprot.org/keywords/KW-0630
https://pharos.nih.gov/idg/targets/Q9BQ31,Q9BQ31,"Potassium transport",http://www.uniprot.org/keywords/KW-0633
https://pharos.nih.gov/idg/targets/Q9BQ31,Q9BQ31,"Potassium channel",http://www.uniprot.org/keywords/KW-0631
https://pharos.nih.gov/idg/targets/Q5JUK3,Q5JUK3,"Complete proteome",http://www.uniprot.org/keywords/KW-0181
https://pharos.nih.gov/idg/targets/Q5JUK3,Q5JUK3,"Reference proteome",http://www.uniprot.org/keywords/KW-1185
https://pharos.nih.gov/idg/targets/Q5JUK3,Q5JUK3,"Alternative splicing",http://www.uniprot.org/keywords/KW-0025
https://pharos.nih.gov/idg/targets/Q5JUK3,Q5JUK3,"Disease mutation",http://www.uniprot.org/keywords/KW-0225
https://pharos.nih.gov/idg/targets/Q5JUK3,Q5JUK3,Phosphoprotein,http://www.uniprot.org/keywords/KW-0597
https://pharos.nih.gov/idg/targets/Q5JUK3,Q5JUK3,"Cell membrane",http://www.uniprot.org/keywords/KW-1003
https://pharos.nih.gov/idg/targets/Q5JUK3,Q5JUK3,Glycoprotein,http://www.uniprot.org/keywords/KW-0325
https://pharos.nih.gov/idg/targets/Q5JUK3,Q5JUK3,Membrane,http://www.uniprot.org/keywords/KW-0472
https://pharos.nih.gov/idg/targets/Q5JUK3,Q5JUK3,Transmembrane,http://www.uniprot.org/keywords/KW-0812
https://pharos.nih.gov/idg/targets/Q5JUK3,Q5JUK3,"Transmembrane helix",http://www.uniprot.org/keywords/KW-1133
https://pharos.nih.gov/idg/targets/Q5JUK3,Q5JUK3,Calcium,http://www.uniprot.org/keywords/KW-0106
https://pharos.nih.gov/idg/targets/Q5JUK3,Q5JUK3,Transport,http://www.uniprot.org/keywords/KW-0813
https://pharos.nih.gov/idg/targets/Q5JUK3,Q5JUK3,"Ion channel",http://www.uniprot.org/keywords/KW-0407
https://pharos.nih.gov/idg/targets/Q5JUK3,Q5JUK3,"Ion transport",http://www.uniprot.org/keywords/KW-0406
https://pharos.nih.gov/idg/targets/Q5JUK3,Q5JUK3,Potassium,http://www.uniprot.org/keywords/KW-0630
https://pharos.nih.gov/idg/targets/Q5JUK3,Q5JUK3,"Potassium transport",http://www.uniprot.org/keywords/KW-0633
https://pharos.nih.gov/idg/targets/Q5JUK3,Q5JUK3,"Potassium channel",http://www.uniprot.org/keywords/KW-0631
https://pharos.nih.gov/idg/targets/Q5JUK3,Q5JUK3,Epilepsy,http://www.uniprot.org/keywords/KW-0887
https://pharos.nih.gov/idg/targets/Q6UVM3,Q6UVM3,"Complete proteome",http://www.uniprot.org/keywords/KW-0181
https://pharos.nih.gov/idg/targets/Q6UVM3,Q6UVM3,Polymorphism,http://www.uniprot.org/keywords/KW-0621
https://pharos.nih.gov/idg/targets/Q6UVM3,Q6UVM3,"Reference proteome",http://www.uniprot.org/keywords/KW-1185
https://pharos.nih.gov/idg/targets/Q6UVM3,Q6UVM3,"Alternative splicing",http://www.uniprot.org/keywords/KW-0025
https://pharos.nih.gov/idg/targets/Q6UVM3,Q6UVM3,Phosphoprotein,http://www.uniprot.org/keywords/KW-0597
https://pharos.nih.gov/idg/targets/Q6UVM3,Q6UVM3,"Cell membrane",http://www.uniprot.org/keywords/KW-1003
https://pharos.nih.gov/idg/targets/Q6UVM3,Q6UVM3,Glycoprotein,http://www.uniprot.org/keywords/KW-0325
https://pharos.nih.gov/idg/targets/Q6UVM3,Q6UVM3,Membrane,http://www.uniprot.org/keywords/KW-0472
https://pharos.nih.gov/idg/targets/Q6UVM3,Q6UVM3,Transmembrane,http://www.uniprot.org/keywords/KW-0812
https://pharos.nih.gov/idg/targets/Q6UVM3,Q6UVM3,"Transmembrane helix",http://www.uniprot.org/keywords/KW-1133
https://pharos.nih.gov/idg/targets/Q6UVM3,Q6UVM3,ATP-binding,http://www.uniprot.org/keywords/KW-0067
https://pharos.nih.gov/idg/targets/Q6UVM3,Q6UVM3,Nucleotide-binding,http://www.uniprot.org/keywords/KW-0547
https://pharos.nih.gov/idg/targets/Q6UVM3,Q6UVM3,Transport,http://www.uniprot.org/keywords/KW-0813
https://pharos.nih.gov/idg/targets/Q6UVM3,Q6UVM3,"Ion channel",http://www.uniprot.org/keywords/KW-0407
https://pharos.nih.gov/idg/targets/Q6UVM3,Q6UVM3,"Ion transport",http://www.uniprot.org/keywords/KW-0406
https://pharos.nih.gov/idg/targets/Q6UVM3,Q6UVM3,Potassium,http://www.uniprot.org/keywords/KW-0630
https://pharos.nih.gov/idg/targets/Q6UVM3,Q6UVM3,"Potassium transport",http://www.uniprot.org/keywords/KW-0633
https://pharos.nih.gov/idg/targets/Q6UVM3,Q6UVM3,"Potassium channel",http://www.uniprot.org/keywords/KW-0631
https://pharos.nih.gov/idg/targets/Q6PIU1,Q6PIU1,"Complete proteome",http://www.uniprot.org/keywords/KW-0181
https://pharos.nih.gov/idg/targets/Q6PIU1,Q6PIU1,Polymorphism,http://www.uniprot.org/keywords/KW-0621
https://pharos.nih.gov/idg/targets/Q6PIU1,Q6PIU1,"Reference proteome",http://www.uniprot.org/keywords/KW-1185
https://pharos.nih.gov/idg/targets/Q6PIU1,Q6PIU1,"Cell membrane",http://www.uniprot.org/keywords/KW-1003
https://pharos.nih.gov/idg/targets/Q6PIU1,Q6PIU1,Membrane,http://www.uniprot.org/keywords/KW-0472
https://pharos.nih.gov/idg/targets/Q6PIU1,Q6PIU1,Transmembrane,http://www.uniprot.org/keywords/KW-0812
https://pharos.nih.gov/idg/targets/Q6PIU1,Q6PIU1,"Transmembrane helix",http://www.uniprot.org/keywords/KW-1133
https://pharos.nih.gov/idg/targets/Q6PIU1,Q6PIU1,Transport,http://www.uniprot.org/keywords/KW-0813
https://pharos.nih.gov/idg/targets/Q6PIU1,Q6PIU1,"Ion channel",http://www.uniprot.org/keywords/KW-0407
https://pharos.nih.gov/idg/targets/Q6PIU1,Q6PIU1,"Ion transport",http://www.uniprot.org/keywords/KW-0406
https://pharos.nih.gov/idg/targets/Q6PIU1,Q6PIU1,"Voltage-gated channel",http://www.uniprot.org/keywords/KW-0851
https://pharos.nih.gov/idg/targets/Q6PIU1,Q6PIU1,Potassium,http://www.uniprot.org/keywords/KW-0630
https://pharos.nih.gov/idg/targets/Q6PIU1,Q6PIU1,"Potassium transport",http://www.uniprot.org/keywords/KW-0633
https://pharos.nih.gov/idg/targets/Q6PIU1,Q6PIU1,"Potassium channel",http://www.uniprot.org/keywords/KW-0631
