"URL","Uniprot ID","GeneSymbol","Name","Description","Development Level","DTOClass","PantherClass","Novelty","Target Family","PatentCount","AntibodyCount","PubmedCount","Knowledge Availability","PubmedScore","PubtatorScore","PMIDs"
https://pharos.nih.gov/idg/targets/O94759,O94759,TRPM2,"Transient receptor potential cation channel subfamily M member 2","Isoform 3: Lacks cation channel activity and negatively regulates the channel activity of isoform 1. Negatively regulates susceptibility to cell death in reposponse to oxidative stress.",Tchem,"TRPM2 sub-subfamily","ion channel",-1.3431812562907204,"Ion Channel",17620,209,101,30.32,25.14,191.15,28007458|27694440|27632706|27623379|27569419|27383051|27322457|27245989|27068538|26839633|26656285|26558786|26420388|26311765|26178079|25918360|25760728|25760245|25675998|25620041|25576627|25562606|25391657|25084624|24931166|24337049|24004350|23957292|23910495|23629676|23458684|23443543|23302782|23277130|23185472|23142700|22931549|22750002|22547068|22493272|22226147|21602277|21505784|21193737|20799912|20660597|20650899|20587417|20515676|20237295|20194125|20107186|20029400|19887679|19749482|19652898|19454650|19382906|19171771|19133961|19004782|18957938|18687688|18599483|18572241|18048770|17940282|17604279|17525977|17251321|17217061|17060318|16822940|16777714|16733555|16719842|16601673|16585058|16565078|16461353|16382100|16316998|16306129|16260005|16252251|16075382|15808509|15708008|15561722|12594222|12564954|12529379|12477932|12377790|12032305|11960981|11804595|11509734|11385575|11290752|10830953|9806837|9179495
https://pharos.nih.gov/idg/targets/Q9Y5S1,Q9Y5S1,TRPV2,"Transient receptor potential cation channel subfamily V member 2","Calcium-permeable, non-selective cation channel with an outward rectification. Seems to be regulated, at least in part, by IGF-I, PDGF and neuropeptide head activator. May transduce physical stimuli in mast cells. Activated by temperatures higher than 52 degrees Celsius; is not activated by vanilloids and acidic pH.",Tchem,"TRPV2 sub-subfamily","ion channel",-2.2852529144738583,"Ion Channel",49966,203,49,34.28,197.87,83.28,27553072|27298359|27079220|26865051|26416880|25869297|25641129|25333484|25268680|25001513|24878697|24764033|24475260|24275569|24206072|23964684|23786999|23741410|23542034|23453732|23426965|23294145|23186163|22327830|21574765|21506114|20926660|20686800|20113837|20103638|20093382|19619644|19482060|18983665|18787888|17977643|17081065|16882997|16777226|16625196|16533525|16382100|15489334|15249591|14702039|12765698|12765693|12477932|12093812|12077606|10887936|10201375
https://pharos.nih.gov/idg/targets/Q96QT4,Q96QT4,TRPM7,"Transient receptor potential cation channel subfamily M member 7","Essential ion channel and serine/threonine-protein kinase. Divalent cation channel permeable to calcium and magnesium. Has a central role in magnesium ion homeostasis and in the regulation of anoxic neuronal cell death. Involved in TNF-induced necroptosis downstream of MLKL by mediating calcium influx. The kinase activity is essential for the channel function. May be involved in a fundamental process that adjusts plasma membrane divalent cation fluxes according to the metabolic state of the cell. Phosphorylates annexin A1 (ANXA1).",Tchem,"TRPM7 sub-subfamily","ion channel",-2.5315389406873834,"Ion Channel",11925,317,137,47.47,365.47,249.19,28870815|28849029|28791418|28696294|28609676|28573641|28545665|28533887|28499095|28393175|28379203|28356194|28314277|28284058|28129376|28061441|27693494|27651019|27466368|27402209|27020697|26874684|26780729|26779625|26563869|26179995|25983327|25946314|25797249|25472964|25450691|25438992|25304381|25277194|25263397|25192910|25130439|25069584|24952745|24952306|24938632|24935580|24920677|24858416|24855944|24849279|24769209|24756720|24752033|24710004|24445362|24385424|24316671|24223965|24138320|23934071|23838006|23533657|23471296|23353055|23247582|23186163|23168410|23166209|22871386|22820907|22802050|22759789|22698280|22671428|22634382|22566504|22460708|22323115|22308955|22301056|22183257|22102510|21926172|21627970|21443732|21183474|21150127|21122141|21112387|20875900|20075334|20070945|20068231|19998500|19644062|19515901|19454490|19413330|19405049|19149903|19145781|19032368|18826101|18719395|18675813|18669648|18390554|18365021|18301276|18192217|18073331|18006838|17823441|17785843|17646711|17510191|17344846|17310095|17217066|17095511|16943238|16636202|16533898|16436382|16407977|16382100|16357306|16344560|16150690|16075242|16051700|15781465|15591230|15489334|15485879|15342556|15069188|14976260|14702039|14594813|12887921|12477932|11941371|11385574|11161216|10021370
https://pharos.nih.gov/idg/targets/Q9HCF6,Q9HCF6,TRPM3,"Transient receptor potential cation channel subfamily M member 3","Calcium channel mediating constitutive calcium ion entry. Its activity is increased by reduction in extracellular osmolarity, by store depletion and muscarinic receptor activation.",Tchem,"TRPM3 sub-subfamily","ion channel",-2.1923628367973973,"Ion Channel",12163,121,40,41.73,141.82,55.11,27727448|27227024|26891941|26546534|26517445|26493679|26123195|26123194|25576487|25517751|25090642|24895737|23449627|23121507|22961981|22451665|22000496|21278253|20855565|20834067|20401728|20360246|19240061|18224337|17233610|17217062|16382100|15824111|15550678|15489334|15164053|14702039|12672827|12672799|12477932|12107413|12107412|11230166|10997877|8889548|8125298
https://pharos.nih.gov/idg/targets/Q9HCX4,Q9HCX4,TRPC7,"Short transient receptor potential channel 7","Thought to form a receptor-activated non-selective calcium permeant cation channel. Probably is operated by a phosphatidylinositol second messenger system activated by receptor tyrosine kinases or G-protein coupled receptors. Activated by diacylglycerol (DAG) (By similarity). May also be activated by intracellular calcium store depletion.",Tchem,"TRPC7 sub-subfamily","ion channel",-2.4377535420907526,"Ion Channel",4184,220,15,29.01,199.76,76.58,24470487|21402151|20379614|19812035|19240791|18021175|17850865|17217055|16741513|16382100|16123040|15972814|15757897|15489334|15372022|15342342|12477932|11805119
https://pharos.nih.gov/idg/targets/Q9HBA0,Q9HBA0,TRPV4,"Transient receptor potential cation channel subfamily V member 4","Non-selective calcium permeant cation channel involved in osmotic sensitivity and mechanosensitivity. Activation by exposure to hypotonicity within the physiological range exhibits an outward rectification (PubMed:18826956, PubMed:18695040). Also activated by heat, low pH, citrate and phorbol esters (PubMed:18826956, PubMed:18695040). Increase of intracellular Ca(2+) potentiates currents. Channel activity seems to be regulated by a calmodulin-dependent mechanism with a negative feedback mechanism (PubMed:12724311, PubMed:18826956). Promotes cell-cell junction formation in skin keratinocytes and plays an important role in the formation and/or maintenance of functional intercellular barriers (By similarity). Acts as a regulator of intracellular Ca(2+) in synoviocytes (PubMed:19759329). Plays an obligatory role as a molecular component in the nonselective cation channel activation induced by 4-alpha-phorbol 12,13-didecanoate and hypotonic stimulation in synoviocytes and also regulates production of IL-8 (PubMed:19759329). Together with PKD2, forms mechano- and thermosensitive channels in cilium (PubMed:18695040). Negatively regulates expression of PPARGC1A, UCP1, oxidative metabolism and respiration in adipocytes (By similarity). Regulates expression of chemokines and cytokines related to proinflammatory pathway in adipocytes (By similarity). Together with AQP5, controls regulatory volume decrease in salivary epithelial cells (By similarity). Required for normal development and maintenance of bone and cartilage (PubMed:26249260).",Tchem,"TRPV4 sub-subfamily","ion channel",-2.8601586799783605,"Ion Channel",81382,258,178,44.17,747.33,339.81,29126921|28951460|28759041|28687525|28414187|28368307|28098409|27706112|27687509|27599507|27530454|27496898|27436359|27434269|27330106|27003252|26948711|26874068|26865051|26851262|26842013|26823048|26702092|26475857|26381274|26358221|26330151|26294342|26289129|26259779|26249260|26222277|26170305|26146187|26110311|26019339|25933715|25911511|25900305|25878251|25737550|25647731|25559845|25511389|25449039|25333484|25301060|25256292|25143588|25118282|25114176|24911002|24868547|24789864|24789205|24695993|24643128|24577120|24559391|24509911|24440740|24206072|24084385|23999312|23964684|23690576|23333822|23306656|23288842|23143559|23136043|23108102|23086916|23049542|22882778|22851605|22814746|22791502|22702953|22689561|22689196|22675077|22617546|22526352|22374181|22328087|22327830|22300296|22187434|22140047|22101010|21996372|21964829|21964574|21685934|21658220|21573172|21506114|21493730|21454511|21339821|21336783|21288981|21262839|21245013|21115951|20888819|20650893|20639579|20605796|20577006|20503319|20460441|20425821|20399209|20392266|20190511|20043876|20037588|20037587|20037586|19759329|19749483|19701771|19666518|19661060|19359599|19279160|19232556|19066426|19033444|19027987|18983665|18845910|18826956|18787888|18695040|18682435|18587396|18552442|18458941|18378772|18355916|18343379|18307101|18305162|18284852|18174177|17932042|17521436|17374521|17233610|17217058|16627472|16537379|16403833|16382100|16368742|16344560|16293632|15753126|15489334|15489228|15075247|14517216|12724311|12692122|12538589|12477932|12354759|12093812|12077606|11827975|11160995|11094154|11081638|11025659|10717675|10463355
https://pharos.nih.gov/idg/targets/Q9NZQ8,Q9NZQ8,TRPM5,"Transient receptor potential cation channel subfamily M member 5","Voltage-modulated Ca(2+)-activated, monovalent cation channel (VCAM) that mediates a transient membrane depolarization and plays a central role in taste transduction. Monovalent-specific, non-selective cation channel that mediates the transport of Na(+), K(+) and Cs(+) ions equally well. Activated directly by increases in intracellular Ca(2+), but is impermeable to it. Gating is voltage-dependent and displays rapid activation and deactivation kinetics upon channel stimulation even during sustained elevations in Ca(2+). Also activated by a fast intracellular Ca(2+) increase in response to inositol 1,4,5-triphosphate-producing receptor agonists. The channel is blocked by extracellular acidification. External acidification has 2 effects, a fast reversible block of the current and a slower irreversible enhancement of current inactivation. Is a highly temperature-sensitive, heat activated channel showing a steep increase of inward currents at temperatures between 15 and 35 degrees Celsius. Heat activation is due to a shift of the voltage-dependent activation curve to negative potentials. Activated by arachidonic acid in vitro. May be involved in perception of bitter, sweet and umami tastes. May also be involved in sensing semiochemicals.",Tchem,"TRPM5 sub-subfamily","ion channel",-1.9861124634240677,"Ion Channel",11595,113,22,22.11,95.47,46.64,26571400|26546534|25967713|24952745|24288162|24019741|23884414|23844940|23741618|21489577|21133676|20660057|19773279|17217064|16554811|16382100|15731110|15489334|14657398|14634208|12477932|12368808|10915772|10607831
https://pharos.nih.gov/idg/targets/O75762,O75762,TRPA1,"Transient receptor potential cation channel subfamily A member 1","Receptor-activated non-selective cation channel involved in detection of pain and possibly also in cold perception and inner ear function (PubMed:25389312, PubMed:25855297). Has a central role in the pain response to endogenous inflammatory mediators and to a diverse array of volatile irritants, such as mustard oil, cinnamaldehyde, garlic and acrolein, an irritant from tears gas and vehicule exhaust fumes (PubMed:25389312, PubMed:20547126). Is also activated by menthol (in vitro)(PubMed:25389312). Acts also as a ionotropic cannabinoid receptor by being activated by delta(9)-tetrahydrocannabinol (THC), the psychoactive component of marijuana (PubMed:25389312). May be a component for the mechanosensitive transduction channel of hair cells in inner ear, thereby participating in the perception of sounds. Probably operated by a phosphatidylinositol second messenger system (By similarity).",Tclin,"Transient receptor potential calcium channel (TRP-CC) family",,-2.8800318713051993,"Ion Channel",28792,185,123,33.19,848.28,407.96,29084244|28629997|28364279|28194754|28187208|28076424|28043013|28030472|27824920|27779810|27758864|27718297|27589700|27515912|27333657|27281024|27079970|26928772|26849948|26634370|26530852|26504357|26358221|26330615|26283426|26054320|26046936|26039217|25911511|25855297|25765567|25724085|25687973|25654580|25642661|25564678|25484020|25405290|25389312|25271161|25265225|25056810|24975826|24944203|24871046|24815021|24752136|24695993|24564660|24496475|24275229|24206072|24140646|24084605|24071625|24037916|24002057|23994502|23994313|23709225|23707266|23558672|23508958|23478802|23415228|23345429|23219522|23133611|22905134|22863862|22843691|22740698|22665484|22461626|22458587|22426997|22222967|21993194|21981454|21962912|21930928|21848366|21719896|21419293|21195050|21168271|21133676|21112285|21094256|21037510|20946100|20547126|20457836|20194132|20190512|19715741|19507192|19507004|19369549|19282836|19237591|19211797|19159452|19074743|19059884|18988737|18954467|18775987|18769139|18671867|18499726|18463259|18456404|18440147|18384850|17571167|17285310|17217068|17164327|16500080|16421571|16382100|14712238|10066796|9511734
https://pharos.nih.gov/idg/targets/Q9GZU1,Q9GZU1,MCOLN1,Mucolipin-1,"May contribute to cellular lipase activity within the late endosomal pathway or at the cell surface which may be involved in processes of membrane reshaping and vesiculation, especially the growth of tubular structures. However, it is not known, whether it conveys the enzymatic activity directly, or merely facilitates the activity of an associated phospholipase.",Tchem,"MCOLN1 sub-subfamily","ion channel",-2.434593781134609,"Ion Channel",48723,132,72,41.11,272.22,184.64,29019983|28360104|28112729|28087698|27787197|27623384|27577094|27357649|26195823|26009188|25733853|25130899|24960374|24192042|23685283|23418601|23382219|23368743|23047439|22733759|22415822|22262857|21889421|21613607|21540176|21290297|21256127|21224396|20864526|20736310|19885840|19864416|19763610|19638346|19159218|19006653|18794901|18504305|18264947|18029348|17988215|17924347|17897319|17306511|17239335|16978393|16959974|16645217|16606612|16517607|16497227|16382100|16361256|16287144|16257972|16133264|15523648|15489334|15345747|15336987|15178326|15070744|14749347|14702039|12477932|12459486|12182165|12125810|11326278|11318610|11317355|11030752|11013137|10973263|10441585|8125298|2874839
https://pharos.nih.gov/idg/targets/Q8NER1,Q8NER1,TRPV1,"Transient receptor potential cation channel subfamily V member 1","Ligand-activated non-selective calcium permeant cation channel involved in detection of noxious chemical and thermal stimuli. Seems to mediate proton influx and may be involved in intracellular acidosis in nociceptive neurons. Involved in mediation of inflammatory pain and hyperalgesia. Sensitized by a phosphatidylinositol second messenger system activated by receptor tyrosine kinases, which involves PKC isozymes and PCL. Activation by vanilloids, like capsaicin, and temperatures higher than 42 degrees Celsius, exhibits a time- and Ca(2+)-dependent outward rectification, followed by a long-lasting refractory state. Mild extracellular acidic pH (6.5) potentiates channel activation by noxious heat and vanilloids, whereas acidic conditions (pH <6) directly activate the channel. Can be activated by endogenous compounds, including 12-hydroperoxytetraenoic acid and bradykinin. Acts as ionotropic endocannabinoid receptor with central neuromodulatory effects. Triggers a form of long-term depression (TRPV1-LTD) mediated by the endocannabinoid anandamine in the hippocampus and nucleus accumbens by affecting AMPA receptors endocytosis.",Tclin,"TRPV1 sub-subfamily","ion channel",-3.2677993028527617,"Ion Channel",128541,373,314,43.05,1774.56,1421.02,29149168|28637794|28522561|28364279|28336810|28284340|28187208|28063984|28044278|27992447|27758864|27699868|27663071|27627464|27623929|27606946|27512850|27456865|27438088|27436359|27339229|27333657|27322240|27314441|27312995|27287034|27250983|27240888|27180305|27163769|27150432|27038373|27016779|26947234|26882503|26796050|26755770|26753651|26752109|26702055|26700618|26695734|26645885|26530852|26517313|26490328|26436415|26420335|26390894|26387947|26343051|26337663|26294672|26283426|26146187|26054320|25911511|25860199|25814480|25781982|25715236|25670203|25666878|25642661|25641129|25585038|25561742|25505315|25481381|25449039|25445434|25425643|25336328|25333484|25319702|25301060|25288608|25266715|25257701|25216685|25210497|25170901|24931369|24889371|24871046|24868547|24798548|24764033|24720453|24658385|24599956|24569998|24564662|24564660|24458144|24340836|24312564|24296694|24275229|24190005|24189713|24152419|24139494|24098582|24084605|24073800|24002057|23902373|23820422|23709255|23699529|23689362|23616546|23510405|23508958|23458684|23453732|23398938|23279936|23264624|23183769|23139219|23123284|23074220|23047628|22942745|22936245|22935106|22883519|22870787|22829138|22820645|22814029|22809607|22792722|22691178|22647236|22570472|22568077|22566504|22556011|22518827|22493457|22443337|22401740|22389490|22327830|22262885|22262838|22260796|22242698|22171160|22162417|22089942|21981454|21962912|21960521|21956871|21951314|21945155|21926175|21911503|21654202|21616913|21555515|21546516|21506114|21493704|21451044|21351130|21345654|21310942|21285946|21168271|21160085|21083604|21076424|21076423|21044960|21037510|20807792|20696376|20691059|20639579|20628086|20518854|20515731|20456759|20379614|20351268|20190512|20145248|20096818|20060270|20034385|19959817|19923855|19913121|19877503|19801576|19778904|19770677|19749171|19656659|19651168|19619644|19608651|19598235|19482060|19397909|19333172|19328632|19161409|19074743|19056576|19036069|18983665|18852901|18830626|18791833|18787888|18786439|18769453|18584893|18574245|18559878|18552442|18503554|18499726|18482991|18414789|18267041|18230619|18222434|18076848|17927589|17913835|17659837|17626206|17596456|17582772|17567713|17560936|17521436|17508360|17508023|17442052|17442041|17428642|17392452|17385724|17347480|17217056|17184838|17176640|17109831|17074976|17018028|17016800|16996800|16996476|16842630|16793902|16777226|16625196|16406364|16382100|16381901|16319926|16301147|16099171|16081411|15992990|15793280|15738111|15708075|15691846|15685214|15644492|15574747|15489336|15489334|15306801|15190102|15066994|15051629|14996838|14987252|14630912|14554100|14523239|14520770|14506258|12812762|12808128|12765698|12721390|12573376|12490594|12477932|12454015|12393854|12194871|12077606|11884385|11549313|11358970|11243859|11230166|11226139|11124944|11076863|11050376|10725386|10201375|9349813
https://pharos.nih.gov/idg/targets/Q7Z4N2,Q7Z4N2,TRPM1,"Transient receptor potential cation channel subfamily M member 1","Cation channel essential for the depolarizing photoresponse of retinal ON bipolar cells. It is part of the GRM6 signaling cascade. May play a role in metastasis suppression (By similarity). May act as a spontaneously active, calcium-permeable plasma membrane channel.",Tchem,"TRPM1 sub-subfamily","ion channel",-1.9492553267534838,"Ion Channel",4688,40,38,32.17,88.58,55.57,28813576|28112729|27987328|27084085|25112866|24668847|24053997|23936334|23714322|23505323|23452348|22735794|21896854|21832182|21611200|21439949|21290293|21278253|20846719|20482673|20346272|20300565|19896113|19896109|19887679|19878917|19721433|19587221|19436059|19396153|16572171|16382100|15489334|14744763|12477932|11535825|11112417|9806836|9537257|8889548
https://pharos.nih.gov/idg/targets/Q9H1D0,Q9H1D0,TRPV6,"Transient receptor potential cation channel subfamily V member 6","Calcium selective cation channel that mediates Ca(2+) uptake in various tissues, including the intestine (PubMed:11097838, PubMed:11278579, PubMed:11248124 PubMed:15184369, PubMed:23612980). Important for normal Ca(2+) ion homeostasis in the body, including bone and skin (By similarity). The channel is activated by low internal calcium level, probably including intracellular calcium store depletion, and the current exhibits an inward rectification (PubMed:15184369). Inactivation includes both a rapid Ca(2+)-dependent and a slower Ca(2+)-calmodulin-dependent mechanism; the latter may be regulated by phosphorylation. In vitro, is slowly inhibited by Mg(2+) in a voltage-independent manner. Heteromeric assembly with TRPV5 seems to modify channel properties. TRPV5-TRPV6 heteromultimeric concatemers exhibit voltage-dependent gating.",Tchem,"TRPV6 sub-subfamily","ion channel",-2.3829891688009153,"Ion Channel",25242,126,97,35.02,247.09,184.43,28578001|28063212|27450545|26818094|26563429|26449889|26283571|25559186|25477137|25372600|25172921|25164318|24761864|24592736|23968883|23612980|23376485|23373973|23300090|23140583|22932896|22807578|22589201|22378746|22354706|22331416|22163264|21810903|21732366|21400627|21349844|21290300|21228504|21146870|20948163|20730379|20684323|20405023|20178461|20041238|19857260|19779013|19295174|19169858|19140341|19056662|18669648|18445599|18395250|18392847|18301763|18276610|18245667|17587679|17550901|17233615|17217060|17197020|17002582|16717058|16574738|16564089|16529812|16382100|16356545|16210335|16189514|15894168|15647288|15582993|15192090|15184369|15020691|14736889|14702039|14604453|14534305|12869611|12765698|12765696|12690205|12660155|12601087|12584203|12477932|12390878|12361955|12138163|12011062|11846401|11744752|11719848|11549322|11545681|11401523|11278579|11248124|11208552|11097838
https://pharos.nih.gov/idg/targets/Q8TD43,Q8TD43,TRPM4,"Transient receptor potential cation channel subfamily M member 4","Calcium-activated non selective (CAN) cation channel that mediates membrane depolarization. While it is activated by increase in intracellular Ca(2+), it is impermeable to it. Mediates transport of monovalent cations (Na(+) > K(+) > Cs(+) > Li(+)), leading to depolarize the membrane. It thereby plays a central role in cadiomyocytes, neurons from entorhinal cortex, dorsal root and vomeronasal neurons, endocrine pancreas cells, kidney epithelial cells, cochlea hair cells etc. Participates in T-cell activation by modulating Ca(2+) oscillations after T lymphocyte activation, which is required for NFAT-dependent IL2 production. Involved in myogenic constriction of cerebral arteries. Controls insulin secretion in pancreatic beta-cells. May also be involved in pacemaking or could cause irregular electrical activity under conditions of Ca(2+) overload. Affects T-helper 1 (Th1) and T-helper 2 (Th2) cell motility and cytokine production through differential regulation of calcium signaling and NFATC1 localization. Enhances cell proliferation through up-regulation of the beta-catenin signaling pathway.",Tchem,"TRPM4 sub-subfamily","ion channel",-2.1965326416779876,"Ion Channel",13257,186,53,37.46,160.86,108.73,28315637|27207958|26820365|26791488|26590985|26571400|26496025|26172285|26110647|26071843|25909699|25231975|25047048|25001294|24866019|24518820|24333049|23796873|23382873|23160238|23116477|21887725|20884614|20656926|20625999|20562447|19945433|19726882|19063936|18262493|17288552|17217063|16806463|16777713|16424899|16407466|16382100|16344560|16186107|15845551|15590641|15550671|15489334|15472118|15331675|15121803|14758478|14702039|12842017|12799367|12477932|12015988|11535825
https://pharos.nih.gov/idg/targets/Q9Y210,Q9Y210,TRPC6,"Short transient receptor potential channel 6","Thought to form a receptor-activated non-selective calcium permeant cation channel (PubMed:19936226, PubMed:23291369). Probably is operated by a phosphatidylinositol second messenger system activated by receptor tyrosine kinases or G-protein coupled receptors. Activated by diacylglycerol (DAG) in a membrane-delimited fashion, independently of protein kinase C (PubMed:26892346). Seems not to be activated by intracellular calcium store depletion.",Tchem,"TRPC6 sub-subfamily","ion channel",-2.823026572065844,"Ion Channel",9162,320,165,43.22,661.60,491.28,28210627|27818466|27506849|27011063|26968768|26937558|26913924|26892346|26858457|26849622|26604306|26581893|26531690|26404773|26392222|26386308|26348127|26239116|26187851|26147534|26127002|25896763|25824146|25603901|25601712|25521631|25385366|25231870|25213992|25019165|24942878|24905090|24598806|24470487|24453217|24418082|24397990|23999069|23976973|23938296|23814119|23700295|23689571|23686700|23671622|23663351|23645677|23636057|23570668|23566105|23525112|23497198|23291369|23171048|23158989|23014460|22980509|22732337|22566504|22554521|22493444|22306362|22004559|22000711|21980113|21864503|21822655|21799177|21757714|21757000|21734084|21525431|21511817|21487005|21471003|20961851|20835261|20798252|20728215|20705603|20554944|20540633|20533864|20395377|20346379|20346360|20306291|20203293|20190513|20028870|19961855|19940041|19936226|19843708|19749484|19701773|19701218|19610066|19458060|19443836|19414653|19394138|19380626|19260825|19129465|19124028|19074769|19052171|18818211|18800249|18784209|18617565|18506892|18495872|18436303|18258814|18209485|18088087|17957383|17872462|17850865|17719101|17699555|17684020|17360584|17317623|17217054|17197445|17116414|17081983|16690880|16527499|16439426|16382100|16034470|15998650|15924139|15879175|15757897|15623527|15489334|15362854|15358862|15023993|14761972|14702039|14699131|14688372|14662757|14505576|12970363|12871853|12857742|12766233|12765698|12736151|12564954|12531519|12477932|12377790|12356946|12351388|12032305|11290752|10998353|10816590|10611319|10368108|9930701|9925922
https://pharos.nih.gov/idg/targets/Q9UL62,Q9UL62,TRPC5,"Short transient receptor potential channel 5","Thought to form a receptor-activated non-selective calcium permeant cation channel. Probably is operated by a phosphatidylinositol second messenger system activated by receptor tyrosine kinases or G-protein coupled receptors. Has also been shown to be calcium-selective (By similarity). May also be activated by intracellular calcium store depletion.",Tchem,"TRPC5 sub-subfamily","ion channel",-2.250022648345169,"Ion Channel",7327,220,58,34.73,171.98,114.07,28864720|28325835|28032400|28000878|27920205|27895148|27165180|25579062|25404731|25140002|25085710|24733904|24582564|24177920|24117252|23677990|23121507|23033978|22988121|22668831|22490661|22457348|22025699|21980113|21734191|21127073|20390293|20378846|20164195|19815560|19701773|19247474|18665391|18495872|18172497|17981154|17925457|17884814|17850865|17233612|17217053|16950785|16382100|16368680|16284075|15895247|15772651|15763245|15757897|15647288|15489334|12858178|12857742|12766233|12736151|12531519|12477932|12032305|11301024|11290752|10980202|10493832|9687496
https://pharos.nih.gov/idg/targets/Q13507,Q13507,TRPC3,"Short transient receptor potential channel 3","Thought to form a receptor-activated non-selective calcium permeant cation channel. Probably is operated by a phosphatidylinositol second messenger system activated by receptor tyrosine kinases or G-protein coupled receptors. Activated by diacylglycerol (DAG) in a membrane-delimited fashion, independently of protein kinase C, and by inositol 1,4,5-triphosphate receptors (ITPR) with bound IP3. May also be activated by internal calcium store depletion.",Tchem,"TRPC3 sub-subfamily","ion channel",-2.46704444025651,"Ion Channel",10872,217,113,38.01,294.61,208.89,27430887|26215710|26108359|25870279|25533457|25477146|25213992|24905090|24453217|23938296|23899746|23800762|23776229|23682725|23580589|22960861|22566504|22566418|22438881|22306362|22207762|21957871|21931279|21802402|21757714|21603869|21321808|21215279|21062895|20728215|20677014|20360250|20190514|20190513|20190511|20179100|20095964|19812035|19749484|19464259|19447651|19417689|19287093|19260825|19168035|19151765|19136933|19074769|19052171|19043047|19032951|18787184|18755685|18700317|18602918|18478545|18436303|18431718|18276585|18262493|18215135|18177730|17967814|17850865|17569672|17360584|17258231|17217051|17023658|16537542|16529812|16484216|16448384|16407161|16382100|16331690|15972814|15834157|15815621|15766521|15757897|15744307|15728370|15654973|15647288|15623527|15489334|15358862|15327778|15271991|15199065|15104175|14983059|14736881|14505576|12970363|12857742|12736256|12736151|12730194|12700192|12606542|12477932|12377790|12356946|12032305|11524429|10611319|9930701|9853757|9535843|9417057|9368034|9215637|8646775|7568191
https://pharos.nih.gov/idg/targets/Q8NET8,Q8NET8,TRPV3,"Transient receptor potential cation channel subfamily V member 3","Putative receptor-activated non-selective calcium permeant cation channel. It is activated by innocuous (warm) temperatures and shows an increased response at noxious temperatures greater than 39 degrees Celsius. Activation exhibits an outward rectification. May associate with TRPV1 and may modulate its activity. Is a negative regulator of hair growth and cycling: TRPV3-coupled signaling suppresses keratinocyte proliferation in hair follicles and induces apoptosis and premature hair follicle regression (catagen).",Tchem,"TRPV3 sub-subfamily","ion channel",-2.1114885915014168,"Ion Channel",51427,273,40,30.24,133.22,86.13,27754757|27273692|27079220|27023518|26902751|26453324|26067147|25829496|25774551|25413349|25333484|25285920|24695993|24463422|24452206|24248473|23848361|23800054|23692804|23382219|22835024|22475759|22405088|22162417|22006988|21593771|21490957|21321070|20395302|19864432|19209153|18983665|18787888|18178557|17521436|16382100|14702039|12477932|12077606|12077604|12016205
https://pharos.nih.gov/idg/targets/Q7Z2W7,Q7Z2W7,TRPM8,"Transient receptor potential cation channel subfamily M member 8","Receptor-activated non-selective cation channel involved in detection of sensations such as coolness, by being activated by cold temperature below 25 degrees Celsius. Activated by icilin, eucalyptol, menthol, cold and modulation of intracellular pH. Involved in menthol sensation. Permeable for monovalent cations sodium, potassium, and cesium and divalent cation calcium. Temperature sensing is tightly linked to voltage-dependent gating. Activated upon depolarization, changes in temperature resulting in graded shifts of its voltage-dependent activation curves. The chemical agonist menthol functions as a gating modifier, shifting activation curves towards physiological membrane potentials. Temperature sensitivity arises from a tenfold difference in the activation energies associated with voltage-dependent opening and closing. In prostate cancer cells, shows strong inward rectification and high calcium selectivity in contrast to its behavior in normal cells which is characterized by outward rectification and poor cationic selectivity. Plays a role in prostate cancer cell migration (PubMed:25559186). Isoform 2 and isoform 3 negatively regulate menthol- and cold-induced channel activity by stabilizing the closed state of the channel.",Tclin,"TRPM8 sub-subfamily","ion channel",-2.644345460659095,"Ion Channel",31418,340,121,34.62,452.30,287.67,29054683|28857015|28767579|28693898|28550110|28238800|28039451|27789940|27317670|27074561|27038374|27014839|26803314|26653082|26645885|26629685|26536261|26330615|26272603|26242276|26163239|26080404|25980497|25967713|25559186|25480783|25348565|25272712|25128062|25125580|25065497|24975826|24917670|24903376|24871046|24658318|24580132|24529757|24342393|24165912|24135298|24084605|24037916|24002057|23943870|23942779|23911290|23828908|23793025|23554496|23508958|23251635|23185472|22860192|22683712|22555807|22460725|22321710|22267123|22238755|22128173|22128172|22072275|22061619|22042233|21762971|21666692|21542321|21419293|21290296|21282398|21245133|21168271|21052713|20948964|20730379|20628086|20605675|20587417|20531306|20482834|20110357|20043080|19913121|19582168|19507192|19482060|19404398|19363131|19234481|19230823|19159452|19095656|18524940|18485891|18458237|18441098|18440147|18384850|18094254|17604279|17521436|17517434|17510704|17428469|17426390|17217067|17142461|17065148|16382100|16174775|15961432|15950184|15947109|15815621|15492228|15489334|15306801|12858355|12477932|11893340|11325849
https://pharos.nih.gov/idg/targets/Q8TDD5,Q8TDD5,MCOLN3,Mucolipin-3,"Nonselective ligand-gated cation channel probably playing a role in the regulation of membrane trafficking events. Acts as Ca(2+)-permeable cation channel with inwardly rectifying activity (PubMed:18369318, PubMed:19497048, PubMed:19522758, PubMed:19885840, PubMed:29106414). Mediates release of Ca(2+) from endosomes to the cytoplasm, contributes to endosomal acidification and is involved in the regulation of membrane trafficking and fusion in the endosomal pathway (PubMed:21245134). Does not seem to act as mechanosensory transduction channel in inner ear sensory hair cells. Proposed to play a critical role at the cochlear stereocilia ankle-link region during hair-bundle growth (By similarity). Involved in the regulation of autophagy (PubMed:19522758). Through association with GABARAPL2 may be involved in autophagosome formation possibly providing Ca(2+) for the fusion process (By similarity). Through a possible and probably tissue-specific heteromerization with MCOLN1 may be at least in part involved in many lysosome-dependent cellular events (PubMed:19885840). Possible heteromeric ion channel assemblies with TRPV5 show pharmacological similarity with TRPML3 (PubMed:23469151).",Tchem,"MCOLN3 sub-subfamily","ion channel",-1.2595124885223312,"Ion Channel",8871,112,21,26.62,16.53,19.81,29106414|24269818|23469151|22753890|21245134|20736310|20378547|19885840|19522758|19497048|19299509|18369318|18162548|17962195|16712791|16710414|16606612|16382100|15342556|14702039|12477932|12403827|11326278
https://pharos.nih.gov/idg/targets/Q9UBN4,Q9UBN4,TRPC4,"Short transient receptor potential channel 4","Form a receptor-activated non-selective calcium permeant cation channel. Acts as a cell-cell contact-dependent endothelial calcium entry channel. Probably operated by a phosphatidylinositol second messenger system activated by receptor tyrosine kinases or G-protein coupled receptors. Mediates cation entry, with an enhanced permeability to barium over calcium. May also be activated by intracellular calcium store depletion.",Tchem,"TRPC4 sub-subfamily","ion channel",-2.2818347497613862,"Ion Channel",5465,229,64,38.30,190.09,125.89,28790178|28522036|28499580|28455787|28325835|28185894|28124739|27992507|27617218|26999308|26755577|26083271|25788576|25476892|25349210|25158072|24603752|24563462|23677990|23549783|23326517|23251661|22920441|22457348|21427121|20574736|20468064|20458742|20379614|20164195|19996314|19725137|19307462|19059308|18048348|18021253|17920677|17850865|17217052|17081983|17074721|17031666|16959974|16527499|16382100|16344560|16254212|16144838|16033767|15757897|15540229|15489334|15358862|15146197|15057823|12857742|12736151|12477932|12356946|12154080|12032305|11713258|11290752|11163362|11042129|10980202|10816590|8646775
https://pharos.nih.gov/idg/targets/Q9NQA5,Q9NQA5,TRPV5,"Transient receptor potential cation channel subfamily V member 5","Constitutively active calcium selective cation channel thought to be involved in Ca(2+) reabsorption in kidney and intestine (PubMed:11549322, PubMed:18768590). Required for normal Ca(2+) reabsorption in the kidney distal convoluted tubules (By similarity). The channel is activated by low internal calcium level and the current exhibits an inward rectification (PubMed:11549322, PubMed:18768590). A Ca(2+)-dependent feedback regulation includes fast channel inactivation and slow current decay (By similarity). Heteromeric assembly with TRPV6 seems to modify channel properties. TRPV5-TRPV6 heteromultimeric concatemers exhibit voltage-dependent gating (By similarity).",Tchem,"TRPV5 sub-subfamily","ion channel",-2.11861191910772,"Ion Channel",15528,222,59,26.09,139.27,102.85,28847730|26837804|26089600|25378396|25164318|25139832|24761864|24592736|23970553|23968883|23469151|23024298|22354706|21952826|21576356|21187068|21063097|21035851|20686800|20547482|20405023|20178461|19453261|19423690|19295174|19261737|19157541|19140341|19131347|18768590|18703016|18669648|18596722|18305097|18077461|17233615|17217059|17018846|16763551|16564089|16382100|16291808|16239475|16189514|16044309|15665527|15489334|15489237|12853948|12765698|12690205|12660155|12477932|12390878|12198212|12093812|12077606|11846401|11719848|11549322|10945469|10944439
