"URL","Uniprot ID","Keyword","Link"
https://pharos.nih.gov/idg/targets/O94759,O94759,"Complete proteome",http://www.uniprot.org/keywords/KW-0181
https://pharos.nih.gov/idg/targets/O94759,O94759,Polymorphism,http://www.uniprot.org/keywords/KW-0621
https://pharos.nih.gov/idg/targets/O94759,O94759,"Reference proteome",http://www.uniprot.org/keywords/KW-1185
https://pharos.nih.gov/idg/targets/O94759,O94759,"Alternative splicing",http://www.uniprot.org/keywords/KW-0025
https://pharos.nih.gov/idg/targets/O94759,O94759,"Cell projection",http://www.uniprot.org/keywords/KW-0966
https://pharos.nih.gov/idg/targets/O94759,O94759,"Cell membrane",http://www.uniprot.org/keywords/KW-1003
https://pharos.nih.gov/idg/targets/O94759,O94759,Membrane,http://www.uniprot.org/keywords/KW-0472
https://pharos.nih.gov/idg/targets/O94759,O94759,Transmembrane,http://www.uniprot.org/keywords/KW-0812
https://pharos.nih.gov/idg/targets/O94759,O94759,"Transmembrane helix",http://www.uniprot.org/keywords/KW-1133
https://pharos.nih.gov/idg/targets/O94759,O94759,Calcium,http://www.uniprot.org/keywords/KW-0106
https://pharos.nih.gov/idg/targets/O94759,O94759,Transport,http://www.uniprot.org/keywords/KW-0813
https://pharos.nih.gov/idg/targets/O94759,O94759,"Calcium channel",http://www.uniprot.org/keywords/KW-0107
https://pharos.nih.gov/idg/targets/O94759,O94759,"Calcium transport",http://www.uniprot.org/keywords/KW-0109
https://pharos.nih.gov/idg/targets/O94759,O94759,"Ion channel",http://www.uniprot.org/keywords/KW-0407
https://pharos.nih.gov/idg/targets/O94759,O94759,"Ion transport",http://www.uniprot.org/keywords/KW-0406
https://pharos.nih.gov/idg/targets/O94759,O94759,Lysosome,http://www.uniprot.org/keywords/KW-0458
https://pharos.nih.gov/idg/targets/O94759,O94759,"Cytoplasmic vesicle",http://www.uniprot.org/keywords/KW-0968
https://pharos.nih.gov/idg/targets/O94759,O94759,Sodium,http://www.uniprot.org/keywords/KW-0915
https://pharos.nih.gov/idg/targets/O94759,O94759,"Sodium channel",http://www.uniprot.org/keywords/KW-0894
https://pharos.nih.gov/idg/targets/O94759,O94759,"Sodium transport",http://www.uniprot.org/keywords/KW-0739
https://pharos.nih.gov/idg/targets/Q9Y5S1,Q9Y5S1,"Complete proteome",http://www.uniprot.org/keywords/KW-0181
https://pharos.nih.gov/idg/targets/Q9Y5S1,Q9Y5S1,Polymorphism,http://www.uniprot.org/keywords/KW-0621
https://pharos.nih.gov/idg/targets/Q9Y5S1,Q9Y5S1,"Reference proteome",http://www.uniprot.org/keywords/KW-1185
https://pharos.nih.gov/idg/targets/Q9Y5S1,Q9Y5S1,Repeat,http://www.uniprot.org/keywords/KW-0677
https://pharos.nih.gov/idg/targets/Q9Y5S1,Q9Y5S1,Cytoplasm,http://www.uniprot.org/keywords/KW-0963
https://pharos.nih.gov/idg/targets/Q9Y5S1,Q9Y5S1,Phosphoprotein,http://www.uniprot.org/keywords/KW-0597
https://pharos.nih.gov/idg/targets/Q9Y5S1,Q9Y5S1,"Cell membrane",http://www.uniprot.org/keywords/KW-1003
https://pharos.nih.gov/idg/targets/Q9Y5S1,Q9Y5S1,Glycoprotein,http://www.uniprot.org/keywords/KW-0325
https://pharos.nih.gov/idg/targets/Q9Y5S1,Q9Y5S1,Membrane,http://www.uniprot.org/keywords/KW-0472
https://pharos.nih.gov/idg/targets/Q9Y5S1,Q9Y5S1,Transmembrane,http://www.uniprot.org/keywords/KW-0812
https://pharos.nih.gov/idg/targets/Q9Y5S1,Q9Y5S1,"Transmembrane helix",http://www.uniprot.org/keywords/KW-1133
https://pharos.nih.gov/idg/targets/Q9Y5S1,Q9Y5S1,3D-structure,http://www.uniprot.org/keywords/KW-0002
https://pharos.nih.gov/idg/targets/Q9Y5S1,Q9Y5S1,Calcium,http://www.uniprot.org/keywords/KW-0106
https://pharos.nih.gov/idg/targets/Q9Y5S1,Q9Y5S1,Transport,http://www.uniprot.org/keywords/KW-0813
https://pharos.nih.gov/idg/targets/Q9Y5S1,Q9Y5S1,"ANK repeat",http://www.uniprot.org/keywords/KW-0040
https://pharos.nih.gov/idg/targets/Q9Y5S1,Q9Y5S1,"Calcium channel",http://www.uniprot.org/keywords/KW-0107
https://pharos.nih.gov/idg/targets/Q9Y5S1,Q9Y5S1,"Calcium transport",http://www.uniprot.org/keywords/KW-0109
https://pharos.nih.gov/idg/targets/Q9Y5S1,Q9Y5S1,"Ion channel",http://www.uniprot.org/keywords/KW-0407
https://pharos.nih.gov/idg/targets/Q9Y5S1,Q9Y5S1,"Ion transport",http://www.uniprot.org/keywords/KW-0406
https://pharos.nih.gov/idg/targets/Q96QT4,Q96QT4,"Complete proteome",http://www.uniprot.org/keywords/KW-0181
https://pharos.nih.gov/idg/targets/Q96QT4,Q96QT4,Metal-binding,http://www.uniprot.org/keywords/KW-0479
https://pharos.nih.gov/idg/targets/Q96QT4,Q96QT4,Polymorphism,http://www.uniprot.org/keywords/KW-0621
https://pharos.nih.gov/idg/targets/Q96QT4,Q96QT4,"Reference proteome",http://www.uniprot.org/keywords/KW-1185
https://pharos.nih.gov/idg/targets/Q96QT4,Q96QT4,Zinc,http://www.uniprot.org/keywords/KW-0862
https://pharos.nih.gov/idg/targets/Q96QT4,Q96QT4,Phosphoprotein,http://www.uniprot.org/keywords/KW-0597
https://pharos.nih.gov/idg/targets/Q96QT4,Q96QT4,Membrane,http://www.uniprot.org/keywords/KW-0472
https://pharos.nih.gov/idg/targets/Q96QT4,Q96QT4,Transmembrane,http://www.uniprot.org/keywords/KW-0812
https://pharos.nih.gov/idg/targets/Q96QT4,Q96QT4,"Transmembrane helix",http://www.uniprot.org/keywords/KW-1133
https://pharos.nih.gov/idg/targets/Q96QT4,Q96QT4,Acetylation,http://www.uniprot.org/keywords/KW-0007
https://pharos.nih.gov/idg/targets/Q96QT4,Q96QT4,Transferase,http://www.uniprot.org/keywords/KW-0808
https://pharos.nih.gov/idg/targets/Q96QT4,Q96QT4,ATP-binding,http://www.uniprot.org/keywords/KW-0067
https://pharos.nih.gov/idg/targets/Q96QT4,Q96QT4,"Coiled coil",http://www.uniprot.org/keywords/KW-0175
https://pharos.nih.gov/idg/targets/Q96QT4,Q96QT4,Nucleotide-binding,http://www.uniprot.org/keywords/KW-0547
https://pharos.nih.gov/idg/targets/Q96QT4,Q96QT4,Calcium,http://www.uniprot.org/keywords/KW-0106
https://pharos.nih.gov/idg/targets/Q96QT4,Q96QT4,Transport,http://www.uniprot.org/keywords/KW-0813
https://pharos.nih.gov/idg/targets/Q96QT4,Q96QT4,"Calcium channel",http://www.uniprot.org/keywords/KW-0107
https://pharos.nih.gov/idg/targets/Q96QT4,Q96QT4,"Calcium transport",http://www.uniprot.org/keywords/KW-0109
https://pharos.nih.gov/idg/targets/Q96QT4,Q96QT4,"Ion channel",http://www.uniprot.org/keywords/KW-0407
https://pharos.nih.gov/idg/targets/Q96QT4,Q96QT4,"Ion transport",http://www.uniprot.org/keywords/KW-0406
https://pharos.nih.gov/idg/targets/Q96QT4,Q96QT4,Neurodegeneration,http://www.uniprot.org/keywords/KW-0523
https://pharos.nih.gov/idg/targets/Q96QT4,Q96QT4,Kinase,http://www.uniprot.org/keywords/KW-0418
https://pharos.nih.gov/idg/targets/Q96QT4,Q96QT4,"Serine-threonine-protein kinase",http://www.uniprot.org/keywords/KW-0723
https://pharos.nih.gov/idg/targets/Q96QT4,Q96QT4,"Amyotrophic lateral sclerosis",http://www.uniprot.org/keywords/KW-0036
https://pharos.nih.gov/idg/targets/Q96QT4,Q96QT4,Necrosis,http://www.uniprot.org/keywords/KW-1210
https://pharos.nih.gov/idg/targets/Q96QT4,Q96QT4,Parkinsonism,http://www.uniprot.org/keywords/KW-0908
https://pharos.nih.gov/idg/targets/Q9HCF6,Q9HCF6,"Complete proteome",http://www.uniprot.org/keywords/KW-0181
https://pharos.nih.gov/idg/targets/Q9HCF6,Q9HCF6,Polymorphism,http://www.uniprot.org/keywords/KW-0621
https://pharos.nih.gov/idg/targets/Q9HCF6,Q9HCF6,"Reference proteome",http://www.uniprot.org/keywords/KW-1185
https://pharos.nih.gov/idg/targets/Q9HCF6,Q9HCF6,"Alternative splicing",http://www.uniprot.org/keywords/KW-0025
https://pharos.nih.gov/idg/targets/Q9HCF6,Q9HCF6,Membrane,http://www.uniprot.org/keywords/KW-0472
https://pharos.nih.gov/idg/targets/Q9HCF6,Q9HCF6,Transmembrane,http://www.uniprot.org/keywords/KW-0812
https://pharos.nih.gov/idg/targets/Q9HCF6,Q9HCF6,"Transmembrane helix",http://www.uniprot.org/keywords/KW-1133
https://pharos.nih.gov/idg/targets/Q9HCF6,Q9HCF6,"Coiled coil",http://www.uniprot.org/keywords/KW-0175
https://pharos.nih.gov/idg/targets/Q9HCF6,Q9HCF6,Calcium,http://www.uniprot.org/keywords/KW-0106
https://pharos.nih.gov/idg/targets/Q9HCF6,Q9HCF6,Transport,http://www.uniprot.org/keywords/KW-0813
https://pharos.nih.gov/idg/targets/Q9HCF6,Q9HCF6,"Calcium channel",http://www.uniprot.org/keywords/KW-0107
https://pharos.nih.gov/idg/targets/Q9HCF6,Q9HCF6,"Calcium transport",http://www.uniprot.org/keywords/KW-0109
https://pharos.nih.gov/idg/targets/Q9HCF6,Q9HCF6,"Ion channel",http://www.uniprot.org/keywords/KW-0407
https://pharos.nih.gov/idg/targets/Q9HCF6,Q9HCF6,"Ion transport",http://www.uniprot.org/keywords/KW-0406
https://pharos.nih.gov/idg/targets/Q9HCX4,Q9HCX4,"Complete proteome",http://www.uniprot.org/keywords/KW-0181
https://pharos.nih.gov/idg/targets/Q9HCX4,Q9HCX4,Nucleus,http://www.uniprot.org/keywords/KW-0539
https://pharos.nih.gov/idg/targets/Q9HCX4,Q9HCX4,"Reference proteome",http://www.uniprot.org/keywords/KW-1185
https://pharos.nih.gov/idg/targets/Q9HCX4,Q9HCX4,Repeat,http://www.uniprot.org/keywords/KW-0677
https://pharos.nih.gov/idg/targets/Q9HCX4,Q9HCX4,"Alternative splicing",http://www.uniprot.org/keywords/KW-0025
https://pharos.nih.gov/idg/targets/Q9HCX4,Q9HCX4,Phosphoprotein,http://www.uniprot.org/keywords/KW-0597
https://pharos.nih.gov/idg/targets/Q9HCX4,Q9HCX4,"Cell membrane",http://www.uniprot.org/keywords/KW-1003
https://pharos.nih.gov/idg/targets/Q9HCX4,Q9HCX4,Glycoprotein,http://www.uniprot.org/keywords/KW-0325
https://pharos.nih.gov/idg/targets/Q9HCX4,Q9HCX4,Membrane,http://www.uniprot.org/keywords/KW-0472
https://pharos.nih.gov/idg/targets/Q9HCX4,Q9HCX4,Transmembrane,http://www.uniprot.org/keywords/KW-0812
https://pharos.nih.gov/idg/targets/Q9HCX4,Q9HCX4,"Transmembrane helix",http://www.uniprot.org/keywords/KW-1133
https://pharos.nih.gov/idg/targets/Q9HCX4,Q9HCX4,Calcium,http://www.uniprot.org/keywords/KW-0106
https://pharos.nih.gov/idg/targets/Q9HCX4,Q9HCX4,Transport,http://www.uniprot.org/keywords/KW-0813
https://pharos.nih.gov/idg/targets/Q9HCX4,Q9HCX4,"ANK repeat",http://www.uniprot.org/keywords/KW-0040
https://pharos.nih.gov/idg/targets/Q9HCX4,Q9HCX4,"Calcium channel",http://www.uniprot.org/keywords/KW-0107
https://pharos.nih.gov/idg/targets/Q9HCX4,Q9HCX4,"Calcium transport",http://www.uniprot.org/keywords/KW-0109
https://pharos.nih.gov/idg/targets/Q9HCX4,Q9HCX4,"Ion channel",http://www.uniprot.org/keywords/KW-0407
https://pharos.nih.gov/idg/targets/Q9HCX4,Q9HCX4,"Ion transport",http://www.uniprot.org/keywords/KW-0406
https://pharos.nih.gov/idg/targets/Q9HBA0,Q9HBA0,"Complete proteome",http://www.uniprot.org/keywords/KW-0181
https://pharos.nih.gov/idg/targets/Q9HBA0,Q9HBA0,Polymorphism,http://www.uniprot.org/keywords/KW-0621
https://pharos.nih.gov/idg/targets/Q9HBA0,Q9HBA0,"Reference proteome",http://www.uniprot.org/keywords/KW-1185
https://pharos.nih.gov/idg/targets/Q9HBA0,Q9HBA0,Repeat,http://www.uniprot.org/keywords/KW-0677
https://pharos.nih.gov/idg/targets/Q9HBA0,Q9HBA0,"Alternative splicing",http://www.uniprot.org/keywords/KW-0025
https://pharos.nih.gov/idg/targets/Q9HBA0,Q9HBA0,"Cell projection",http://www.uniprot.org/keywords/KW-0966
https://pharos.nih.gov/idg/targets/Q9HBA0,Q9HBA0,Cilium,http://www.uniprot.org/keywords/KW-0969
https://pharos.nih.gov/idg/targets/Q9HBA0,Q9HBA0,"Disease mutation",http://www.uniprot.org/keywords/KW-0225
https://pharos.nih.gov/idg/targets/Q9HBA0,Q9HBA0,Phosphoprotein,http://www.uniprot.org/keywords/KW-0597
https://pharos.nih.gov/idg/targets/Q9HBA0,Q9HBA0,"Cell membrane",http://www.uniprot.org/keywords/KW-1003
https://pharos.nih.gov/idg/targets/Q9HBA0,Q9HBA0,Membrane,http://www.uniprot.org/keywords/KW-0472
https://pharos.nih.gov/idg/targets/Q9HBA0,Q9HBA0,Transmembrane,http://www.uniprot.org/keywords/KW-0812
https://pharos.nih.gov/idg/targets/Q9HBA0,Q9HBA0,"Transmembrane helix",http://www.uniprot.org/keywords/KW-1133
https://pharos.nih.gov/idg/targets/Q9HBA0,Q9HBA0,3D-structure,http://www.uniprot.org/keywords/KW-0002
https://pharos.nih.gov/idg/targets/Q9HBA0,Q9HBA0,ATP-binding,http://www.uniprot.org/keywords/KW-0067
https://pharos.nih.gov/idg/targets/Q9HBA0,Q9HBA0,Nucleotide-binding,http://www.uniprot.org/keywords/KW-0547
https://pharos.nih.gov/idg/targets/Q9HBA0,Q9HBA0,Calcium,http://www.uniprot.org/keywords/KW-0106
https://pharos.nih.gov/idg/targets/Q9HBA0,Q9HBA0,Transport,http://www.uniprot.org/keywords/KW-0813
https://pharos.nih.gov/idg/targets/Q9HBA0,Q9HBA0,"ANK repeat",http://www.uniprot.org/keywords/KW-0040
https://pharos.nih.gov/idg/targets/Q9HBA0,Q9HBA0,"Calcium channel",http://www.uniprot.org/keywords/KW-0107
https://pharos.nih.gov/idg/targets/Q9HBA0,Q9HBA0,"Calcium transport",http://www.uniprot.org/keywords/KW-0109
https://pharos.nih.gov/idg/targets/Q9HBA0,Q9HBA0,"Ion channel",http://www.uniprot.org/keywords/KW-0407
https://pharos.nih.gov/idg/targets/Q9HBA0,Q9HBA0,"Ion transport",http://www.uniprot.org/keywords/KW-0406
https://pharos.nih.gov/idg/targets/Q9HBA0,Q9HBA0,"Cell junction",http://www.uniprot.org/keywords/KW-0965
https://pharos.nih.gov/idg/targets/Q9HBA0,Q9HBA0,Neurodegeneration,http://www.uniprot.org/keywords/KW-0523
https://pharos.nih.gov/idg/targets/Q9HBA0,Q9HBA0,Neuropathy,http://www.uniprot.org/keywords/KW-0622
https://pharos.nih.gov/idg/targets/Q9HBA0,Q9HBA0,Calmodulin-binding,http://www.uniprot.org/keywords/KW-0112
https://pharos.nih.gov/idg/targets/Q9HBA0,Q9HBA0,"Charcot-Marie-Tooth disease",http://www.uniprot.org/keywords/KW-0144
https://pharos.nih.gov/idg/targets/Q9HBA0,Q9HBA0,Dwarfism,http://www.uniprot.org/keywords/KW-0242
https://pharos.nih.gov/idg/targets/Q9NZQ8,Q9NZQ8,"Complete proteome",http://www.uniprot.org/keywords/KW-0181
https://pharos.nih.gov/idg/targets/Q9NZQ8,Q9NZQ8,Polymorphism,http://www.uniprot.org/keywords/KW-0621
https://pharos.nih.gov/idg/targets/Q9NZQ8,Q9NZQ8,"Reference proteome",http://www.uniprot.org/keywords/KW-1185
https://pharos.nih.gov/idg/targets/Q9NZQ8,Q9NZQ8,"Alternative splicing",http://www.uniprot.org/keywords/KW-0025
https://pharos.nih.gov/idg/targets/Q9NZQ8,Q9NZQ8,"Cell membrane",http://www.uniprot.org/keywords/KW-1003
https://pharos.nih.gov/idg/targets/Q9NZQ8,Q9NZQ8,Membrane,http://www.uniprot.org/keywords/KW-0472
https://pharos.nih.gov/idg/targets/Q9NZQ8,Q9NZQ8,Receptor,http://www.uniprot.org/keywords/KW-0675
https://pharos.nih.gov/idg/targets/Q9NZQ8,Q9NZQ8,Transmembrane,http://www.uniprot.org/keywords/KW-0812
https://pharos.nih.gov/idg/targets/Q9NZQ8,Q9NZQ8,"Transmembrane helix",http://www.uniprot.org/keywords/KW-1133
https://pharos.nih.gov/idg/targets/Q9NZQ8,Q9NZQ8,"Coiled coil",http://www.uniprot.org/keywords/KW-0175
https://pharos.nih.gov/idg/targets/Q9NZQ8,Q9NZQ8,Transport,http://www.uniprot.org/keywords/KW-0813
https://pharos.nih.gov/idg/targets/Q9NZQ8,Q9NZQ8,"Ion channel",http://www.uniprot.org/keywords/KW-0407
https://pharos.nih.gov/idg/targets/Q9NZQ8,Q9NZQ8,"Ion transport",http://www.uniprot.org/keywords/KW-0406
https://pharos.nih.gov/idg/targets/Q9NZQ8,Q9NZQ8,"Ligand-gated ion channel",http://www.uniprot.org/keywords/KW-1071
https://pharos.nih.gov/idg/targets/Q9NZQ8,Q9NZQ8,"Voltage-gated channel",http://www.uniprot.org/keywords/KW-0851
https://pharos.nih.gov/idg/targets/O75762,O75762,"Complete proteome",http://www.uniprot.org/keywords/KW-0181
https://pharos.nih.gov/idg/targets/O75762,O75762,Polymorphism,http://www.uniprot.org/keywords/KW-0621
https://pharos.nih.gov/idg/targets/O75762,O75762,"Reference proteome",http://www.uniprot.org/keywords/KW-1185
https://pharos.nih.gov/idg/targets/O75762,O75762,Repeat,http://www.uniprot.org/keywords/KW-0677
https://pharos.nih.gov/idg/targets/O75762,O75762,"Disease mutation",http://www.uniprot.org/keywords/KW-0225
https://pharos.nih.gov/idg/targets/O75762,O75762,"Cell membrane",http://www.uniprot.org/keywords/KW-1003
https://pharos.nih.gov/idg/targets/O75762,O75762,"Disulfide bond",http://www.uniprot.org/keywords/KW-1015
https://pharos.nih.gov/idg/targets/O75762,O75762,Glycoprotein,http://www.uniprot.org/keywords/KW-0325
https://pharos.nih.gov/idg/targets/O75762,O75762,Membrane,http://www.uniprot.org/keywords/KW-0472
https://pharos.nih.gov/idg/targets/O75762,O75762,Transmembrane,http://www.uniprot.org/keywords/KW-0812
https://pharos.nih.gov/idg/targets/O75762,O75762,"Transmembrane helix",http://www.uniprot.org/keywords/KW-1133
https://pharos.nih.gov/idg/targets/O75762,O75762,3D-structure,http://www.uniprot.org/keywords/KW-0002
https://pharos.nih.gov/idg/targets/O75762,O75762,"Coiled coil",http://www.uniprot.org/keywords/KW-0175
https://pharos.nih.gov/idg/targets/O75762,O75762,Transport,http://www.uniprot.org/keywords/KW-0813
https://pharos.nih.gov/idg/targets/O75762,O75762,"ANK repeat",http://www.uniprot.org/keywords/KW-0040
https://pharos.nih.gov/idg/targets/O75762,O75762,"Ion channel",http://www.uniprot.org/keywords/KW-0407
https://pharos.nih.gov/idg/targets/O75762,O75762,"Ion transport",http://www.uniprot.org/keywords/KW-0406
https://pharos.nih.gov/idg/targets/O75762,O75762,"Sensory transduction",http://www.uniprot.org/keywords/KW-0716
https://pharos.nih.gov/idg/targets/Q9GZU1,Q9GZU1,"Complete proteome",http://www.uniprot.org/keywords/KW-0181
https://pharos.nih.gov/idg/targets/Q9GZU1,Q9GZU1,Polymorphism,http://www.uniprot.org/keywords/KW-0621
https://pharos.nih.gov/idg/targets/Q9GZU1,Q9GZU1,"Reference proteome",http://www.uniprot.org/keywords/KW-1185
https://pharos.nih.gov/idg/targets/Q9GZU1,Q9GZU1,"Cell projection",http://www.uniprot.org/keywords/KW-0966
https://pharos.nih.gov/idg/targets/Q9GZU1,Q9GZU1,"Disease mutation",http://www.uniprot.org/keywords/KW-0225
https://pharos.nih.gov/idg/targets/Q9GZU1,Q9GZU1,Phosphoprotein,http://www.uniprot.org/keywords/KW-0597
https://pharos.nih.gov/idg/targets/Q9GZU1,Q9GZU1,"Cell membrane",http://www.uniprot.org/keywords/KW-1003
https://pharos.nih.gov/idg/targets/Q9GZU1,Q9GZU1,"Disulfide bond",http://www.uniprot.org/keywords/KW-1015
https://pharos.nih.gov/idg/targets/Q9GZU1,Q9GZU1,Glycoprotein,http://www.uniprot.org/keywords/KW-0325
https://pharos.nih.gov/idg/targets/Q9GZU1,Q9GZU1,Membrane,http://www.uniprot.org/keywords/KW-0472
https://pharos.nih.gov/idg/targets/Q9GZU1,Q9GZU1,Transmembrane,http://www.uniprot.org/keywords/KW-0812
https://pharos.nih.gov/idg/targets/Q9GZU1,Q9GZU1,"Transmembrane helix",http://www.uniprot.org/keywords/KW-1133
https://pharos.nih.gov/idg/targets/Q9GZU1,Q9GZU1,3D-structure,http://www.uniprot.org/keywords/KW-0002
https://pharos.nih.gov/idg/targets/Q9GZU1,Q9GZU1,Lipoprotein,http://www.uniprot.org/keywords/KW-0449
https://pharos.nih.gov/idg/targets/Q9GZU1,Q9GZU1,Palmitate,http://www.uniprot.org/keywords/KW-0564
https://pharos.nih.gov/idg/targets/Q9GZU1,Q9GZU1,Calcium,http://www.uniprot.org/keywords/KW-0106
https://pharos.nih.gov/idg/targets/Q9GZU1,Q9GZU1,Transport,http://www.uniprot.org/keywords/KW-0813
https://pharos.nih.gov/idg/targets/Q9GZU1,Q9GZU1,"Calcium transport",http://www.uniprot.org/keywords/KW-0109
https://pharos.nih.gov/idg/targets/Q9GZU1,Q9GZU1,"Ion channel",http://www.uniprot.org/keywords/KW-0407
https://pharos.nih.gov/idg/targets/Q9GZU1,Q9GZU1,"Ion transport",http://www.uniprot.org/keywords/KW-0406
https://pharos.nih.gov/idg/targets/Q9GZU1,Q9GZU1,Immunity,http://www.uniprot.org/keywords/KW-0391
https://pharos.nih.gov/idg/targets/Q9GZU1,Q9GZU1,Lysosome,http://www.uniprot.org/keywords/KW-0458
https://pharos.nih.gov/idg/targets/Q9GZU1,Q9GZU1,"Cytoplasmic vesicle",http://www.uniprot.org/keywords/KW-0968
https://pharos.nih.gov/idg/targets/Q9GZU1,Q9GZU1,Endosome,http://www.uniprot.org/keywords/KW-0967
https://pharos.nih.gov/idg/targets/Q9GZU1,Q9GZU1,Lipid-binding,http://www.uniprot.org/keywords/KW-0446
https://pharos.nih.gov/idg/targets/Q9GZU1,Q9GZU1,"Adaptive immunity",http://www.uniprot.org/keywords/KW-1064
https://pharos.nih.gov/idg/targets/Q9GZU1,Q9GZU1,Mucolipidosis,http://www.uniprot.org/keywords/KW-0942
https://pharos.nih.gov/idg/targets/Q8NER1,Q8NER1,"Complete proteome",http://www.uniprot.org/keywords/KW-0181
https://pharos.nih.gov/idg/targets/Q8NER1,Q8NER1,Metal-binding,http://www.uniprot.org/keywords/KW-0479
https://pharos.nih.gov/idg/targets/Q8NER1,Q8NER1,Polymorphism,http://www.uniprot.org/keywords/KW-0621
https://pharos.nih.gov/idg/targets/Q8NER1,Q8NER1,"Reference proteome",http://www.uniprot.org/keywords/KW-1185
https://pharos.nih.gov/idg/targets/Q8NER1,Q8NER1,Repeat,http://www.uniprot.org/keywords/KW-0677
https://pharos.nih.gov/idg/targets/Q8NER1,Q8NER1,"Alternative splicing",http://www.uniprot.org/keywords/KW-0025
https://pharos.nih.gov/idg/targets/Q8NER1,Q8NER1,"Cell projection",http://www.uniprot.org/keywords/KW-0966
https://pharos.nih.gov/idg/targets/Q8NER1,Q8NER1,Phosphoprotein,http://www.uniprot.org/keywords/KW-0597
https://pharos.nih.gov/idg/targets/Q8NER1,Q8NER1,"Cell membrane",http://www.uniprot.org/keywords/KW-1003
https://pharos.nih.gov/idg/targets/Q8NER1,Q8NER1,Glycoprotein,http://www.uniprot.org/keywords/KW-0325
https://pharos.nih.gov/idg/targets/Q8NER1,Q8NER1,Membrane,http://www.uniprot.org/keywords/KW-0472
https://pharos.nih.gov/idg/targets/Q8NER1,Q8NER1,Transmembrane,http://www.uniprot.org/keywords/KW-0812
https://pharos.nih.gov/idg/targets/Q8NER1,Q8NER1,"Transmembrane helix",http://www.uniprot.org/keywords/KW-1133
https://pharos.nih.gov/idg/targets/Q8NER1,Q8NER1,ATP-binding,http://www.uniprot.org/keywords/KW-0067
https://pharos.nih.gov/idg/targets/Q8NER1,Q8NER1,Nucleotide-binding,http://www.uniprot.org/keywords/KW-0547
https://pharos.nih.gov/idg/targets/Q8NER1,Q8NER1,Calcium,http://www.uniprot.org/keywords/KW-0106
https://pharos.nih.gov/idg/targets/Q8NER1,Q8NER1,Transport,http://www.uniprot.org/keywords/KW-0813
https://pharos.nih.gov/idg/targets/Q8NER1,Q8NER1,"ANK repeat",http://www.uniprot.org/keywords/KW-0040
https://pharos.nih.gov/idg/targets/Q8NER1,Q8NER1,"Calcium channel",http://www.uniprot.org/keywords/KW-0107
https://pharos.nih.gov/idg/targets/Q8NER1,Q8NER1,"Calcium transport",http://www.uniprot.org/keywords/KW-0109
https://pharos.nih.gov/idg/targets/Q8NER1,Q8NER1,"Ion channel",http://www.uniprot.org/keywords/KW-0407
https://pharos.nih.gov/idg/targets/Q8NER1,Q8NER1,"Ion transport",http://www.uniprot.org/keywords/KW-0406
https://pharos.nih.gov/idg/targets/Q8NER1,Q8NER1,"Cell junction",http://www.uniprot.org/keywords/KW-0965
https://pharos.nih.gov/idg/targets/Q8NER1,Q8NER1,"Postsynaptic cell membrane",http://www.uniprot.org/keywords/KW-0628
https://pharos.nih.gov/idg/targets/Q8NER1,Q8NER1,Synapse,http://www.uniprot.org/keywords/KW-0770
https://pharos.nih.gov/idg/targets/Q8NER1,Q8NER1,Calmodulin-binding,http://www.uniprot.org/keywords/KW-0112
https://pharos.nih.gov/idg/targets/Q7Z4N2,Q7Z4N2,"Complete proteome",http://www.uniprot.org/keywords/KW-0181
https://pharos.nih.gov/idg/targets/Q7Z4N2,Q7Z4N2,Polymorphism,http://www.uniprot.org/keywords/KW-0621
https://pharos.nih.gov/idg/targets/Q7Z4N2,Q7Z4N2,"Reference proteome",http://www.uniprot.org/keywords/KW-1185
https://pharos.nih.gov/idg/targets/Q7Z4N2,Q7Z4N2,"Alternative splicing",http://www.uniprot.org/keywords/KW-0025
https://pharos.nih.gov/idg/targets/Q7Z4N2,Q7Z4N2,"Disease mutation",http://www.uniprot.org/keywords/KW-0225
https://pharos.nih.gov/idg/targets/Q7Z4N2,Q7Z4N2,"Cell membrane",http://www.uniprot.org/keywords/KW-1003
https://pharos.nih.gov/idg/targets/Q7Z4N2,Q7Z4N2,Membrane,http://www.uniprot.org/keywords/KW-0472
https://pharos.nih.gov/idg/targets/Q7Z4N2,Q7Z4N2,Receptor,http://www.uniprot.org/keywords/KW-0675
https://pharos.nih.gov/idg/targets/Q7Z4N2,Q7Z4N2,Transmembrane,http://www.uniprot.org/keywords/KW-0812
https://pharos.nih.gov/idg/targets/Q7Z4N2,Q7Z4N2,"Transmembrane helix",http://www.uniprot.org/keywords/KW-1133
https://pharos.nih.gov/idg/targets/Q7Z4N2,Q7Z4N2,"Coiled coil",http://www.uniprot.org/keywords/KW-0175
https://pharos.nih.gov/idg/targets/Q7Z4N2,Q7Z4N2,Transport,http://www.uniprot.org/keywords/KW-0813
https://pharos.nih.gov/idg/targets/Q7Z4N2,Q7Z4N2,"Ion channel",http://www.uniprot.org/keywords/KW-0407
https://pharos.nih.gov/idg/targets/Q7Z4N2,Q7Z4N2,"Ion transport",http://www.uniprot.org/keywords/KW-0406
https://pharos.nih.gov/idg/targets/Q7Z4N2,Q7Z4N2,"Ligand-gated ion channel",http://www.uniprot.org/keywords/KW-1071
https://pharos.nih.gov/idg/targets/Q7Z4N2,Q7Z4N2,"Sensory transduction",http://www.uniprot.org/keywords/KW-0716
https://pharos.nih.gov/idg/targets/Q7Z4N2,Q7Z4N2,Vision,http://www.uniprot.org/keywords/KW-0844
https://pharos.nih.gov/idg/targets/Q7Z4N2,Q7Z4N2,"Congenital stationary night blindness",http://www.uniprot.org/keywords/KW-1014
https://pharos.nih.gov/idg/targets/Q9H1D0,Q9H1D0,"Complete proteome",http://www.uniprot.org/keywords/KW-0181
https://pharos.nih.gov/idg/targets/Q9H1D0,Q9H1D0,Metal-binding,http://www.uniprot.org/keywords/KW-0479
https://pharos.nih.gov/idg/targets/Q9H1D0,Q9H1D0,Polymorphism,http://www.uniprot.org/keywords/KW-0621
https://pharos.nih.gov/idg/targets/Q9H1D0,Q9H1D0,"Reference proteome",http://www.uniprot.org/keywords/KW-1185
https://pharos.nih.gov/idg/targets/Q9H1D0,Q9H1D0,Repeat,http://www.uniprot.org/keywords/KW-0677
https://pharos.nih.gov/idg/targets/Q9H1D0,Q9H1D0,"Alternative splicing",http://www.uniprot.org/keywords/KW-0025
https://pharos.nih.gov/idg/targets/Q9H1D0,Q9H1D0,Phosphoprotein,http://www.uniprot.org/keywords/KW-0597
https://pharos.nih.gov/idg/targets/Q9H1D0,Q9H1D0,"Cell membrane",http://www.uniprot.org/keywords/KW-1003
https://pharos.nih.gov/idg/targets/Q9H1D0,Q9H1D0,Glycoprotein,http://www.uniprot.org/keywords/KW-0325
https://pharos.nih.gov/idg/targets/Q9H1D0,Q9H1D0,Membrane,http://www.uniprot.org/keywords/KW-0472
https://pharos.nih.gov/idg/targets/Q9H1D0,Q9H1D0,Transmembrane,http://www.uniprot.org/keywords/KW-0812
https://pharos.nih.gov/idg/targets/Q9H1D0,Q9H1D0,"Transmembrane helix",http://www.uniprot.org/keywords/KW-1133
https://pharos.nih.gov/idg/targets/Q9H1D0,Q9H1D0,Calcium,http://www.uniprot.org/keywords/KW-0106
https://pharos.nih.gov/idg/targets/Q9H1D0,Q9H1D0,Transport,http://www.uniprot.org/keywords/KW-0813
https://pharos.nih.gov/idg/targets/Q9H1D0,Q9H1D0,"ANK repeat",http://www.uniprot.org/keywords/KW-0040
https://pharos.nih.gov/idg/targets/Q9H1D0,Q9H1D0,"Calcium channel",http://www.uniprot.org/keywords/KW-0107
https://pharos.nih.gov/idg/targets/Q9H1D0,Q9H1D0,"Calcium transport",http://www.uniprot.org/keywords/KW-0109
https://pharos.nih.gov/idg/targets/Q9H1D0,Q9H1D0,"Ion channel",http://www.uniprot.org/keywords/KW-0407
https://pharos.nih.gov/idg/targets/Q9H1D0,Q9H1D0,"Ion transport",http://www.uniprot.org/keywords/KW-0406
https://pharos.nih.gov/idg/targets/Q9H1D0,Q9H1D0,Calmodulin-binding,http://www.uniprot.org/keywords/KW-0112
https://pharos.nih.gov/idg/targets/Q8TD43,Q8TD43,"Complete proteome",http://www.uniprot.org/keywords/KW-0181
https://pharos.nih.gov/idg/targets/Q8TD43,Q8TD43,Polymorphism,http://www.uniprot.org/keywords/KW-0621
https://pharos.nih.gov/idg/targets/Q8TD43,Q8TD43,"Reference proteome",http://www.uniprot.org/keywords/KW-1185
https://pharos.nih.gov/idg/targets/Q8TD43,Q8TD43,"Alternative splicing",http://www.uniprot.org/keywords/KW-0025
https://pharos.nih.gov/idg/targets/Q8TD43,Q8TD43,"Disease mutation",http://www.uniprot.org/keywords/KW-0225
https://pharos.nih.gov/idg/targets/Q8TD43,Q8TD43,Phosphoprotein,http://www.uniprot.org/keywords/KW-0597
https://pharos.nih.gov/idg/targets/Q8TD43,Q8TD43,"Ubl conjugation",http://www.uniprot.org/keywords/KW-0832
https://pharos.nih.gov/idg/targets/Q8TD43,Q8TD43,"Cell membrane",http://www.uniprot.org/keywords/KW-1003
https://pharos.nih.gov/idg/targets/Q8TD43,Q8TD43,Membrane,http://www.uniprot.org/keywords/KW-0472
https://pharos.nih.gov/idg/targets/Q8TD43,Q8TD43,Transmembrane,http://www.uniprot.org/keywords/KW-0812
https://pharos.nih.gov/idg/targets/Q8TD43,Q8TD43,"Transmembrane helix",http://www.uniprot.org/keywords/KW-1133
https://pharos.nih.gov/idg/targets/Q8TD43,Q8TD43,"Golgi apparatus",http://www.uniprot.org/keywords/KW-0333
https://pharos.nih.gov/idg/targets/Q8TD43,Q8TD43,"Endoplasmic reticulum",http://www.uniprot.org/keywords/KW-0256
https://pharos.nih.gov/idg/targets/Q8TD43,Q8TD43,ATP-binding,http://www.uniprot.org/keywords/KW-0067
https://pharos.nih.gov/idg/targets/Q8TD43,Q8TD43,"Coiled coil",http://www.uniprot.org/keywords/KW-0175
https://pharos.nih.gov/idg/targets/Q8TD43,Q8TD43,Nucleotide-binding,http://www.uniprot.org/keywords/KW-0547
https://pharos.nih.gov/idg/targets/Q8TD43,Q8TD43,Calcium,http://www.uniprot.org/keywords/KW-0106
https://pharos.nih.gov/idg/targets/Q8TD43,Q8TD43,Transport,http://www.uniprot.org/keywords/KW-0813
https://pharos.nih.gov/idg/targets/Q8TD43,Q8TD43,"Ion channel",http://www.uniprot.org/keywords/KW-0407
https://pharos.nih.gov/idg/targets/Q8TD43,Q8TD43,"Ion transport",http://www.uniprot.org/keywords/KW-0406
https://pharos.nih.gov/idg/targets/Q8TD43,Q8TD43,Immunity,http://www.uniprot.org/keywords/KW-0391
https://pharos.nih.gov/idg/targets/Q8TD43,Q8TD43,Calmodulin-binding,http://www.uniprot.org/keywords/KW-0112
https://pharos.nih.gov/idg/targets/Q8TD43,Q8TD43,"Adaptive immunity",http://www.uniprot.org/keywords/KW-1064
https://pharos.nih.gov/idg/targets/Q9Y210,Q9Y210,"Complete proteome",http://www.uniprot.org/keywords/KW-0181
https://pharos.nih.gov/idg/targets/Q9Y210,Q9Y210,Polymorphism,http://www.uniprot.org/keywords/KW-0621
https://pharos.nih.gov/idg/targets/Q9Y210,Q9Y210,"Reference proteome",http://www.uniprot.org/keywords/KW-1185
https://pharos.nih.gov/idg/targets/Q9Y210,Q9Y210,Repeat,http://www.uniprot.org/keywords/KW-0677
https://pharos.nih.gov/idg/targets/Q9Y210,Q9Y210,"Alternative splicing",http://www.uniprot.org/keywords/KW-0025
https://pharos.nih.gov/idg/targets/Q9Y210,Q9Y210,"Disease mutation",http://www.uniprot.org/keywords/KW-0225
https://pharos.nih.gov/idg/targets/Q9Y210,Q9Y210,Phosphoprotein,http://www.uniprot.org/keywords/KW-0597
https://pharos.nih.gov/idg/targets/Q9Y210,Q9Y210,"Cell membrane",http://www.uniprot.org/keywords/KW-1003
https://pharos.nih.gov/idg/targets/Q9Y210,Q9Y210,Glycoprotein,http://www.uniprot.org/keywords/KW-0325
https://pharos.nih.gov/idg/targets/Q9Y210,Q9Y210,Membrane,http://www.uniprot.org/keywords/KW-0472
https://pharos.nih.gov/idg/targets/Q9Y210,Q9Y210,Transmembrane,http://www.uniprot.org/keywords/KW-0812
https://pharos.nih.gov/idg/targets/Q9Y210,Q9Y210,"Transmembrane helix",http://www.uniprot.org/keywords/KW-1133
https://pharos.nih.gov/idg/targets/Q9Y210,Q9Y210,Calcium,http://www.uniprot.org/keywords/KW-0106
https://pharos.nih.gov/idg/targets/Q9Y210,Q9Y210,Transport,http://www.uniprot.org/keywords/KW-0813
https://pharos.nih.gov/idg/targets/Q9Y210,Q9Y210,"ANK repeat",http://www.uniprot.org/keywords/KW-0040
https://pharos.nih.gov/idg/targets/Q9Y210,Q9Y210,"Calcium channel",http://www.uniprot.org/keywords/KW-0107
https://pharos.nih.gov/idg/targets/Q9Y210,Q9Y210,"Calcium transport",http://www.uniprot.org/keywords/KW-0109
https://pharos.nih.gov/idg/targets/Q9Y210,Q9Y210,"Ion channel",http://www.uniprot.org/keywords/KW-0407
https://pharos.nih.gov/idg/targets/Q9Y210,Q9Y210,"Ion transport",http://www.uniprot.org/keywords/KW-0406
https://pharos.nih.gov/idg/targets/Q9UL62,Q9UL62,"Complete proteome",http://www.uniprot.org/keywords/KW-0181
https://pharos.nih.gov/idg/targets/Q9UL62,Q9UL62,Polymorphism,http://www.uniprot.org/keywords/KW-0621
https://pharos.nih.gov/idg/targets/Q9UL62,Q9UL62,"Reference proteome",http://www.uniprot.org/keywords/KW-1185
https://pharos.nih.gov/idg/targets/Q9UL62,Q9UL62,Repeat,http://www.uniprot.org/keywords/KW-0677
https://pharos.nih.gov/idg/targets/Q9UL62,Q9UL62,"Cell membrane",http://www.uniprot.org/keywords/KW-1003
https://pharos.nih.gov/idg/targets/Q9UL62,Q9UL62,Glycoprotein,http://www.uniprot.org/keywords/KW-0325
https://pharos.nih.gov/idg/targets/Q9UL62,Q9UL62,Membrane,http://www.uniprot.org/keywords/KW-0472
https://pharos.nih.gov/idg/targets/Q9UL62,Q9UL62,Transmembrane,http://www.uniprot.org/keywords/KW-0812
https://pharos.nih.gov/idg/targets/Q9UL62,Q9UL62,"Transmembrane helix",http://www.uniprot.org/keywords/KW-1133
https://pharos.nih.gov/idg/targets/Q9UL62,Q9UL62,Calcium,http://www.uniprot.org/keywords/KW-0106
https://pharos.nih.gov/idg/targets/Q9UL62,Q9UL62,Transport,http://www.uniprot.org/keywords/KW-0813
https://pharos.nih.gov/idg/targets/Q9UL62,Q9UL62,"ANK repeat",http://www.uniprot.org/keywords/KW-0040
https://pharos.nih.gov/idg/targets/Q9UL62,Q9UL62,"Calcium channel",http://www.uniprot.org/keywords/KW-0107
https://pharos.nih.gov/idg/targets/Q9UL62,Q9UL62,"Calcium transport",http://www.uniprot.org/keywords/KW-0109
https://pharos.nih.gov/idg/targets/Q9UL62,Q9UL62,"Ion channel",http://www.uniprot.org/keywords/KW-0407
https://pharos.nih.gov/idg/targets/Q9UL62,Q9UL62,"Ion transport",http://www.uniprot.org/keywords/KW-0406
https://pharos.nih.gov/idg/targets/Q13507,Q13507,"Complete proteome",http://www.uniprot.org/keywords/KW-0181
https://pharos.nih.gov/idg/targets/Q13507,Q13507,"Reference proteome",http://www.uniprot.org/keywords/KW-1185
https://pharos.nih.gov/idg/targets/Q13507,Q13507,Repeat,http://www.uniprot.org/keywords/KW-0677
https://pharos.nih.gov/idg/targets/Q13507,Q13507,"Alternative splicing",http://www.uniprot.org/keywords/KW-0025
https://pharos.nih.gov/idg/targets/Q13507,Q13507,"Disease mutation",http://www.uniprot.org/keywords/KW-0225
https://pharos.nih.gov/idg/targets/Q13507,Q13507,Glycoprotein,http://www.uniprot.org/keywords/KW-0325
https://pharos.nih.gov/idg/targets/Q13507,Q13507,Membrane,http://www.uniprot.org/keywords/KW-0472
https://pharos.nih.gov/idg/targets/Q13507,Q13507,Transmembrane,http://www.uniprot.org/keywords/KW-0812
https://pharos.nih.gov/idg/targets/Q13507,Q13507,"Transmembrane helix",http://www.uniprot.org/keywords/KW-1133
https://pharos.nih.gov/idg/targets/Q13507,Q13507,Calcium,http://www.uniprot.org/keywords/KW-0106
https://pharos.nih.gov/idg/targets/Q13507,Q13507,Transport,http://www.uniprot.org/keywords/KW-0813
https://pharos.nih.gov/idg/targets/Q13507,Q13507,"ANK repeat",http://www.uniprot.org/keywords/KW-0040
https://pharos.nih.gov/idg/targets/Q13507,Q13507,"Calcium channel",http://www.uniprot.org/keywords/KW-0107
https://pharos.nih.gov/idg/targets/Q13507,Q13507,"Calcium transport",http://www.uniprot.org/keywords/KW-0109
https://pharos.nih.gov/idg/targets/Q13507,Q13507,"Ion channel",http://www.uniprot.org/keywords/KW-0407
https://pharos.nih.gov/idg/targets/Q13507,Q13507,"Ion transport",http://www.uniprot.org/keywords/KW-0406
https://pharos.nih.gov/idg/targets/Q13507,Q13507,Neurodegeneration,http://www.uniprot.org/keywords/KW-0523
https://pharos.nih.gov/idg/targets/Q13507,Q13507,"Spinocerebellar ataxia",http://www.uniprot.org/keywords/KW-0950
https://pharos.nih.gov/idg/targets/Q8NET8,Q8NET8,"Complete proteome",http://www.uniprot.org/keywords/KW-0181
https://pharos.nih.gov/idg/targets/Q8NET8,Q8NET8,Polymorphism,http://www.uniprot.org/keywords/KW-0621
https://pharos.nih.gov/idg/targets/Q8NET8,Q8NET8,"Reference proteome",http://www.uniprot.org/keywords/KW-1185
https://pharos.nih.gov/idg/targets/Q8NET8,Q8NET8,Repeat,http://www.uniprot.org/keywords/KW-0677
https://pharos.nih.gov/idg/targets/Q8NET8,Q8NET8,"Alternative splicing",http://www.uniprot.org/keywords/KW-0025
https://pharos.nih.gov/idg/targets/Q8NET8,Q8NET8,"Disease mutation",http://www.uniprot.org/keywords/KW-0225
https://pharos.nih.gov/idg/targets/Q8NET8,Q8NET8,Membrane,http://www.uniprot.org/keywords/KW-0472
https://pharos.nih.gov/idg/targets/Q8NET8,Q8NET8,Transmembrane,http://www.uniprot.org/keywords/KW-0812
https://pharos.nih.gov/idg/targets/Q8NET8,Q8NET8,"Transmembrane helix",http://www.uniprot.org/keywords/KW-1133
https://pharos.nih.gov/idg/targets/Q8NET8,Q8NET8,Calcium,http://www.uniprot.org/keywords/KW-0106
https://pharos.nih.gov/idg/targets/Q8NET8,Q8NET8,Transport,http://www.uniprot.org/keywords/KW-0813
https://pharos.nih.gov/idg/targets/Q8NET8,Q8NET8,"ANK repeat",http://www.uniprot.org/keywords/KW-0040
https://pharos.nih.gov/idg/targets/Q8NET8,Q8NET8,"Calcium channel",http://www.uniprot.org/keywords/KW-0107
https://pharos.nih.gov/idg/targets/Q8NET8,Q8NET8,"Calcium transport",http://www.uniprot.org/keywords/KW-0109
https://pharos.nih.gov/idg/targets/Q8NET8,Q8NET8,"Ion channel",http://www.uniprot.org/keywords/KW-0407
https://pharos.nih.gov/idg/targets/Q8NET8,Q8NET8,"Ion transport",http://www.uniprot.org/keywords/KW-0406
https://pharos.nih.gov/idg/targets/Q8NET8,Q8NET8,"Palmoplantar keratoderma",http://www.uniprot.org/keywords/KW-1007
https://pharos.nih.gov/idg/targets/Q7Z2W7,Q7Z2W7,"Complete proteome",http://www.uniprot.org/keywords/KW-0181
https://pharos.nih.gov/idg/targets/Q7Z2W7,Q7Z2W7,Polymorphism,http://www.uniprot.org/keywords/KW-0621
https://pharos.nih.gov/idg/targets/Q7Z2W7,Q7Z2W7,"Reference proteome",http://www.uniprot.org/keywords/KW-1185
https://pharos.nih.gov/idg/targets/Q7Z2W7,Q7Z2W7,"Alternative splicing",http://www.uniprot.org/keywords/KW-0025
https://pharos.nih.gov/idg/targets/Q7Z2W7,Q7Z2W7,"Cell membrane",http://www.uniprot.org/keywords/KW-1003
https://pharos.nih.gov/idg/targets/Q7Z2W7,Q7Z2W7,Glycoprotein,http://www.uniprot.org/keywords/KW-0325
https://pharos.nih.gov/idg/targets/Q7Z2W7,Q7Z2W7,Membrane,http://www.uniprot.org/keywords/KW-0472
https://pharos.nih.gov/idg/targets/Q7Z2W7,Q7Z2W7,Transmembrane,http://www.uniprot.org/keywords/KW-0812
https://pharos.nih.gov/idg/targets/Q7Z2W7,Q7Z2W7,"Transmembrane helix",http://www.uniprot.org/keywords/KW-1133
https://pharos.nih.gov/idg/targets/Q7Z2W7,Q7Z2W7,"Endoplasmic reticulum",http://www.uniprot.org/keywords/KW-0256
https://pharos.nih.gov/idg/targets/Q7Z2W7,Q7Z2W7,"Coiled coil",http://www.uniprot.org/keywords/KW-0175
https://pharos.nih.gov/idg/targets/Q7Z2W7,Q7Z2W7,Transport,http://www.uniprot.org/keywords/KW-0813
https://pharos.nih.gov/idg/targets/Q7Z2W7,Q7Z2W7,"Ion channel",http://www.uniprot.org/keywords/KW-0407
https://pharos.nih.gov/idg/targets/Q7Z2W7,Q7Z2W7,"Ion transport",http://www.uniprot.org/keywords/KW-0406
https://pharos.nih.gov/idg/targets/Q7Z2W7,Q7Z2W7,"Sensory transduction",http://www.uniprot.org/keywords/KW-0716
https://pharos.nih.gov/idg/targets/Q8TDD5,Q8TDD5,"Complete proteome",http://www.uniprot.org/keywords/KW-0181
https://pharos.nih.gov/idg/targets/Q8TDD5,Q8TDD5,"Reference proteome",http://www.uniprot.org/keywords/KW-1185
https://pharos.nih.gov/idg/targets/Q8TDD5,Q8TDD5,"Alternative splicing",http://www.uniprot.org/keywords/KW-0025
https://pharos.nih.gov/idg/targets/Q8TDD5,Q8TDD5,"Cell membrane",http://www.uniprot.org/keywords/KW-1003
https://pharos.nih.gov/idg/targets/Q8TDD5,Q8TDD5,"Disulfide bond",http://www.uniprot.org/keywords/KW-1015
https://pharos.nih.gov/idg/targets/Q8TDD5,Q8TDD5,Glycoprotein,http://www.uniprot.org/keywords/KW-0325
https://pharos.nih.gov/idg/targets/Q8TDD5,Q8TDD5,Membrane,http://www.uniprot.org/keywords/KW-0472
https://pharos.nih.gov/idg/targets/Q8TDD5,Q8TDD5,Transmembrane,http://www.uniprot.org/keywords/KW-0812
https://pharos.nih.gov/idg/targets/Q8TDD5,Q8TDD5,"Transmembrane helix",http://www.uniprot.org/keywords/KW-1133
https://pharos.nih.gov/idg/targets/Q8TDD5,Q8TDD5,3D-structure,http://www.uniprot.org/keywords/KW-0002
https://pharos.nih.gov/idg/targets/Q8TDD5,Q8TDD5,Transport,http://www.uniprot.org/keywords/KW-0813
https://pharos.nih.gov/idg/targets/Q8TDD5,Q8TDD5,"Ion channel",http://www.uniprot.org/keywords/KW-0407
https://pharos.nih.gov/idg/targets/Q8TDD5,Q8TDD5,"Ion transport",http://www.uniprot.org/keywords/KW-0406
https://pharos.nih.gov/idg/targets/Q8TDD5,Q8TDD5,Lysosome,http://www.uniprot.org/keywords/KW-0458
https://pharos.nih.gov/idg/targets/Q8TDD5,Q8TDD5,"Cytoplasmic vesicle",http://www.uniprot.org/keywords/KW-0968
https://pharos.nih.gov/idg/targets/Q8TDD5,Q8TDD5,Endosome,http://www.uniprot.org/keywords/KW-0967
https://pharos.nih.gov/idg/targets/Q8TDD5,Q8TDD5,Lipid-binding,http://www.uniprot.org/keywords/KW-0446
https://pharos.nih.gov/idg/targets/Q9UBN4,Q9UBN4,"Complete proteome",http://www.uniprot.org/keywords/KW-0181
https://pharos.nih.gov/idg/targets/Q9UBN4,Q9UBN4,Polymorphism,http://www.uniprot.org/keywords/KW-0621
https://pharos.nih.gov/idg/targets/Q9UBN4,Q9UBN4,"Reference proteome",http://www.uniprot.org/keywords/KW-1185
https://pharos.nih.gov/idg/targets/Q9UBN4,Q9UBN4,Repeat,http://www.uniprot.org/keywords/KW-0677
https://pharos.nih.gov/idg/targets/Q9UBN4,Q9UBN4,"Alternative splicing",http://www.uniprot.org/keywords/KW-0025
https://pharos.nih.gov/idg/targets/Q9UBN4,Q9UBN4,Phosphoprotein,http://www.uniprot.org/keywords/KW-0597
https://pharos.nih.gov/idg/targets/Q9UBN4,Q9UBN4,"Cell membrane",http://www.uniprot.org/keywords/KW-1003
https://pharos.nih.gov/idg/targets/Q9UBN4,Q9UBN4,Membrane,http://www.uniprot.org/keywords/KW-0472
https://pharos.nih.gov/idg/targets/Q9UBN4,Q9UBN4,Transmembrane,http://www.uniprot.org/keywords/KW-0812
https://pharos.nih.gov/idg/targets/Q9UBN4,Q9UBN4,"Transmembrane helix",http://www.uniprot.org/keywords/KW-1133
https://pharos.nih.gov/idg/targets/Q9UBN4,Q9UBN4,"Coiled coil",http://www.uniprot.org/keywords/KW-0175
https://pharos.nih.gov/idg/targets/Q9UBN4,Q9UBN4,Calcium,http://www.uniprot.org/keywords/KW-0106
https://pharos.nih.gov/idg/targets/Q9UBN4,Q9UBN4,Transport,http://www.uniprot.org/keywords/KW-0813
https://pharos.nih.gov/idg/targets/Q9UBN4,Q9UBN4,"ANK repeat",http://www.uniprot.org/keywords/KW-0040
https://pharos.nih.gov/idg/targets/Q9UBN4,Q9UBN4,"Calcium channel",http://www.uniprot.org/keywords/KW-0107
https://pharos.nih.gov/idg/targets/Q9UBN4,Q9UBN4,"Calcium transport",http://www.uniprot.org/keywords/KW-0109
https://pharos.nih.gov/idg/targets/Q9UBN4,Q9UBN4,"Ion channel",http://www.uniprot.org/keywords/KW-0407
https://pharos.nih.gov/idg/targets/Q9UBN4,Q9UBN4,"Ion transport",http://www.uniprot.org/keywords/KW-0406
https://pharos.nih.gov/idg/targets/Q9NQA5,Q9NQA5,"Complete proteome",http://www.uniprot.org/keywords/KW-0181
https://pharos.nih.gov/idg/targets/Q9NQA5,Q9NQA5,Metal-binding,http://www.uniprot.org/keywords/KW-0479
https://pharos.nih.gov/idg/targets/Q9NQA5,Q9NQA5,Polymorphism,http://www.uniprot.org/keywords/KW-0621
https://pharos.nih.gov/idg/targets/Q9NQA5,Q9NQA5,"Reference proteome",http://www.uniprot.org/keywords/KW-1185
https://pharos.nih.gov/idg/targets/Q9NQA5,Q9NQA5,Repeat,http://www.uniprot.org/keywords/KW-0677
https://pharos.nih.gov/idg/targets/Q9NQA5,Q9NQA5,"Alternative splicing",http://www.uniprot.org/keywords/KW-0025
https://pharos.nih.gov/idg/targets/Q9NQA5,Q9NQA5,Phosphoprotein,http://www.uniprot.org/keywords/KW-0597
https://pharos.nih.gov/idg/targets/Q9NQA5,Q9NQA5,"Cell membrane",http://www.uniprot.org/keywords/KW-1003
https://pharos.nih.gov/idg/targets/Q9NQA5,Q9NQA5,Glycoprotein,http://www.uniprot.org/keywords/KW-0325
https://pharos.nih.gov/idg/targets/Q9NQA5,Q9NQA5,Membrane,http://www.uniprot.org/keywords/KW-0472
https://pharos.nih.gov/idg/targets/Q9NQA5,Q9NQA5,Transmembrane,http://www.uniprot.org/keywords/KW-0812
https://pharos.nih.gov/idg/targets/Q9NQA5,Q9NQA5,"Transmembrane helix",http://www.uniprot.org/keywords/KW-1133
https://pharos.nih.gov/idg/targets/Q9NQA5,Q9NQA5,Calcium,http://www.uniprot.org/keywords/KW-0106
https://pharos.nih.gov/idg/targets/Q9NQA5,Q9NQA5,Transport,http://www.uniprot.org/keywords/KW-0813
https://pharos.nih.gov/idg/targets/Q9NQA5,Q9NQA5,"ANK repeat",http://www.uniprot.org/keywords/KW-0040
https://pharos.nih.gov/idg/targets/Q9NQA5,Q9NQA5,"Calcium channel",http://www.uniprot.org/keywords/KW-0107
https://pharos.nih.gov/idg/targets/Q9NQA5,Q9NQA5,"Calcium transport",http://www.uniprot.org/keywords/KW-0109
https://pharos.nih.gov/idg/targets/Q9NQA5,Q9NQA5,"Ion channel",http://www.uniprot.org/keywords/KW-0407
https://pharos.nih.gov/idg/targets/Q9NQA5,Q9NQA5,"Ion transport",http://www.uniprot.org/keywords/KW-0406
https://pharos.nih.gov/idg/targets/Q9NQA5,Q9NQA5,Calmodulin-binding,http://www.uniprot.org/keywords/KW-0112
