"URL","Uniprot ID","Source","Tissue","NumericValue","QualitativeValue","Confidence","Evidence"
https://pharos.nih.gov/idg/targets/Q9Y5Y9,Q9Y5Y9,Consensus,"Endocrine System",0.0,High,0.0,,
https://pharos.nih.gov/idg/targets/Q9Y5Y9,Q9Y5Y9,GTEx,Testis,-0.270268,High,0.0,,
https://pharos.nih.gov/idg/targets/Q9Y5Y9,Q9Y5Y9,GTEx,Spleen,-1.183659,High,0.0,,
https://pharos.nih.gov/idg/targets/Q9Y5Y9,Q9Y5Y9,GTEx,"Minor Salivary Gland",-1.226579,High,0.0,,
https://pharos.nih.gov/idg/targets/Q9Y5Y9,Q9Y5Y9,GTEx,"Artery - Aorta",-1.227898,High,0.0,,
https://pharos.nih.gov/idg/targets/Q9Y5Y9,Q9Y5Y9,GTEx,"Heart - Atrial Appendage",-1.309095,High,0.0,,
https://pharos.nih.gov/idg/targets/Q9Y5Y9,Q9Y5Y9,GTEx,Liver,-1.481354,High,0.0,,
https://pharos.nih.gov/idg/targets/Q9Y5Y9,Q9Y5Y9,GTEx,"Nerve - Tibial",-1.573326,High,0.0,,
https://pharos.nih.gov/idg/targets/Q9Y5Y9,Q9Y5Y9,GTEx,"Artery - Tibial",-1.621239,High,0.0,,
https://pharos.nih.gov/idg/targets/Q9Y5Y9,Q9Y5Y9,GTEx,"Artery - Coronary",-1.648011,High,0.0,,
https://pharos.nih.gov/idg/targets/Q9Y5Y9,Q9Y5Y9,GTEx,Vagina,-1.777804,High,0.0,,
https://pharos.nih.gov/idg/targets/Q9Y5Y9,Q9Y5Y9,GTEx,"Adrenal Gland",-1.813467,High,0.0,,
https://pharos.nih.gov/idg/targets/Q9Y5Y9,Q9Y5Y9,GTEx,Pituitary,-1.875496,High,0.0,,
https://pharos.nih.gov/idg/targets/Q9Y5Y9,Q9Y5Y9,GTEx,"Heart - Left Ventricle",-1.888569,High,0.0,,
https://pharos.nih.gov/idg/targets/Q9Y5Y9,Q9Y5Y9,GTEx,Thyroid,-1.89466,High,0.0,,
https://pharos.nih.gov/idg/targets/Q9Y5Y9,Q9Y5Y9,GTEx,Pancreas,-1.900665,High,0.0,,
https://pharos.nih.gov/idg/targets/Q9Y5Y9,Q9Y5Y9,GTEx,"Breast - Mammary Tissue",-1.924088,High,0.0,,
https://pharos.nih.gov/idg/targets/Q9Y5Y9,Q9Y5Y9,GTEx,"Brain - Frontal Cortex (BA9)",-1.948462,High,0.0,,
https://pharos.nih.gov/idg/targets/Q9Y5Y9,Q9Y5Y9,GTEx,"Muscle - Skeletal",-1.970616,High,0.0,,
https://pharos.nih.gov/idg/targets/Q9Y5Y9,Q9Y5Y9,GTEx,Uterus,-1.996367,High,0.0,,
https://pharos.nih.gov/idg/targets/Q9Y5Y9,Q9Y5Y9,GTEx,"Brain - Cortex",-1.997294,High,0.0,,
https://pharos.nih.gov/idg/targets/Q9Y5Y9,Q9Y5Y9,GTEx,Lung,-2.001523,High,0.0,,
https://pharos.nih.gov/idg/targets/Q9Y5Y9,Q9Y5Y9,GTEx,"Esophagus - Mucosa",-2.036637,High,0.0,,
https://pharos.nih.gov/idg/targets/Q9Y5Y9,Q9Y5Y9,GTEx,"Brain - Spinal cord (cervical c-1)",-2.098433,High,0.0,,
https://pharos.nih.gov/idg/targets/Q9Y5Y9,Q9Y5Y9,GTEx,"Whole Blood",-2.101824,Medium,0.0,,
https://pharos.nih.gov/idg/targets/Q9Y5Y9,Q9Y5Y9,GTEx,"Brain - Cerebellar Hemisphere",-2.131591,Medium,0.0,,
https://pharos.nih.gov/idg/targets/Q9Y5Y9,Q9Y5Y9,GTEx,"Skin - Sun Exposed (Lower leg)",-2.141102,Medium,0.0,,
https://pharos.nih.gov/idg/targets/Q9Y5Y9,Q9Y5Y9,GTEx,"Brain - Anterior cingulate cortex (BA24)",-2.17331,Medium,0.0,,
https://pharos.nih.gov/idg/targets/Q9Y5Y9,Q9Y5Y9,GTEx,"Colon - Transverse",-2.213888,Medium,0.0,,
https://pharos.nih.gov/idg/targets/Q9Y5Y9,Q9Y5Y9,GTEx,Stomach,-2.224754,Medium,0.0,,
https://pharos.nih.gov/idg/targets/Q9Y5Y9,Q9Y5Y9,GTEx,"Brain - Caudate (basal ganglia)",-2.235861,Medium,0.0,,
https://pharos.nih.gov/idg/targets/Q9Y5Y9,Q9Y5Y9,GTEx,"Brain - Nucleus accumbens (basal ganglia)",-2.243897,Medium,0.0,,
https://pharos.nih.gov/idg/targets/Q9Y5Y9,Q9Y5Y9,GTEx,"Cells - EBV-transformed lymphocytes",-2.275888,High,0.0,,
https://pharos.nih.gov/idg/targets/Q9Y5Y9,Q9Y5Y9,GTEx,"Adipose - Visceral (Omentum)",-2.295249,Medium,0.0,,
https://pharos.nih.gov/idg/targets/Q9Y5Y9,Q9Y5Y9,GTEx,"Esophagus - Gastroesophageal Junction",-2.298605,High,0.0,,
https://pharos.nih.gov/idg/targets/Q9Y5Y9,Q9Y5Y9,GTEx,"Skin - Not Sun Exposed (Suprapubic)",-2.331521,Medium,0.0,,
https://pharos.nih.gov/idg/targets/Q9Y5Y9,Q9Y5Y9,GTEx,"Brain - Hippocampus",-2.342801,High,0.0,,
https://pharos.nih.gov/idg/targets/Q9Y5Y9,Q9Y5Y9,GTEx,"Brain - Substantia nigra",-2.37366,Medium,0.0,,
https://pharos.nih.gov/idg/targets/Q9Y5Y9,Q9Y5Y9,GTEx,Ovary,-2.400171,Medium,0.0,,
https://pharos.nih.gov/idg/targets/Q9Y5Y9,Q9Y5Y9,GTEx,"Adipose - Subcutaneous",-2.461301,Medium,0.0,,
https://pharos.nih.gov/idg/targets/Q9Y5Y9,Q9Y5Y9,GTEx,"Brain - Hypothalamus",-2.467055,High,0.0,,
https://pharos.nih.gov/idg/targets/Q9Y5Y9,Q9Y5Y9,GTEx,"Cells - Transformed fibroblasts",-2.4805,Medium,0.0,,
https://pharos.nih.gov/idg/targets/Q9Y5Y9,Q9Y5Y9,GTEx,"Small Intestine - Terminal Ileum",-2.544394,Medium,0.0,,
https://pharos.nih.gov/idg/targets/Q9Y5Y9,Q9Y5Y9,GTEx,"Esophagus - Muscularis",-2.545155,Medium,0.0,,
https://pharos.nih.gov/idg/targets/Q9Y5Y9,Q9Y5Y9,GTEx,Prostate,-2.560115,Medium,0.0,,
https://pharos.nih.gov/idg/targets/Q9Y5Y9,Q9Y5Y9,GTEx,"Brain - Putamen (basal ganglia)",-2.706416,Medium,0.0,,
https://pharos.nih.gov/idg/targets/Q9Y5Y9,Q9Y5Y9,GTEx,"Brain - Amygdala",-2.855426,Medium,0.0,,
https://pharos.nih.gov/idg/targets/Q9Y5Y9,Q9Y5Y9,"JensenLab Experiment HPM","Frontal lobe",0.0,null,1.1,,
https://pharos.nih.gov/idg/targets/Q9Y5Y9,Q9Y5Y9,"JensenLab Experiment HPM",Heart,0.0,null,0.5,,
https://pharos.nih.gov/idg/targets/Q9Y5Y9,Q9Y5Y9,"JensenLab Experiment HPM","Prostate gland",0.0,null,0.5,,
https://pharos.nih.gov/idg/targets/Q9Y5Y9,Q9Y5Y9,"JensenLab Experiment HPM",Retina,0.0,null,0.6,,
https://pharos.nih.gov/idg/targets/Q9Y5Y9,Q9Y5Y9,"HPA RNA",testis,0.0,High,0.0,,
https://pharos.nih.gov/idg/targets/Q9NY46,Q9NY46,Consensus,"Liver and Pancreas",0.0,Low,0.0,,
https://pharos.nih.gov/idg/targets/Q9NY46,Q9NY46,Consensus,"Digestive Tract",0.0,Low,0.0,,
https://pharos.nih.gov/idg/targets/Q9NY46,Q9NY46,Consensus,"Urinary Tract",0.0,Low,0.0,,
https://pharos.nih.gov/idg/targets/Q9NY46,Q9NY46,Consensus,"Endocrine System",0.0,High,0.0,,
https://pharos.nih.gov/idg/targets/Q9NY46,Q9NY46,Consensus,"Blood and immune system",0.0,Low,0.0,,
https://pharos.nih.gov/idg/targets/Q9NY46,Q9NY46,Consensus,"Respiratory system",0.0,Low,0.0,,
https://pharos.nih.gov/idg/targets/Q9NY46,Q9NY46,Consensus,"Female tissues",0.0,Low,0.0,,
https://pharos.nih.gov/idg/targets/Q9NY46,Q9NY46,Consensus,"Male tissues",0.0,Low,0.0,,
https://pharos.nih.gov/idg/targets/Q9NY46,Q9NY46,Consensus,"Skin and soft tissues",0.0,Low,0.0,,
https://pharos.nih.gov/idg/targets/Q9NY46,Q9NY46,Consensus,"Nervous System",0.0,Medium,0.0,,
https://pharos.nih.gov/idg/targets/Q9NY46,Q9NY46,Consensus,"Cardiovascular System",0.0,Low,0.0,,
https://pharos.nih.gov/idg/targets/Q9NY46,Q9NY46,GTEx,"Brain - Cerebellar Hemisphere",1.109241,High,0.0,,
https://pharos.nih.gov/idg/targets/Q9NY46,Q9NY46,GTEx,"Brain - Cerebellum",1.046885,High,0.0,,
https://pharos.nih.gov/idg/targets/Q9NY46,Q9NY46,GTEx,"Brain - Hypothalamus",0.98666,High,0.0,,
https://pharos.nih.gov/idg/targets/Q9NY46,Q9NY46,GTEx,"Brain - Nucleus accumbens (basal ganglia)",0.971137,High,0.0,,
https://pharos.nih.gov/idg/targets/Q9NY46,Q9NY46,GTEx,Pituitary,0.925982,High,0.0,,
https://pharos.nih.gov/idg/targets/Q9NY46,Q9NY46,GTEx,"Brain - Frontal Cortex (BA9)",0.814514,High,0.0,,
https://pharos.nih.gov/idg/targets/Q9NY46,Q9NY46,GTEx,"Brain - Cortex",0.746595,High,0.0,,
https://pharos.nih.gov/idg/targets/Q9NY46,Q9NY46,GTEx,"Brain - Caudate (basal ganglia)",0.728435,High,0.0,,
https://pharos.nih.gov/idg/targets/Q9NY46,Q9NY46,GTEx,"Brain - Anterior cingulate cortex (BA24)",0.686815,High,0.0,,
https://pharos.nih.gov/idg/targets/Q9NY46,Q9NY46,GTEx,"Brain - Amygdala",0.640183,High,0.0,,
https://pharos.nih.gov/idg/targets/Q9NY46,Q9NY46,GTEx,"Brain - Substantia nigra",0.599337,High,0.0,,
https://pharos.nih.gov/idg/targets/Q9NY46,Q9NY46,GTEx,"Brain - Putamen (basal ganglia)",0.583992,High,0.0,,
https://pharos.nih.gov/idg/targets/Q9NY46,Q9NY46,GTEx,Testis,0.577204,High,0.0,,
https://pharos.nih.gov/idg/targets/Q9NY46,Q9NY46,GTEx,"Brain - Hippocampus",0.565966,Medium,0.0,,
https://pharos.nih.gov/idg/targets/Q9NY46,Q9NY46,GTEx,"Artery - Coronary",0.412461,Medium,0.0,,
https://pharos.nih.gov/idg/targets/Q9NY46,Q9NY46,GTEx,"Brain - Spinal cord (cervical c-1)",0.383546,Medium,0.0,,
https://pharos.nih.gov/idg/targets/Q9NY46,Q9NY46,GTEx,Thyroid,0.357649,Medium,0.0,,
https://pharos.nih.gov/idg/targets/Q9NY46,Q9NY46,GTEx,"Small Intestine - Terminal Ileum",0.328583,Medium,0.0,,
https://pharos.nih.gov/idg/targets/Q9NY46,Q9NY46,GTEx,"Adipose - Visceral (Omentum)",0.25042,Medium,0.0,,
https://pharos.nih.gov/idg/targets/Q9NY46,Q9NY46,GTEx,"Adipose - Subcutaneous",0.249687,Medium,0.0,,
https://pharos.nih.gov/idg/targets/Q9NY46,Q9NY46,GTEx,"Nerve - Tibial",0.202488,Medium,0.0,,
https://pharos.nih.gov/idg/targets/Q9NY46,Q9NY46,GTEx,"Kidney - Cortex",0.169248,Medium,0.0,,
https://pharos.nih.gov/idg/targets/Q9NY46,Q9NY46,GTEx,"Artery - Tibial",0.138618,Medium,0.0,,
https://pharos.nih.gov/idg/targets/Q9NY46,Q9NY46,GTEx,"Breast - Mammary Tissue",0.119586,Medium,0.0,,
https://pharos.nih.gov/idg/targets/Q9NY46,Q9NY46,GTEx,"Artery - Aorta",0.078094,Medium,0.0,,
https://pharos.nih.gov/idg/targets/Q9NY46,Q9NY46,GTEx,Spleen,0.033343,Medium,0.0,,
https://pharos.nih.gov/idg/targets/Q9NY46,Q9NY46,GTEx,Uterus,0.018846,Medium,0.0,,
https://pharos.nih.gov/idg/targets/Q9NY46,Q9NY46,GTEx,"Esophagus - Gastroesophageal Junction",-0.074739,Medium,0.0,,
https://pharos.nih.gov/idg/targets/Q9NY46,Q9NY46,GTEx,"Esophagus - Muscularis",-0.098351,Medium,0.0,,
https://pharos.nih.gov/idg/targets/Q9NY46,Q9NY46,GTEx,"Colon - Sigmoid",-0.208169,Medium,0.0,,
https://pharos.nih.gov/idg/targets/Q9NY46,Q9NY46,GTEx,"Colon - Transverse",-0.280959,Medium,0.0,,
https://pharos.nih.gov/idg/targets/Q9NY46,Q9NY46,GTEx,Ovary,-0.28609,Medium,0.0,,
https://pharos.nih.gov/idg/targets/Q9NY46,Q9NY46,GTEx,Vagina,-0.37366,Medium,0.0,,
https://pharos.nih.gov/idg/targets/Q9NY46,Q9NY46,GTEx,Stomach,-0.414878,Medium,0.0,,
https://pharos.nih.gov/idg/targets/Q9NY46,Q9NY46,GTEx,"Heart - Left Ventricle",-0.430392,Medium,0.0,,
https://pharos.nih.gov/idg/targets/Q9NY46,Q9NY46,GTEx,Prostate,-0.44971,Medium,0.0,,
https://pharos.nih.gov/idg/targets/Q9NY46,Q9NY46,GTEx,"Skin - Sun Exposed (Lower leg)",-0.462181,Medium,0.0,,
https://pharos.nih.gov/idg/targets/Q9NY46,Q9NY46,GTEx,"Minor Salivary Gland",-0.467118,Low,0.0,,
https://pharos.nih.gov/idg/targets/Q9NY46,Q9NY46,GTEx,Lung,-0.507379,Low,0.0,,
https://pharos.nih.gov/idg/targets/Q9NY46,Q9NY46,GTEx,"Heart - Atrial Appendage",-0.5428,Low,0.0,,
https://pharos.nih.gov/idg/targets/Q9NY46,Q9NY46,GTEx,"Adrenal Gland",-0.55083,Low,0.0,,
https://pharos.nih.gov/idg/targets/Q9NY46,Q9NY46,GTEx,"Esophagus - Mucosa",-0.597309,Low,0.0,,
https://pharos.nih.gov/idg/targets/Q9NY46,Q9NY46,GTEx,"Muscle - Skeletal",-0.674177,Low,0.0,,
https://pharos.nih.gov/idg/targets/Q9NY46,Q9NY46,GTEx,"Skin - Not Sun Exposed (Suprapubic)",-0.712198,Low,0.0,,
https://pharos.nih.gov/idg/targets/Q9NY46,Q9NY46,GTEx,Pancreas,-0.790485,Low,0.0,,
https://pharos.nih.gov/idg/targets/Q9NY46,Q9NY46,GTEx,Liver,-1.120331,Low,0.0,,
https://pharos.nih.gov/idg/targets/Q9NY46,Q9NY46,GTEx,"Whole Blood",-1.244392,Low,0.0,,
https://pharos.nih.gov/idg/targets/Q9NY46,Q9NY46,GTEx,"Cells - EBV-transformed lymphocytes",-1.42934,Low,0.0,,
https://pharos.nih.gov/idg/targets/Q9NY46,Q9NY46,GTEx,"Cells - Transformed fibroblasts",-2.033014,Low,0.0,,
https://pharos.nih.gov/idg/targets/Q9NY46,Q9NY46,"HPM Protein","Adult Frontal Cortex",1.594935,High,0.0,,
https://pharos.nih.gov/idg/targets/Q9NY46,Q9NY46,"HPM Protein","Fetal Brain",1.067444,Medium,0.0,,
https://pharos.nih.gov/idg/targets/Q9NY46,Q9NY46,"HPM Protein","Adult Heart",0.175679,Low,0.0,,
https://pharos.nih.gov/idg/targets/Q9NY46,Q9NY46,"JensenLab Experiment HPM",Brain,0.0,null,0.8,,
https://pharos.nih.gov/idg/targets/Q9NY46,Q9NY46,"JensenLab Experiment HPM","Frontal lobe",0.0,null,1.1,,
https://pharos.nih.gov/idg/targets/Q9NY46,Q9NY46,"JensenLab Experiment HPM",Heart,0.0,null,0.5,,
https://pharos.nih.gov/idg/targets/Q9NY46,Q9NY46,"HPA RNA","adipose tissue",0.0,High,0.0,,
https://pharos.nih.gov/idg/targets/Q9NY46,Q9NY46,"HPA RNA","adrenal gland",0.0,High,0.0,,
https://pharos.nih.gov/idg/targets/Q9NY46,Q9NY46,"HPA RNA",appendix,0.0,Medium,0.0,,
https://pharos.nih.gov/idg/targets/Q9NY46,Q9NY46,"HPA RNA","bone marrow",0.0,Low,0.0,,
https://pharos.nih.gov/idg/targets/Q9NY46,Q9NY46,"HPA RNA",breast,0.0,High,0.0,,
https://pharos.nih.gov/idg/targets/Q9NY46,Q9NY46,"HPA RNA","cerebral cortex",0.0,High,0.0,,
https://pharos.nih.gov/idg/targets/Q9NY46,Q9NY46,"HPA RNA","cervix, uterine",0.0,High,0.0,,
https://pharos.nih.gov/idg/targets/Q9NY46,Q9NY46,"HPA RNA",colon,0.0,Medium,0.0,,
https://pharos.nih.gov/idg/targets/Q9NY46,Q9NY46,"HPA RNA",duodenum,0.0,Medium,0.0,,
https://pharos.nih.gov/idg/targets/Q9NY46,Q9NY46,"HPA RNA",endometrium,0.0,Medium,0.0,,
https://pharos.nih.gov/idg/targets/Q9NY46,Q9NY46,"HPA RNA",epididymis,0.0,Low,0.0,,
https://pharos.nih.gov/idg/targets/Q9NY46,Q9NY46,"HPA RNA",esophagus,0.0,Medium,0.0,,
https://pharos.nih.gov/idg/targets/Q9NY46,Q9NY46,"HPA RNA","fallopian tube",0.0,Medium,0.0,,
https://pharos.nih.gov/idg/targets/Q9NY46,Q9NY46,"HPA RNA",gallbladder,0.0,Medium,0.0,,
https://pharos.nih.gov/idg/targets/Q9NY46,Q9NY46,"HPA RNA","heart muscle",0.0,Medium,0.0,,
https://pharos.nih.gov/idg/targets/Q9NY46,Q9NY46,"HPA RNA",kidney,0.0,Medium,0.0,,
https://pharos.nih.gov/idg/targets/Q9NY46,Q9NY46,"HPA RNA",liver,0.0,Low,0.0,,
https://pharos.nih.gov/idg/targets/Q9NY46,Q9NY46,"HPA RNA",lung,0.0,Medium,0.0,,
https://pharos.nih.gov/idg/targets/Q9NY46,Q9NY46,"HPA RNA","lymph node",0.0,High,0.0,,
https://pharos.nih.gov/idg/targets/Q9NY46,Q9NY46,"HPA RNA",ovary,0.0,Medium,0.0,,
https://pharos.nih.gov/idg/targets/Q9NY46,Q9NY46,"HPA RNA",pancreas,0.0,Low,0.0,,
https://pharos.nih.gov/idg/targets/Q9NY46,Q9NY46,"HPA RNA","parathyroid gland",0.0,High,0.0,,
https://pharos.nih.gov/idg/targets/Q9NY46,Q9NY46,"HPA RNA",placenta,0.0,Low,0.0,,
https://pharos.nih.gov/idg/targets/Q9NY46,Q9NY46,"HPA RNA",prostate,0.0,Medium,0.0,,
https://pharos.nih.gov/idg/targets/Q9NY46,Q9NY46,"HPA RNA",rectum,0.0,Medium,0.0,,
https://pharos.nih.gov/idg/targets/Q9NY46,Q9NY46,"HPA RNA","seminal vesicle",0.0,Medium,0.0,,
https://pharos.nih.gov/idg/targets/Q9NY46,Q9NY46,"HPA RNA","small intestine",0.0,Medium,0.0,,
https://pharos.nih.gov/idg/targets/Q9NY46,Q9NY46,"HPA RNA","smooth muscle",0.0,Medium,0.0,,
https://pharos.nih.gov/idg/targets/Q9NY46,Q9NY46,"HPA RNA",spleen,0.0,Medium,0.0,,
https://pharos.nih.gov/idg/targets/Q9NY46,Q9NY46,"HPA RNA",stomach,0.0,Medium,0.0,,
https://pharos.nih.gov/idg/targets/Q9NY46,Q9NY46,"HPA RNA",testis,0.0,High,0.0,,
https://pharos.nih.gov/idg/targets/Q9NY46,Q9NY46,"HPA RNA","thyroid gland",0.0,Medium,0.0,,
https://pharos.nih.gov/idg/targets/Q9NY46,Q9NY46,"HPA RNA",tonsil,0.0,High,0.0,,
https://pharos.nih.gov/idg/targets/Q9NY46,Q9NY46,"HPA RNA","urinary bladder",0.0,Medium,0.0,,
https://pharos.nih.gov/idg/targets/Q9UI33,Q9UI33,Consensus,"Liver and Pancreas",0.0,Medium,0.0,,
https://pharos.nih.gov/idg/targets/Q9UI33,Q9UI33,Consensus,"Digestive Tract",0.0,High,0.0,,
https://pharos.nih.gov/idg/targets/Q9UI33,Q9UI33,Consensus,"Urinary Tract",0.0,Medium,0.0,,
https://pharos.nih.gov/idg/targets/Q9UI33,Q9UI33,Consensus,"Endocrine System",0.0,Medium,0.0,,
https://pharos.nih.gov/idg/targets/Q9UI33,Q9UI33,Consensus,"Blood and immune system",0.0,Medium,0.0,,
https://pharos.nih.gov/idg/targets/Q9UI33,Q9UI33,Consensus,"Respiratory system",0.0,Medium,0.0,,
https://pharos.nih.gov/idg/targets/Q9UI33,Q9UI33,Consensus,"Female tissues",0.0,Medium,0.0,,
https://pharos.nih.gov/idg/targets/Q9UI33,Q9UI33,Consensus,"Male tissues",0.0,Medium,0.0,,
https://pharos.nih.gov/idg/targets/Q9UI33,Q9UI33,Consensus,"Skin and soft tissues",0.0,High,0.0,,
https://pharos.nih.gov/idg/targets/Q9UI33,Q9UI33,Consensus,"Nervous System",0.0,Medium,0.0,,
https://pharos.nih.gov/idg/targets/Q9UI33,Q9UI33,GTEx,Spleen,0.92642,High,0.0,,
https://pharos.nih.gov/idg/targets/Q9UI33,Q9UI33,GTEx,Testis,0.470925,High,0.0,,
https://pharos.nih.gov/idg/targets/Q9UI33,Q9UI33,GTEx,"Adipose - Visceral (Omentum)",0.050186,High,0.0,,
https://pharos.nih.gov/idg/targets/Q9UI33,Q9UI33,GTEx,"Colon - Sigmoid",0.021603,High,0.0,,
https://pharos.nih.gov/idg/targets/Q9UI33,Q9UI33,GTEx,"Adipose - Subcutaneous",0.009451,High,0.0,,
https://pharos.nih.gov/idg/targets/Q9UI33,Q9UI33,GTEx,"Breast - Mammary Tissue",-0.044505,High,0.0,,
https://pharos.nih.gov/idg/targets/Q9UI33,Q9UI33,GTEx,"Nerve - Tibial",-0.049149,High,0.0,,
https://pharos.nih.gov/idg/targets/Q9UI33,Q9UI33,GTEx,Thyroid,-0.268935,High,0.0,,
https://pharos.nih.gov/idg/targets/Q9UI33,Q9UI33,GTEx,Pituitary,-0.28984,High,0.0,,
https://pharos.nih.gov/idg/targets/Q9UI33,Q9UI33,GTEx,"Brain - Nucleus accumbens (basal ganglia)",-0.296408,High,0.0,,
https://pharos.nih.gov/idg/targets/Q9UI33,Q9UI33,GTEx,"Brain - Spinal cord (cervical c-1)",-0.326426,High,0.0,,
https://pharos.nih.gov/idg/targets/Q9UI33,Q9UI33,GTEx,"Brain - Caudate (basal ganglia)",-0.364315,High,0.0,,
https://pharos.nih.gov/idg/targets/Q9UI33,Q9UI33,GTEx,"Brain - Amygdala",-0.368201,High,0.0,,
https://pharos.nih.gov/idg/targets/Q9UI33,Q9UI33,GTEx,"Brain - Hypothalamus",-0.381011,Medium,0.0,,
https://pharos.nih.gov/idg/targets/Q9UI33,Q9UI33,GTEx,"Esophagus - Muscularis",-0.388436,Medium,0.0,,
https://pharos.nih.gov/idg/targets/Q9UI33,Q9UI33,GTEx,"Artery - Coronary",-0.406714,Medium,0.0,,
https://pharos.nih.gov/idg/targets/Q9UI33,Q9UI33,GTEx,"Skin - Not Sun Exposed (Suprapubic)",-0.417028,Medium,0.0,,
https://pharos.nih.gov/idg/targets/Q9UI33,Q9UI33,GTEx,"Colon - Transverse",-0.433975,Medium,0.0,,
https://pharos.nih.gov/idg/targets/Q9UI33,Q9UI33,GTEx,"Esophagus - Gastroesophageal Junction",-0.437767,Medium,0.0,,
https://pharos.nih.gov/idg/targets/Q9UI33,Q9UI33,GTEx,"Brain - Cortex",-0.464769,Medium,0.0,,
https://pharos.nih.gov/idg/targets/Q9UI33,Q9UI33,GTEx,"Small Intestine - Terminal Ileum",-0.500588,Medium,0.0,,
https://pharos.nih.gov/idg/targets/Q9UI33,Q9UI33,GTEx,"Brain - Putamen (basal ganglia)",-0.505567,Medium,0.0,,
https://pharos.nih.gov/idg/targets/Q9UI33,Q9UI33,GTEx,"Brain - Frontal Cortex (BA9)",-0.519275,Medium,0.0,,
https://pharos.nih.gov/idg/targets/Q9UI33,Q9UI33,GTEx,"Brain - Substantia nigra",-0.54546,Medium,0.0,,
https://pharos.nih.gov/idg/targets/Q9UI33,Q9UI33,GTEx,Ovary,-0.564633,Medium,0.0,,
https://pharos.nih.gov/idg/targets/Q9UI33,Q9UI33,GTEx,"Brain - Anterior cingulate cortex (BA24)",-0.56639,Medium,0.0,,
https://pharos.nih.gov/idg/targets/Q9UI33,Q9UI33,GTEx,"Brain - Cerebellum",-0.577082,Medium,0.0,,
https://pharos.nih.gov/idg/targets/Q9UI33,Q9UI33,GTEx,"Brain - Hippocampus",-0.596708,Medium,0.0,,
https://pharos.nih.gov/idg/targets/Q9UI33,Q9UI33,GTEx,"Skin - Sun Exposed (Lower leg)",-0.601539,Medium,0.0,,
https://pharos.nih.gov/idg/targets/Q9UI33,Q9UI33,GTEx,"Kidney - Cortex",-0.607743,Medium,0.0,,
https://pharos.nih.gov/idg/targets/Q9UI33,Q9UI33,GTEx,Vagina,-0.63032,Medium,0.0,,
https://pharos.nih.gov/idg/targets/Q9UI33,Q9UI33,GTEx,"Brain - Cerebellar Hemisphere",-0.68403,Medium,0.0,,
https://pharos.nih.gov/idg/targets/Q9UI33,Q9UI33,GTEx,Uterus,-0.728972,Medium,0.0,,
https://pharos.nih.gov/idg/targets/Q9UI33,Q9UI33,GTEx,Prostate,-0.731656,Medium,0.0,,
https://pharos.nih.gov/idg/targets/Q9UI33,Q9UI33,GTEx,Stomach,-0.74521,Medium,0.0,,
https://pharos.nih.gov/idg/targets/Q9UI33,Q9UI33,GTEx,Lung,-0.770318,Medium,0.0,,
https://pharos.nih.gov/idg/targets/Q9UI33,Q9UI33,GTEx,"Artery - Aorta",-0.777024,Medium,0.0,,
https://pharos.nih.gov/idg/targets/Q9UI33,Q9UI33,GTEx,Liver,-0.783834,Low,0.0,,
https://pharos.nih.gov/idg/targets/Q9UI33,Q9UI33,GTEx,"Artery - Tibial",-0.800656,Low,0.0,,
https://pharos.nih.gov/idg/targets/Q9UI33,Q9UI33,GTEx,"Adrenal Gland",-0.832978,Low,0.0,,
https://pharos.nih.gov/idg/targets/Q9UI33,Q9UI33,GTEx,"Minor Salivary Gland",-0.930702,Low,0.0,,
https://pharos.nih.gov/idg/targets/Q9UI33,Q9UI33,GTEx,"Esophagus - Mucosa",-1.010884,Low,0.0,,
https://pharos.nih.gov/idg/targets/Q9UI33,Q9UI33,GTEx,"Cells - EBV-transformed lymphocytes",-1.054187,Low,0.0,,
https://pharos.nih.gov/idg/targets/Q9UI33,Q9UI33,GTEx,Pancreas,-1.201902,Low,0.0,,
https://pharos.nih.gov/idg/targets/Q9UI33,Q9UI33,GTEx,"Heart - Atrial Appendage",-1.218352,Low,0.0,,
https://pharos.nih.gov/idg/targets/Q9UI33,Q9UI33,GTEx,"Cells - Transformed fibroblasts",-1.314482,Low,0.0,,
https://pharos.nih.gov/idg/targets/Q9UI33,Q9UI33,GTEx,"Muscle - Skeletal",-1.402195,Low,0.0,,
https://pharos.nih.gov/idg/targets/Q9UI33,Q9UI33,GTEx,"Heart - Left Ventricle",-1.53551,Low,0.0,,
https://pharos.nih.gov/idg/targets/Q9UI33,Q9UI33,GTEx,"Whole Blood",-1.917394,Low,0.0,,
https://pharos.nih.gov/idg/targets/Q9UI33,Q9UI33,"HPM Protein","Adult Pancreas",0.916703,High,0.0,,
https://pharos.nih.gov/idg/targets/Q9UI33,Q9UI33,"HPM Protein","Adult Gallbladder",0.889611,High,0.0,,
https://pharos.nih.gov/idg/targets/Q9UI33,Q9UI33,"HPM Protein","Adult Rectum",0.782049,High,0.0,,
https://pharos.nih.gov/idg/targets/Q9UI33,Q9UI33,"HPM Protein","Adult Prostate",0.781743,High,0.0,,
https://pharos.nih.gov/idg/targets/Q9UI33,Q9UI33,"HPM Protein","Adult Urinary Bladder",0.732827,High,0.0,,
https://pharos.nih.gov/idg/targets/Q9UI33,Q9UI33,"HPM Protein","Adult Testis",0.618728,Medium,0.0,,
https://pharos.nih.gov/idg/targets/Q9UI33,Q9UI33,"HPM Protein","Adult Kidney",0.604867,Medium,0.0,,
https://pharos.nih.gov/idg/targets/Q9UI33,Q9UI33,"HPM Protein","Adult Ovary",0.596393,Medium,0.0,,
https://pharos.nih.gov/idg/targets/Q9UI33,Q9UI33,"HPM Protein","Adult Liver",0.582059,Medium,0.0,,
https://pharos.nih.gov/idg/targets/Q9UI33,Q9UI33,"HPM Protein","Adult Spinal Cord",0.524005,Medium,0.0,,
https://pharos.nih.gov/idg/targets/Q9UI33,Q9UI33,"HPM Protein","Adult Lung",0.509034,Medium,0.0,,
https://pharos.nih.gov/idg/targets/Q9UI33,Q9UI33,"HPM Protein","Adult Colon",0.472428,Medium,0.0,,
https://pharos.nih.gov/idg/targets/Q9UI33,Q9UI33,"HPM Protein","Fetal Gut",0.334922,Medium,0.0,,
https://pharos.nih.gov/idg/targets/Q9UI33,Q9UI33,"HPM Protein","CD4 Cells",0.212668,Low,0.0,,
https://pharos.nih.gov/idg/targets/Q9UI33,Q9UI33,"HPM Protein","Adult Heart",0.212548,Low,0.0,,
https://pharos.nih.gov/idg/targets/Q9UI33,Q9UI33,"HPM Protein","Adult Adrenal",0.143849,Low,0.0,,
https://pharos.nih.gov/idg/targets/Q9UI33,Q9UI33,"HPM Protein","Fetal Liver",0.096389,Low,0.0,,
https://pharos.nih.gov/idg/targets/Q9UI33,Q9UI33,"HPM Protein","Adult Retina",0.087141,Low,0.0,,
https://pharos.nih.gov/idg/targets/Q9UI33,Q9UI33,"JensenLab Experiment HPM",Liver,0.0,null,0.5,,
https://pharos.nih.gov/idg/targets/Q9UI33,Q9UI33,"HPA RNA","adipose tissue",0.0,High,0.0,,
https://pharos.nih.gov/idg/targets/Q9UI33,Q9UI33,"HPA RNA","adrenal gland",0.0,Medium,0.0,,
https://pharos.nih.gov/idg/targets/Q9UI33,Q9UI33,"HPA RNA",appendix,0.0,Medium,0.0,,
https://pharos.nih.gov/idg/targets/Q9UI33,Q9UI33,"HPA RNA",breast,0.0,Medium,0.0,,
https://pharos.nih.gov/idg/targets/Q9UI33,Q9UI33,"HPA RNA","cerebral cortex",0.0,Medium,0.0,,
https://pharos.nih.gov/idg/targets/Q9UI33,Q9UI33,"HPA RNA","cervix, uterine",0.0,Medium,0.0,,
https://pharos.nih.gov/idg/targets/Q9UI33,Q9UI33,"HPA RNA",colon,0.0,High,0.0,,
https://pharos.nih.gov/idg/targets/Q9UI33,Q9UI33,"HPA RNA",duodenum,0.0,Medium,0.0,,
https://pharos.nih.gov/idg/targets/Q9UI33,Q9UI33,"HPA RNA",endometrium,0.0,Medium,0.0,,
https://pharos.nih.gov/idg/targets/Q9UI33,Q9UI33,"HPA RNA",epididymis,0.0,High,0.0,,
https://pharos.nih.gov/idg/targets/Q9UI33,Q9UI33,"HPA RNA","fallopian tube",0.0,Medium,0.0,,
https://pharos.nih.gov/idg/targets/Q9UI33,Q9UI33,"HPA RNA",gallbladder,0.0,Medium,0.0,,
https://pharos.nih.gov/idg/targets/Q9UI33,Q9UI33,"HPA RNA",kidney,0.0,Medium,0.0,,
https://pharos.nih.gov/idg/targets/Q9UI33,Q9UI33,"HPA RNA",liver,0.0,Medium,0.0,,
https://pharos.nih.gov/idg/targets/Q9UI33,Q9UI33,"HPA RNA",lung,0.0,Medium,0.0,,
https://pharos.nih.gov/idg/targets/Q9UI33,Q9UI33,"HPA RNA","lymph node",0.0,Medium,0.0,,
https://pharos.nih.gov/idg/targets/Q9UI33,Q9UI33,"HPA RNA",placenta,0.0,High,0.0,,
https://pharos.nih.gov/idg/targets/Q9UI33,Q9UI33,"HPA RNA",prostate,0.0,Medium,0.0,,
https://pharos.nih.gov/idg/targets/Q9UI33,Q9UI33,"HPA RNA",rectum,0.0,High,0.0,,
https://pharos.nih.gov/idg/targets/Q9UI33,Q9UI33,"HPA RNA","seminal vesicle",0.0,Medium,0.0,,
https://pharos.nih.gov/idg/targets/Q9UI33,Q9UI33,"HPA RNA",skin,0.0,High,0.0,,
https://pharos.nih.gov/idg/targets/Q9UI33,Q9UI33,"HPA RNA","small intestine",0.0,High,0.0,,
https://pharos.nih.gov/idg/targets/Q9UI33,Q9UI33,"HPA RNA","smooth muscle",0.0,Medium,0.0,,
https://pharos.nih.gov/idg/targets/Q9UI33,Q9UI33,"HPA RNA",spleen,0.0,High,0.0,,
https://pharos.nih.gov/idg/targets/Q9UI33,Q9UI33,"HPA RNA",testis,0.0,High,0.0,,
https://pharos.nih.gov/idg/targets/Q9UI33,Q9UI33,"HPA RNA","thyroid gland",0.0,Medium,0.0,,
https://pharos.nih.gov/idg/targets/Q9UI33,Q9UI33,"HPA RNA",tonsil,0.0,Medium,0.0,,
https://pharos.nih.gov/idg/targets/Q9UI33,Q9UI33,"HPA RNA","urinary bladder",0.0,Medium,0.0,,
https://pharos.nih.gov/idg/targets/Q9UQD0,Q9UQD0,Consensus,"Liver and Pancreas",0.0,High,0.0,,
https://pharos.nih.gov/idg/targets/Q9UQD0,Q9UQD0,Consensus,"Digestive Tract",0.0,Medium,0.0,,
https://pharos.nih.gov/idg/targets/Q9UQD0,Q9UQD0,Consensus,"Urinary Tract",0.0,Low,0.0,,
https://pharos.nih.gov/idg/targets/Q9UQD0,Q9UQD0,Consensus,"Endocrine System",0.0,High,0.0,,
https://pharos.nih.gov/idg/targets/Q9UQD0,Q9UQD0,Consensus,"Blood and immune system",0.0,Medium,0.0,,
https://pharos.nih.gov/idg/targets/Q9UQD0,Q9UQD0,Consensus,"Respiratory system",0.0,Low,0.0,,
https://pharos.nih.gov/idg/targets/Q9UQD0,Q9UQD0,Consensus,"Female tissues",0.0,Medium,0.0,,
https://pharos.nih.gov/idg/targets/Q9UQD0,Q9UQD0,Consensus,"Male tissues",0.0,Medium,0.0,,
https://pharos.nih.gov/idg/targets/Q9UQD0,Q9UQD0,Consensus,"Skin and soft tissues",0.0,Medium,0.0,,
https://pharos.nih.gov/idg/targets/Q9UQD0,Q9UQD0,Consensus,"Nervous System",0.0,High,0.0,,
https://pharos.nih.gov/idg/targets/Q9UQD0,Q9UQD0,GTEx,"Brain - Cerebellum",1.377488,High,0.0,,
https://pharos.nih.gov/idg/targets/Q9UQD0,Q9UQD0,GTEx,"Brain - Cerebellar Hemisphere",1.319106,High,0.0,,
https://pharos.nih.gov/idg/targets/Q9UQD0,Q9UQD0,GTEx,"Brain - Frontal Cortex (BA9)",1.066326,High,0.0,,
https://pharos.nih.gov/idg/targets/Q9UQD0,Q9UQD0,GTEx,Pituitary,1.018284,High,0.0,,
https://pharos.nih.gov/idg/targets/Q9UQD0,Q9UQD0,GTEx,"Cells - Transformed fibroblasts",0.957248,High,0.0,,
https://pharos.nih.gov/idg/targets/Q9UQD0,Q9UQD0,GTEx,"Brain - Cortex",0.954652,High,0.0,,
https://pharos.nih.gov/idg/targets/Q9UQD0,Q9UQD0,GTEx,"Brain - Nucleus accumbens (basal ganglia)",0.707442,High,0.0,,
https://pharos.nih.gov/idg/targets/Q9UQD0,Q9UQD0,GTEx,"Brain - Anterior cingulate cortex (BA24)",0.599665,High,0.0,,
https://pharos.nih.gov/idg/targets/Q9UQD0,Q9UQD0,GTEx,"Brain - Caudate (basal ganglia)",0.512418,High,0.0,,
https://pharos.nih.gov/idg/targets/Q9UQD0,Q9UQD0,GTEx,"Brain - Hypothalamus",0.501744,High,0.0,,
https://pharos.nih.gov/idg/targets/Q9UQD0,Q9UQD0,GTEx,Testis,0.454006,High,0.0,,
https://pharos.nih.gov/idg/targets/Q9UQD0,Q9UQD0,GTEx,"Brain - Hippocampus",0.430961,High,0.0,,
https://pharos.nih.gov/idg/targets/Q9UQD0,Q9UQD0,GTEx,"Brain - Putamen (basal ganglia)",0.266232,High,0.0,,
https://pharos.nih.gov/idg/targets/Q9UQD0,Q9UQD0,GTEx,"Brain - Amygdala",0.217352,Medium,0.0,,
https://pharos.nih.gov/idg/targets/Q9UQD0,Q9UQD0,GTEx,Liver,0.15351,Medium,0.0,,
https://pharos.nih.gov/idg/targets/Q9UQD0,Q9UQD0,GTEx,"Brain - Substantia nigra",0.097951,Medium,0.0,,
https://pharos.nih.gov/idg/targets/Q9UQD0,Q9UQD0,GTEx,Spleen,0.069945,Medium,0.0,,
https://pharos.nih.gov/idg/targets/Q9UQD0,Q9UQD0,GTEx,"Brain - Spinal cord (cervical c-1)",0.043362,Medium,0.0,,
https://pharos.nih.gov/idg/targets/Q9UQD0,Q9UQD0,GTEx,Ovary,0.024075,Medium,0.0,,
https://pharos.nih.gov/idg/targets/Q9UQD0,Q9UQD0,GTEx,"Kidney - Cortex",0.020838,Medium,0.0,,
https://pharos.nih.gov/idg/targets/Q9UQD0,Q9UQD0,GTEx,Prostate,-0.050342,Medium,0.0,,
https://pharos.nih.gov/idg/targets/Q9UQD0,Q9UQD0,GTEx,Pancreas,-0.068746,Medium,0.0,,
https://pharos.nih.gov/idg/targets/Q9UQD0,Q9UQD0,GTEx,Thyroid,-0.17318,Medium,0.0,,
https://pharos.nih.gov/idg/targets/Q9UQD0,Q9UQD0,GTEx,"Adrenal Gland",-0.191249,Medium,0.0,,
https://pharos.nih.gov/idg/targets/Q9UQD0,Q9UQD0,GTEx,"Nerve - Tibial",-0.195554,Medium,0.0,,
https://pharos.nih.gov/idg/targets/Q9UQD0,Q9UQD0,GTEx,Uterus,-0.277736,Medium,0.0,,
https://pharos.nih.gov/idg/targets/Q9UQD0,Q9UQD0,GTEx,Vagina,-0.281623,Medium,0.0,,
https://pharos.nih.gov/idg/targets/Q9UQD0,Q9UQD0,GTEx,"Adipose - Visceral (Omentum)",-0.310869,Medium,0.0,,
https://pharos.nih.gov/idg/targets/Q9UQD0,Q9UQD0,GTEx,"Colon - Transverse",-0.323535,Medium,0.0,,
https://pharos.nih.gov/idg/targets/Q9UQD0,Q9UQD0,GTEx,"Breast - Mammary Tissue",-0.353498,Medium,0.0,,
https://pharos.nih.gov/idg/targets/Q9UQD0,Q9UQD0,GTEx,"Small Intestine - Terminal Ileum",-0.359221,Medium,0.0,,
https://pharos.nih.gov/idg/targets/Q9UQD0,Q9UQD0,GTEx,"Minor Salivary Gland",-0.388967,Medium,0.0,,
https://pharos.nih.gov/idg/targets/Q9UQD0,Q9UQD0,GTEx,"Colon - Sigmoid",-0.416801,Medium,0.0,,
https://pharos.nih.gov/idg/targets/Q9UQD0,Q9UQD0,GTEx,Lung,-0.463063,Medium,0.0,,
https://pharos.nih.gov/idg/targets/Q9UQD0,Q9UQD0,GTEx,Stomach,-0.480829,Medium,0.0,,
https://pharos.nih.gov/idg/targets/Q9UQD0,Q9UQD0,GTEx,"Skin - Not Sun Exposed (Suprapubic)",-0.534394,Medium,0.0,,
https://pharos.nih.gov/idg/targets/Q9UQD0,Q9UQD0,GTEx,"Skin - Sun Exposed (Lower leg)",-0.56607,Medium,0.0,,
https://pharos.nih.gov/idg/targets/Q9UQD0,Q9UQD0,GTEx,"Esophagus - Mucosa",-0.587792,Low,0.0,,
https://pharos.nih.gov/idg/targets/Q9UQD0,Q9UQD0,GTEx,"Adipose - Subcutaneous",-0.597395,Low,0.0,,
https://pharos.nih.gov/idg/targets/Q9UQD0,Q9UQD0,GTEx,"Esophagus - Gastroesophageal Junction",-0.617263,Low,0.0,,
https://pharos.nih.gov/idg/targets/Q9UQD0,Q9UQD0,GTEx,"Esophagus - Muscularis",-0.618163,Low,0.0,,
https://pharos.nih.gov/idg/targets/Q9UQD0,Q9UQD0,GTEx,"Artery - Coronary",-0.68027,Low,0.0,,
https://pharos.nih.gov/idg/targets/Q9UQD0,Q9UQD0,GTEx,"Artery - Aorta",-0.766496,Low,0.0,,
https://pharos.nih.gov/idg/targets/Q9UQD0,Q9UQD0,GTEx,"Whole Blood",-1.008464,Low,0.0,,
https://pharos.nih.gov/idg/targets/Q9UQD0,Q9UQD0,GTEx,"Artery - Tibial",-1.033319,Low,0.0,,
https://pharos.nih.gov/idg/targets/Q9UQD0,Q9UQD0,GTEx,"Heart - Left Ventricle",-1.042153,Low,0.0,,
https://pharos.nih.gov/idg/targets/Q9UQD0,Q9UQD0,GTEx,"Heart - Atrial Appendage",-1.151042,Low,0.0,,
https://pharos.nih.gov/idg/targets/Q9UQD0,Q9UQD0,GTEx,"Muscle - Skeletal",-1.330544,Low,0.0,,
https://pharos.nih.gov/idg/targets/Q9UQD0,Q9UQD0,GTEx,"Cells - EBV-transformed lymphocytes",-1.666754,Low,0.0,,
https://pharos.nih.gov/idg/targets/Q9UQD0,Q9UQD0,"HPM Protein","Adult Frontal Cortex",1.326722,High,0.0,,
https://pharos.nih.gov/idg/targets/Q9UQD0,Q9UQD0,"HPM Protein","Fetal Brain",0.358986,High,0.0,,
https://pharos.nih.gov/idg/targets/Q9UQD0,Q9UQD0,"HPM Protein","Adult Gallbladder",0.305644,High,0.0,,
https://pharos.nih.gov/idg/targets/Q9UQD0,Q9UQD0,"HPM Protein","Adult Lung",0.208004,Medium,0.0,,
https://pharos.nih.gov/idg/targets/Q9UQD0,Q9UQD0,"HPM Protein","Adult Heart",0.175679,Medium,0.0,,
https://pharos.nih.gov/idg/targets/Q9UQD0,Q9UQD0,"HPM Protein","Fetal Heart",0.156876,Medium,0.0,,
https://pharos.nih.gov/idg/targets/Q9UQD0,Q9UQD0,"HPM Protein","Adult Pancreas",0.155063,Medium,0.0,,
https://pharos.nih.gov/idg/targets/Q9UQD0,Q9UQD0,"HPM Protein","Adult Adrenal",0.143849,Medium,0.0,,
https://pharos.nih.gov/idg/targets/Q9UQD0,Q9UQD0,"HPM Protein","Fetal Liver",0.131861,Low,0.0,,
https://pharos.nih.gov/idg/targets/Q9UQD0,Q9UQD0,"HPM Protein","Adult Testis",0.130344,Low,0.0,,
https://pharos.nih.gov/idg/targets/Q9UQD0,Q9UQD0,"HPM Protein","Adult Ovary",0.119272,Low,0.0,,
https://pharos.nih.gov/idg/targets/Q9UQD0,Q9UQD0,"JensenLab Experiment HPM",Brain,0.0,null,0.8,,
https://pharos.nih.gov/idg/targets/Q9UQD0,Q9UQD0,"JensenLab Experiment HPM","Frontal lobe",0.0,null,0.9,,
https://pharos.nih.gov/idg/targets/Q9UQD0,Q9UQD0,"JensenLab Experiment HPM",Heart,0.0,null,0.5,,
https://pharos.nih.gov/idg/targets/Q9UQD0,Q9UQD0,"HPA RNA","adipose tissue",0.0,Medium,0.0,,
https://pharos.nih.gov/idg/targets/Q9UQD0,Q9UQD0,"HPA RNA","adrenal gland",0.0,High,0.0,,
https://pharos.nih.gov/idg/targets/Q9UQD0,Q9UQD0,"HPA RNA",appendix,0.0,Medium,0.0,,
https://pharos.nih.gov/idg/targets/Q9UQD0,Q9UQD0,"HPA RNA","bone marrow",0.0,Medium,0.0,,
https://pharos.nih.gov/idg/targets/Q9UQD0,Q9UQD0,"HPA RNA",breast,0.0,Medium,0.0,,
https://pharos.nih.gov/idg/targets/Q9UQD0,Q9UQD0,"HPA RNA","cerebral cortex",0.0,High,0.0,,
https://pharos.nih.gov/idg/targets/Q9UQD0,Q9UQD0,"HPA RNA","cervix, uterine",0.0,Low,0.0,,
https://pharos.nih.gov/idg/targets/Q9UQD0,Q9UQD0,"HPA RNA",colon,0.0,Medium,0.0,,
https://pharos.nih.gov/idg/targets/Q9UQD0,Q9UQD0,"HPA RNA",duodenum,0.0,Low,0.0,,
https://pharos.nih.gov/idg/targets/Q9UQD0,Q9UQD0,"HPA RNA",endometrium,0.0,Medium,0.0,,
https://pharos.nih.gov/idg/targets/Q9UQD0,Q9UQD0,"HPA RNA",epididymis,0.0,Medium,0.0,,
https://pharos.nih.gov/idg/targets/Q9UQD0,Q9UQD0,"HPA RNA",esophagus,0.0,Low,0.0,,
https://pharos.nih.gov/idg/targets/Q9UQD0,Q9UQD0,"HPA RNA","fallopian tube",0.0,Medium,0.0,,
https://pharos.nih.gov/idg/targets/Q9UQD0,Q9UQD0,"HPA RNA",gallbladder,0.0,High,0.0,,
https://pharos.nih.gov/idg/targets/Q9UQD0,Q9UQD0,"HPA RNA",kidney,0.0,Medium,0.0,,
https://pharos.nih.gov/idg/targets/Q9UQD0,Q9UQD0,"HPA RNA",liver,0.0,High,0.0,,
https://pharos.nih.gov/idg/targets/Q9UQD0,Q9UQD0,"HPA RNA",lung,0.0,Low,0.0,,
https://pharos.nih.gov/idg/targets/Q9UQD0,Q9UQD0,"HPA RNA","lymph node",0.0,Medium,0.0,,
https://pharos.nih.gov/idg/targets/Q9UQD0,Q9UQD0,"HPA RNA",ovary,0.0,Medium,0.0,,
https://pharos.nih.gov/idg/targets/Q9UQD0,Q9UQD0,"HPA RNA",pancreas,0.0,Medium,0.0,,
https://pharos.nih.gov/idg/targets/Q9UQD0,Q9UQD0,"HPA RNA","parathyroid gland",0.0,Medium,0.0,,
https://pharos.nih.gov/idg/targets/Q9UQD0,Q9UQD0,"HPA RNA",placenta,0.0,Low,0.0,,
https://pharos.nih.gov/idg/targets/Q9UQD0,Q9UQD0,"HPA RNA",prostate,0.0,High,0.0,,
https://pharos.nih.gov/idg/targets/Q9UQD0,Q9UQD0,"HPA RNA",rectum,0.0,High,0.0,,
https://pharos.nih.gov/idg/targets/Q9UQD0,Q9UQD0,"HPA RNA","salivary gland",0.0,Medium,0.0,,
https://pharos.nih.gov/idg/targets/Q9UQD0,Q9UQD0,"HPA RNA","seminal vesicle",0.0,Medium,0.0,,
https://pharos.nih.gov/idg/targets/Q9UQD0,Q9UQD0,"HPA RNA",skin,0.0,Medium,0.0,,
https://pharos.nih.gov/idg/targets/Q9UQD0,Q9UQD0,"HPA RNA","small intestine",0.0,Medium,0.0,,
https://pharos.nih.gov/idg/targets/Q9UQD0,Q9UQD0,"HPA RNA","smooth muscle",0.0,Medium,0.0,,
https://pharos.nih.gov/idg/targets/Q9UQD0,Q9UQD0,"HPA RNA",spleen,0.0,Medium,0.0,,
https://pharos.nih.gov/idg/targets/Q9UQD0,Q9UQD0,"HPA RNA",stomach,0.0,High,0.0,,
https://pharos.nih.gov/idg/targets/Q9UQD0,Q9UQD0,"HPA RNA",testis,0.0,High,0.0,,
https://pharos.nih.gov/idg/targets/Q9UQD0,Q9UQD0,"HPA RNA","thyroid gland",0.0,High,0.0,,
https://pharos.nih.gov/idg/targets/Q9UQD0,Q9UQD0,"HPA RNA",tonsil,0.0,Medium,0.0,,
https://pharos.nih.gov/idg/targets/Q9UQD0,Q9UQD0,"HPA RNA","urinary bladder",0.0,Low,0.0,,
https://pharos.nih.gov/idg/targets/P35499,P35499,Consensus,"Liver and Pancreas",0.0,Medium,0.0,,
https://pharos.nih.gov/idg/targets/P35499,P35499,Consensus,"Digestive Tract",0.0,Medium,0.0,,
https://pharos.nih.gov/idg/targets/P35499,P35499,Consensus,"Urinary Tract",0.0,Medium,0.0,,
https://pharos.nih.gov/idg/targets/P35499,P35499,Consensus,"Endocrine System",0.0,High,0.0,,
https://pharos.nih.gov/idg/targets/P35499,P35499,Consensus,"Blood and immune system",0.0,High,0.0,,
https://pharos.nih.gov/idg/targets/P35499,P35499,Consensus,"Female tissues",0.0,Medium,0.0,,
https://pharos.nih.gov/idg/targets/P35499,P35499,Consensus,"Male tissues",0.0,Medium,0.0,,
https://pharos.nih.gov/idg/targets/P35499,P35499,Consensus,"Skin and soft tissues",0.0,High,0.0,,
https://pharos.nih.gov/idg/targets/P35499,P35499,Consensus,"Cardiovascular System",0.0,Medium,0.0,,
https://pharos.nih.gov/idg/targets/P35499,P35499,GTEx,"Muscle - Skeletal",1.910117,High,0.0,,
https://pharos.nih.gov/idg/targets/P35499,P35499,GTEx,"Adipose - Visceral (Omentum)",1.508597,High,0.0,,
https://pharos.nih.gov/idg/targets/P35499,P35499,GTEx,"Breast - Mammary Tissue",1.396374,High,0.0,,
https://pharos.nih.gov/idg/targets/P35499,P35499,GTEx,"Adipose - Subcutaneous",1.177825,High,0.0,,
https://pharos.nih.gov/idg/targets/P35499,P35499,GTEx,Thyroid,1.020361,High,0.0,,
https://pharos.nih.gov/idg/targets/P35499,P35499,GTEx,Testis,0.712313,High,0.0,,
https://pharos.nih.gov/idg/targets/P35499,P35499,GTEx,Pituitary,0.459166,High,0.0,,
https://pharos.nih.gov/idg/targets/P35499,P35499,GTEx,"Colon - Sigmoid",0.326541,High,0.0,,
https://pharos.nih.gov/idg/targets/P35499,P35499,GTEx,Spleen,0.30298,High,0.0,,
https://pharos.nih.gov/idg/targets/P35499,P35499,GTEx,"Artery - Coronary",0.089198,High,0.0,,
https://pharos.nih.gov/idg/targets/P35499,P35499,GTEx,"Adrenal Gland",0.065953,High,0.0,,
https://pharos.nih.gov/idg/targets/P35499,P35499,GTEx,"Minor Salivary Gland",0.050959,High,0.0,,
https://pharos.nih.gov/idg/targets/P35499,P35499,GTEx,Prostate,0.027186,High,0.0,,
https://pharos.nih.gov/idg/targets/P35499,P35499,GTEx,"Nerve - Tibial",-0.112298,Medium,0.0,,
https://pharos.nih.gov/idg/targets/P35499,P35499,GTEx,Ovary,-0.120789,Medium,0.0,,
https://pharos.nih.gov/idg/targets/P35499,P35499,GTEx,"Skin - Sun Exposed (Lower leg)",-0.195588,Medium,0.0,,
https://pharos.nih.gov/idg/targets/P35499,P35499,GTEx,"Skin - Not Sun Exposed (Suprapubic)",-0.197397,Medium,0.0,,
https://pharos.nih.gov/idg/targets/P35499,P35499,GTEx,"Small Intestine - Terminal Ileum",-0.200522,Medium,0.0,,
https://pharos.nih.gov/idg/targets/P35499,P35499,GTEx,"Artery - Tibial",-0.244583,Medium,0.0,,
https://pharos.nih.gov/idg/targets/P35499,P35499,GTEx,"Heart - Atrial Appendage",-0.268734,Medium,0.0,,
https://pharos.nih.gov/idg/targets/P35499,P35499,GTEx,"Artery - Aorta",-0.286762,Medium,0.0,,
https://pharos.nih.gov/idg/targets/P35499,P35499,GTEx,"Esophagus - Gastroesophageal Junction",-0.424004,Medium,0.0,,
https://pharos.nih.gov/idg/targets/P35499,P35499,GTEx,Vagina,-0.435511,Medium,0.0,,
https://pharos.nih.gov/idg/targets/P35499,P35499,GTEx,"Kidney - Cortex",-0.445814,Medium,0.0,,
https://pharos.nih.gov/idg/targets/P35499,P35499,GTEx,Uterus,-0.473596,Medium,0.0,,
https://pharos.nih.gov/idg/targets/P35499,P35499,GTEx,Stomach,-0.489857,Medium,0.0,,
https://pharos.nih.gov/idg/targets/P35499,P35499,GTEx,"Esophagus - Muscularis",-0.508498,Medium,0.0,,
https://pharos.nih.gov/idg/targets/P35499,P35499,GTEx,"Heart - Left Ventricle",-0.534989,Medium,0.0,,
https://pharos.nih.gov/idg/targets/P35499,P35499,GTEx,"Brain - Cerebellum",-0.545765,Medium,0.0,,
https://pharos.nih.gov/idg/targets/P35499,P35499,GTEx,"Cells - EBV-transformed lymphocytes",-0.555331,Medium,0.0,,
https://pharos.nih.gov/idg/targets/P35499,P35499,GTEx,"Colon - Transverse",-0.611988,Medium,0.0,,
https://pharos.nih.gov/idg/targets/P35499,P35499,GTEx,"Brain - Putamen (basal ganglia)",-0.617083,Medium,0.0,,
https://pharos.nih.gov/idg/targets/P35499,P35499,GTEx,Lung,-0.752027,Medium,0.0,,
https://pharos.nih.gov/idg/targets/P35499,P35499,GTEx,"Brain - Caudate (basal ganglia)",-0.770574,Medium,0.0,,
https://pharos.nih.gov/idg/targets/P35499,P35499,GTEx,Pancreas,-0.785421,Medium,0.0,,
https://pharos.nih.gov/idg/targets/P35499,P35499,GTEx,"Brain - Cerebellar Hemisphere",-0.850165,Medium,0.0,,
https://pharos.nih.gov/idg/targets/P35499,P35499,GTEx,"Brain - Nucleus accumbens (basal ganglia)",-0.876802,Medium,0.0,,
https://pharos.nih.gov/idg/targets/P35499,P35499,GTEx,"Brain - Hypothalamus",-0.891435,Low,0.0,,
https://pharos.nih.gov/idg/targets/P35499,P35499,GTEx,"Brain - Cortex",-0.89296,Low,0.0,,
https://pharos.nih.gov/idg/targets/P35499,P35499,GTEx,"Brain - Hippocampus",-0.919734,Low,0.0,,
https://pharos.nih.gov/idg/targets/P35499,P35499,GTEx,"Brain - Substantia nigra",-0.94962,Low,0.0,,
https://pharos.nih.gov/idg/targets/P35499,P35499,GTEx,"Whole Blood",-0.96397,Low,0.0,,
https://pharos.nih.gov/idg/targets/P35499,P35499,GTEx,Liver,-0.990974,Low,0.0,,
https://pharos.nih.gov/idg/targets/P35499,P35499,GTEx,"Esophagus - Mucosa",-1.041986,Low,0.0,,
https://pharos.nih.gov/idg/targets/P35499,P35499,GTEx,"Brain - Anterior cingulate cortex (BA24)",-1.052076,Low,0.0,,
https://pharos.nih.gov/idg/targets/P35499,P35499,GTEx,"Brain - Spinal cord (cervical c-1)",-1.060481,Low,0.0,,
https://pharos.nih.gov/idg/targets/P35499,P35499,GTEx,"Brain - Frontal Cortex (BA9)",-1.13324,Low,0.0,,
https://pharos.nih.gov/idg/targets/P35499,P35499,GTEx,"Brain - Amygdala",-1.151872,Low,0.0,,
https://pharos.nih.gov/idg/targets/P35499,P35499,GTEx,"Cells - Transformed fibroblasts",-1.447636,Low,0.0,,
https://pharos.nih.gov/idg/targets/P35499,P35499,"HPM Protein","Adult Frontal Cortex",1.27581,High,0.0,,
https://pharos.nih.gov/idg/targets/P35499,P35499,"HPM Protein","Fetal Brain",0.916546,Medium,0.0,,
https://pharos.nih.gov/idg/targets/P35499,P35499,"HPM Protein","Fetal Ovary",0.512729,Medium,0.0,,
https://pharos.nih.gov/idg/targets/P35499,P35499,"HPM Protein","Adult Heart",0.175679,Medium,0.0,,
https://pharos.nih.gov/idg/targets/P35499,P35499,"HPM Protein","Adult Retina",0.087141,Low,0.0,,
https://pharos.nih.gov/idg/targets/P35499,P35499,"JensenLab Experiment HPM",Brain,0.0,null,0.7,,
https://pharos.nih.gov/idg/targets/P35499,P35499,"JensenLab Experiment HPM","Frontal lobe",0.0,null,0.8,,
https://pharos.nih.gov/idg/targets/P35499,P35499,"JensenLab Experiment HPM",Heart,0.0,null,0.5,,
https://pharos.nih.gov/idg/targets/P35499,P35499,"JensenLab Experiment HPM",Ovary,0.0,null,0.5,,
https://pharos.nih.gov/idg/targets/P35499,P35499,"JensenLab Experiment HPM",Retina,0.0,null,0.5,,
https://pharos.nih.gov/idg/targets/P35499,P35499,"HPA RNA","adipose tissue",0.0,High,0.0,,
https://pharos.nih.gov/idg/targets/P35499,P35499,"HPA RNA","adrenal gland",0.0,Medium,0.0,,
https://pharos.nih.gov/idg/targets/P35499,P35499,"HPA RNA",appendix,0.0,Medium,0.0,,
https://pharos.nih.gov/idg/targets/P35499,P35499,"HPA RNA",breast,0.0,High,0.0,,
https://pharos.nih.gov/idg/targets/P35499,P35499,"HPA RNA",colon,0.0,Medium,0.0,,
https://pharos.nih.gov/idg/targets/P35499,P35499,"HPA RNA",esophagus,0.0,High,0.0,,
https://pharos.nih.gov/idg/targets/P35499,P35499,"HPA RNA",gallbladder,0.0,Medium,0.0,,
https://pharos.nih.gov/idg/targets/P35499,P35499,"HPA RNA","heart muscle",0.0,Medium,0.0,,
https://pharos.nih.gov/idg/targets/P35499,P35499,"HPA RNA",kidney,0.0,Medium,0.0,,
https://pharos.nih.gov/idg/targets/P35499,P35499,"HPA RNA","lymph node",0.0,High,0.0,,
https://pharos.nih.gov/idg/targets/P35499,P35499,"HPA RNA",ovary,0.0,Medium,0.0,,
https://pharos.nih.gov/idg/targets/P35499,P35499,"HPA RNA","parathyroid gland",0.0,High,0.0,,
https://pharos.nih.gov/idg/targets/P35499,P35499,"HPA RNA",placenta,0.0,Medium,0.0,,
https://pharos.nih.gov/idg/targets/P35499,P35499,"HPA RNA",prostate,0.0,High,0.0,,
https://pharos.nih.gov/idg/targets/P35499,P35499,"HPA RNA",rectum,0.0,Medium,0.0,,
https://pharos.nih.gov/idg/targets/P35499,P35499,"HPA RNA","salivary gland",0.0,Medium,0.0,,
https://pharos.nih.gov/idg/targets/P35499,P35499,"HPA RNA","seminal vesicle",0.0,Medium,0.0,,
https://pharos.nih.gov/idg/targets/P35499,P35499,"HPA RNA","skeletal muscle",0.0,High,0.0,,
https://pharos.nih.gov/idg/targets/P35499,P35499,"HPA RNA","smooth muscle",0.0,Medium,0.0,,
https://pharos.nih.gov/idg/targets/P35499,P35499,"HPA RNA",spleen,0.0,High,0.0,,
https://pharos.nih.gov/idg/targets/P35499,P35499,"HPA RNA",stomach,0.0,Medium,0.0,,
https://pharos.nih.gov/idg/targets/P35499,P35499,"HPA RNA",testis,0.0,High,0.0,,
https://pharos.nih.gov/idg/targets/P35499,P35499,"HPA RNA","thyroid gland",0.0,High,0.0,,
https://pharos.nih.gov/idg/targets/P35499,P35499,"HPA RNA",tonsil,0.0,Medium,0.0,,
https://pharos.nih.gov/idg/targets/P35499,P35499,"HPA RNA","urinary bladder",0.0,Medium,0.0,,
https://pharos.nih.gov/idg/targets/P35498,P35498,Consensus,"Endocrine System",0.0,High,0.0,,
https://pharos.nih.gov/idg/targets/P35498,P35498,Consensus,"Respiratory system",0.0,High,0.0,,
https://pharos.nih.gov/idg/targets/P35498,P35498,Consensus,"Female tissues",0.0,High,0.0,,
https://pharos.nih.gov/idg/targets/P35498,P35498,Consensus,"Nervous System",0.0,High,0.0,,
https://pharos.nih.gov/idg/targets/P35498,P35498,GTEx,"Brain - Frontal Cortex (BA9)",1.349278,High,0.0,,
https://pharos.nih.gov/idg/targets/P35498,P35498,GTEx,"Brain - Cerebellar Hemisphere",1.1329,High,0.0,,
https://pharos.nih.gov/idg/targets/P35498,P35498,GTEx,"Brain - Cortex",1.123198,High,0.0,,
https://pharos.nih.gov/idg/targets/P35498,P35498,GTEx,"Brain - Cerebellum",1.092018,High,0.0,,
https://pharos.nih.gov/idg/targets/P35498,P35498,GTEx,"Brain - Hypothalamus",0.996358,High,0.0,,
https://pharos.nih.gov/idg/targets/P35498,P35498,GTEx,"Brain - Anterior cingulate cortex (BA24)",0.928191,High,0.0,,
https://pharos.nih.gov/idg/targets/P35498,P35498,GTEx,"Brain - Nucleus accumbens (basal ganglia)",0.841203,High,0.0,,
https://pharos.nih.gov/idg/targets/P35498,P35498,GTEx,"Brain - Caudate (basal ganglia)",0.837778,High,0.0,,
https://pharos.nih.gov/idg/targets/P35498,P35498,GTEx,"Brain - Hippocampus",0.77144,High,0.0,,
https://pharos.nih.gov/idg/targets/P35498,P35498,GTEx,"Brain - Putamen (basal ganglia)",0.692406,High,0.0,,
https://pharos.nih.gov/idg/targets/P35498,P35498,GTEx,"Brain - Amygdala",0.690019,High,0.0,,
https://pharos.nih.gov/idg/targets/P35498,P35498,GTEx,"Brain - Substantia nigra",0.586475,High,0.0,,
https://pharos.nih.gov/idg/targets/P35498,P35498,GTEx,"Brain - Spinal cord (cervical c-1)",0.461574,High,0.0,,
https://pharos.nih.gov/idg/targets/P35498,P35498,GTEx,Lung,-0.212469,Medium,0.0,,
https://pharos.nih.gov/idg/targets/P35498,P35498,GTEx,"Cells - Transformed fibroblasts",-0.312471,Medium,0.0,,
https://pharos.nih.gov/idg/targets/P35498,P35498,GTEx,Testis,-0.627825,Medium,0.0,,
https://pharos.nih.gov/idg/targets/P35498,P35498,GTEx,"Colon - Sigmoid",-1.078002,Medium,0.0,,
https://pharos.nih.gov/idg/targets/P35498,P35498,GTEx,Pituitary,-1.097562,Medium,0.0,,
https://pharos.nih.gov/idg/targets/P35498,P35498,GTEx,"Heart - Left Ventricle",-1.262211,Medium,0.0,,
https://pharos.nih.gov/idg/targets/P35498,P35498,GTEx,Stomach,-1.45867,Medium,0.0,,
https://pharos.nih.gov/idg/targets/P35498,P35498,GTEx,"Heart - Atrial Appendage",-1.476124,Medium,0.0,,
https://pharos.nih.gov/idg/targets/P35498,P35498,GTEx,"Nerve - Tibial",-1.54485,Medium,0.0,,
https://pharos.nih.gov/idg/targets/P35498,P35498,GTEx,Spleen,-1.581782,Medium,0.0,,
https://pharos.nih.gov/idg/targets/P35498,P35498,GTEx,"Adrenal Gland",-1.677367,Medium,0.0,,
https://pharos.nih.gov/idg/targets/P35498,P35498,GTEx,"Artery - Aorta",-1.700057,Medium,0.0,,
https://pharos.nih.gov/idg/targets/P35498,P35498,GTEx,"Muscle - Skeletal",-1.705424,Medium,0.0,,
https://pharos.nih.gov/idg/targets/P35498,P35498,GTEx,"Skin - Sun Exposed (Lower leg)",-1.77963,Medium,0.0,,
https://pharos.nih.gov/idg/targets/P35498,P35498,GTEx,"Small Intestine - Terminal Ileum",-1.815593,Medium,0.0,,
https://pharos.nih.gov/idg/targets/P35498,P35498,GTEx,"Breast - Mammary Tissue",-1.823909,Medium,0.0,,
https://pharos.nih.gov/idg/targets/P35498,P35498,GTEx,Vagina,-1.824198,Medium,0.0,,
https://pharos.nih.gov/idg/targets/P35498,P35498,GTEx,"Kidney - Cortex",-1.831945,Medium,0.0,,
https://pharos.nih.gov/idg/targets/P35498,P35498,GTEx,Uterus,-1.854959,Medium,0.0,,
https://pharos.nih.gov/idg/targets/P35498,P35498,GTEx,"Artery - Tibial",-1.865345,Medium,0.0,,
https://pharos.nih.gov/idg/targets/P35498,P35498,GTEx,"Esophagus - Muscularis",-1.873544,Medium,0.0,,
https://pharos.nih.gov/idg/targets/P35498,P35498,GTEx,Pancreas,-1.881405,Medium,0.0,,
https://pharos.nih.gov/idg/targets/P35498,P35498,GTEx,"Adipose - Subcutaneous",-1.881405,Medium,0.0,,
https://pharos.nih.gov/idg/targets/P35498,P35498,GTEx,"Colon - Transverse",-1.902222,Medium,0.0,,
https://pharos.nih.gov/idg/targets/P35498,P35498,GTEx,"Adipose - Visceral (Omentum)",-1.916318,Low,0.0,,
https://pharos.nih.gov/idg/targets/P35498,P35498,GTEx,"Esophagus - Gastroesophageal Junction",-1.930887,Low,0.0,,
https://pharos.nih.gov/idg/targets/P35498,P35498,GTEx,Ovary,-1.949234,Low,0.0,,
https://pharos.nih.gov/idg/targets/P35498,P35498,GTEx,"Artery - Coronary",-1.94962,Low,0.0,,
https://pharos.nih.gov/idg/targets/P35498,P35498,GTEx,Thyroid,-1.957031,Low,0.0,,
https://pharos.nih.gov/idg/targets/P35498,P35498,GTEx,"Skin - Not Sun Exposed (Suprapubic)",-1.984431,Low,0.0,,
https://pharos.nih.gov/idg/targets/P35498,P35498,GTEx,"Esophagus - Mucosa",-1.98464,Low,0.0,,
https://pharos.nih.gov/idg/targets/P35498,P35498,GTEx,Liver,-2.020429,Low,0.0,,
https://pharos.nih.gov/idg/targets/P35498,P35498,GTEx,"Minor Salivary Gland",-2.038128,Low,0.0,,
https://pharos.nih.gov/idg/targets/P35498,P35498,GTEx,Prostate,-2.053474,Low,0.0,,
https://pharos.nih.gov/idg/targets/P35498,P35498,GTEx,"Cells - EBV-transformed lymphocytes",-2.129772,Low,0.0,,
https://pharos.nih.gov/idg/targets/P35498,P35498,GTEx,"Whole Blood",-2.829152,Low,0.0,,
https://pharos.nih.gov/idg/targets/P35498,P35498,"HPM Protein","Adult Frontal Cortex",1.742156,High,0.0,,
https://pharos.nih.gov/idg/targets/P35498,P35498,"HPM Protein","Fetal Brain",0.961046,High,0.0,,
https://pharos.nih.gov/idg/targets/P35498,P35498,"HPM Protein","Adult Testis",0.431374,High,0.0,,
https://pharos.nih.gov/idg/targets/P35498,P35498,"HPM Protein","B Cells",0.405089,Medium,0.0,,
https://pharos.nih.gov/idg/targets/P35498,P35498,"HPM Protein","CD4 Cells",0.392493,Medium,0.0,,
https://pharos.nih.gov/idg/targets/P35498,P35498,"HPM Protein","NK Cells",0.371794,Medium,0.0,,
https://pharos.nih.gov/idg/targets/P35498,P35498,"HPM Protein","Adult Kidney",0.340245,Medium,0.0,,
https://pharos.nih.gov/idg/targets/P35498,P35498,"HPM Protein","CD8 Cells",0.275041,Medium,0.0,,
https://pharos.nih.gov/idg/targets/P35498,P35498,"HPM Protein","Adult Heart",0.175679,Medium,0.0,,
https://pharos.nih.gov/idg/targets/P35498,P35498,"HPM Protein",Monocytes,0.175209,Low,0.0,,
https://pharos.nih.gov/idg/targets/P35498,P35498,"HPM Protein","Adult Ovary",0.174378,Low,0.0,,
https://pharos.nih.gov/idg/targets/P35498,P35498,"HPM Protein","Adult Adrenal",0.143849,Low,0.0,,
https://pharos.nih.gov/idg/targets/P35498,P35498,"JensenLab Experiment HPM","Adrenal gland",0.0,null,0.5,,
https://pharos.nih.gov/idg/targets/P35498,P35498,"JensenLab Experiment HPM",Brain,0.0,null,0.7,,
https://pharos.nih.gov/idg/targets/P35498,P35498,"JensenLab Experiment HPM","Frontal lobe",0.0,null,1.0,,
https://pharos.nih.gov/idg/targets/P35498,P35498,"JensenLab Experiment HPM",Heart,0.0,null,0.5,,
https://pharos.nih.gov/idg/targets/P35498,P35498,"JensenLab Experiment HPM",Kidney,0.0,null,0.5,,
https://pharos.nih.gov/idg/targets/P35498,P35498,"HPA RNA","adrenal gland",0.0,High,0.0,,
https://pharos.nih.gov/idg/targets/P35498,P35498,"HPA RNA","cerebral cortex",0.0,High,0.0,,
https://pharos.nih.gov/idg/targets/P35498,P35498,"HPA RNA","fallopian tube",0.0,High,0.0,,
https://pharos.nih.gov/idg/targets/P35498,P35498,"HPA RNA",lung,0.0,High,0.0,,
https://pharos.nih.gov/idg/targets/P35498,P35498,"HPA RNA",placenta,0.0,High,0.0,,
https://pharos.nih.gov/idg/targets/P35498,P35498,"HPA RNA",testis,0.0,High,0.0,,
https://pharos.nih.gov/idg/targets/Q15858,Q15858,Consensus,"Liver and Pancreas",0.0,Low,0.0,,
https://pharos.nih.gov/idg/targets/Q15858,Q15858,Consensus,"Digestive Tract",0.0,Medium,0.0,,
https://pharos.nih.gov/idg/targets/Q15858,Q15858,Consensus,"Urinary Tract",0.0,Medium,0.0,,
https://pharos.nih.gov/idg/targets/Q15858,Q15858,Consensus,"Endocrine System",0.0,Medium,0.0,,
https://pharos.nih.gov/idg/targets/Q15858,Q15858,Consensus,"Blood and immune system",0.0,Medium,0.0,,
https://pharos.nih.gov/idg/targets/Q15858,Q15858,Consensus,"Respiratory system",0.0,High,0.0,,
https://pharos.nih.gov/idg/targets/Q15858,Q15858,Consensus,"Female tissues",0.0,Medium,0.0,,
https://pharos.nih.gov/idg/targets/Q15858,Q15858,Consensus,"Male tissues",0.0,Medium,0.0,,
https://pharos.nih.gov/idg/targets/Q15858,Q15858,Consensus,"Skin and soft tissues",0.0,Medium,0.0,,
https://pharos.nih.gov/idg/targets/Q15858,Q15858,Consensus,"Nervous System",0.0,Medium,0.0,,
https://pharos.nih.gov/idg/targets/Q15858,Q15858,Consensus,"Cardiovascular System",0.0,Low,0.0,,
https://pharos.nih.gov/idg/targets/Q15858,Q15858,GTEx,Spleen,1.080789,High,0.0,,
https://pharos.nih.gov/idg/targets/Q15858,Q15858,GTEx,"Nerve - Tibial",1.04883,High,0.0,,
https://pharos.nih.gov/idg/targets/Q15858,Q15858,GTEx,"Brain - Hypothalamus",0.946575,High,0.0,,
https://pharos.nih.gov/idg/targets/Q15858,Q15858,GTEx,Testis,0.921296,High,0.0,,
https://pharos.nih.gov/idg/targets/Q15858,Q15858,GTEx,"Colon - Sigmoid",0.847696,High,0.0,,
https://pharos.nih.gov/idg/targets/Q15858,Q15858,GTEx,Pituitary,0.524266,High,0.0,,
https://pharos.nih.gov/idg/targets/Q15858,Q15858,GTEx,"Colon - Transverse",0.465903,High,0.0,,
https://pharos.nih.gov/idg/targets/Q15858,Q15858,GTEx,"Esophagus - Muscularis",0.442245,High,0.0,,
https://pharos.nih.gov/idg/targets/Q15858,Q15858,GTEx,"Esophagus - Gastroesophageal Junction",0.392257,High,0.0,,
https://pharos.nih.gov/idg/targets/Q15858,Q15858,GTEx,Liver,0.356122,High,0.0,,
https://pharos.nih.gov/idg/targets/Q15858,Q15858,GTEx,"Brain - Nucleus accumbens (basal ganglia)",0.33706,High,0.0,,
https://pharos.nih.gov/idg/targets/Q15858,Q15858,GTEx,"Cells - Transformed fibroblasts",0.302547,High,0.0,,
https://pharos.nih.gov/idg/targets/Q15858,Q15858,GTEx,"Adipose - Subcutaneous",0.24279,High,0.0,,
https://pharos.nih.gov/idg/targets/Q15858,Q15858,GTEx,Vagina,0.238799,Medium,0.0,,
https://pharos.nih.gov/idg/targets/Q15858,Q15858,GTEx,"Artery - Coronary",0.222196,Medium,0.0,,
https://pharos.nih.gov/idg/targets/Q15858,Q15858,GTEx,"Brain - Substantia nigra",0.218273,Medium,0.0,,
https://pharos.nih.gov/idg/targets/Q15858,Q15858,GTEx,"Adipose - Visceral (Omentum)",0.197418,Medium,0.0,,
https://pharos.nih.gov/idg/targets/Q15858,Q15858,GTEx,Stomach,0.176959,Medium,0.0,,
https://pharos.nih.gov/idg/targets/Q15858,Q15858,GTEx,"Brain - Amygdala",0.16346,Medium,0.0,,
https://pharos.nih.gov/idg/targets/Q15858,Q15858,GTEx,"Small Intestine - Terminal Ileum",0.126456,Medium,0.0,,
https://pharos.nih.gov/idg/targets/Q15858,Q15858,GTEx,Pancreas,0.100026,Medium,0.0,,
https://pharos.nih.gov/idg/targets/Q15858,Q15858,GTEx,Lung,0.069298,Medium,0.0,,
https://pharos.nih.gov/idg/targets/Q15858,Q15858,GTEx,"Brain - Caudate (basal ganglia)",0.033826,Medium,0.0,,
https://pharos.nih.gov/idg/targets/Q15858,Q15858,GTEx,"Brain - Spinal cord (cervical c-1)",0.022841,Medium,0.0,,
https://pharos.nih.gov/idg/targets/Q15858,Q15858,GTEx,"Brain - Anterior cingulate cortex (BA24)",0.01494,Medium,0.0,,
https://pharos.nih.gov/idg/targets/Q15858,Q15858,GTEx,"Artery - Tibial",-0.055517,Medium,0.0,,
https://pharos.nih.gov/idg/targets/Q15858,Q15858,GTEx,"Brain - Hippocampus",-0.05611,Medium,0.0,,
https://pharos.nih.gov/idg/targets/Q15858,Q15858,GTEx,Thyroid,-0.069331,Medium,0.0,,
https://pharos.nih.gov/idg/targets/Q15858,Q15858,GTEx,"Breast - Mammary Tissue",-0.081393,Medium,0.0,,
https://pharos.nih.gov/idg/targets/Q15858,Q15858,GTEx,Prostate,-0.093746,Medium,0.0,,
https://pharos.nih.gov/idg/targets/Q15858,Q15858,GTEx,"Brain - Frontal Cortex (BA9)",-0.152736,Medium,0.0,,
https://pharos.nih.gov/idg/targets/Q15858,Q15858,GTEx,"Brain - Cortex",-0.201211,Medium,0.0,,
https://pharos.nih.gov/idg/targets/Q15858,Q15858,GTEx,"Kidney - Cortex",-0.208099,Medium,0.0,,
https://pharos.nih.gov/idg/targets/Q15858,Q15858,GTEx,"Skin - Not Sun Exposed (Suprapubic)",-0.231991,Medium,0.0,,
https://pharos.nih.gov/idg/targets/Q15858,Q15858,GTEx,"Skin - Sun Exposed (Lower leg)",-0.257904,Medium,0.0,,
https://pharos.nih.gov/idg/targets/Q15858,Q15858,GTEx,"Artery - Aorta",-0.2594,Medium,0.0,,
https://pharos.nih.gov/idg/targets/Q15858,Q15858,GTEx,Uterus,-0.273436,Medium,0.0,,
https://pharos.nih.gov/idg/targets/Q15858,Q15858,GTEx,"Heart - Atrial Appendage",-0.299946,Low,0.0,,
https://pharos.nih.gov/idg/targets/Q15858,Q15858,GTEx,"Brain - Putamen (basal ganglia)",-0.396098,Low,0.0,,
https://pharos.nih.gov/idg/targets/Q15858,Q15858,GTEx,Ovary,-0.419531,Low,0.0,,
https://pharos.nih.gov/idg/targets/Q15858,Q15858,GTEx,"Minor Salivary Gland",-0.49026,Low,0.0,,
https://pharos.nih.gov/idg/targets/Q15858,Q15858,GTEx,"Esophagus - Mucosa",-0.538877,Low,0.0,,
https://pharos.nih.gov/idg/targets/Q15858,Q15858,GTEx,"Brain - Cerebellum",-0.696156,Low,0.0,,
https://pharos.nih.gov/idg/targets/Q15858,Q15858,GTEx,"Brain - Cerebellar Hemisphere",-0.700057,Low,0.0,,
https://pharos.nih.gov/idg/targets/Q15858,Q15858,GTEx,"Heart - Left Ventricle",-0.775596,Low,0.0,,
https://pharos.nih.gov/idg/targets/Q15858,Q15858,GTEx,"Whole Blood",-0.864708,Low,0.0,,
https://pharos.nih.gov/idg/targets/Q15858,Q15858,GTEx,"Adrenal Gland",-0.973467,Low,0.0,,
https://pharos.nih.gov/idg/targets/Q15858,Q15858,GTEx,"Muscle - Skeletal",-1.046506,Low,0.0,,
https://pharos.nih.gov/idg/targets/Q15858,Q15858,GTEx,"Cells - EBV-transformed lymphocytes",-2.443818,Low,0.0,,
https://pharos.nih.gov/idg/targets/Q15858,Q15858,"HPM Protein","Adult Frontal Cortex",1.347607,High,0.0,,
https://pharos.nih.gov/idg/targets/Q15858,Q15858,"HPM Protein","Fetal Brain",0.878186,Medium,0.0,,
https://pharos.nih.gov/idg/targets/Q15858,Q15858,"HPM Protein","Adult Retina",0.231608,Medium,0.0,,
https://pharos.nih.gov/idg/targets/Q15858,Q15858,"HPM Protein","Adult Heart",0.194505,Medium,0.0,,
https://pharos.nih.gov/idg/targets/Q15858,Q15858,"HPM Protein","Adult Urinary Bladder",0.06083,Low,0.0,,
https://pharos.nih.gov/idg/targets/Q15858,Q15858,"JensenLab Experiment HPM",Brain,0.0,null,0.7,,
https://pharos.nih.gov/idg/targets/Q15858,Q15858,"JensenLab Experiment HPM","Frontal lobe",0.0,null,0.9,,
https://pharos.nih.gov/idg/targets/Q15858,Q15858,"JensenLab Experiment HPM",Heart,0.0,null,0.5,,
https://pharos.nih.gov/idg/targets/Q15858,Q15858,"JensenLab Experiment HPM","Urinary bladder",0.0,null,0.5,,
https://pharos.nih.gov/idg/targets/Q15858,Q15858,"HPA RNA","adipose tissue",0.0,Medium,0.0,,
https://pharos.nih.gov/idg/targets/Q15858,Q15858,"HPA RNA","adrenal gland",0.0,High,0.0,,
https://pharos.nih.gov/idg/targets/Q15858,Q15858,"HPA RNA",appendix,0.0,Medium,0.0,,
https://pharos.nih.gov/idg/targets/Q15858,Q15858,"HPA RNA","bone marrow",0.0,Medium,0.0,,
https://pharos.nih.gov/idg/targets/Q15858,Q15858,"HPA RNA",breast,0.0,Medium,0.0,,
https://pharos.nih.gov/idg/targets/Q15858,Q15858,"HPA RNA","cerebral cortex",0.0,Medium,0.0,,
https://pharos.nih.gov/idg/targets/Q15858,Q15858,"HPA RNA","cervix, uterine",0.0,Medium,0.0,,
https://pharos.nih.gov/idg/targets/Q15858,Q15858,"HPA RNA",colon,0.0,High,0.0,,
https://pharos.nih.gov/idg/targets/Q15858,Q15858,"HPA RNA",duodenum,0.0,Medium,0.0,,
https://pharos.nih.gov/idg/targets/Q15858,Q15858,"HPA RNA",endometrium,0.0,Low,0.0,,
https://pharos.nih.gov/idg/targets/Q15858,Q15858,"HPA RNA",epididymis,0.0,Low,0.0,,
https://pharos.nih.gov/idg/targets/Q15858,Q15858,"HPA RNA",esophagus,0.0,Medium,0.0,,
https://pharos.nih.gov/idg/targets/Q15858,Q15858,"HPA RNA","fallopian tube",0.0,Medium,0.0,,
https://pharos.nih.gov/idg/targets/Q15858,Q15858,"HPA RNA",gallbladder,0.0,Medium,0.0,,
https://pharos.nih.gov/idg/targets/Q15858,Q15858,"HPA RNA","heart muscle",0.0,Low,0.0,,
https://pharos.nih.gov/idg/targets/Q15858,Q15858,"HPA RNA",kidney,0.0,Medium,0.0,,
https://pharos.nih.gov/idg/targets/Q15858,Q15858,"HPA RNA",liver,0.0,High,0.0,,
https://pharos.nih.gov/idg/targets/Q15858,Q15858,"HPA RNA",lung,0.0,High,0.0,,
https://pharos.nih.gov/idg/targets/Q15858,Q15858,"HPA RNA","lymph node",0.0,Medium,0.0,,
https://pharos.nih.gov/idg/targets/Q15858,Q15858,"HPA RNA",ovary,0.0,Medium,0.0,,
https://pharos.nih.gov/idg/targets/Q15858,Q15858,"HPA RNA",pancreas,0.0,Low,0.0,,
https://pharos.nih.gov/idg/targets/Q15858,Q15858,"HPA RNA",placenta,0.0,High,0.0,,
https://pharos.nih.gov/idg/targets/Q15858,Q15858,"HPA RNA",prostate,0.0,Medium,0.0,,
https://pharos.nih.gov/idg/targets/Q15858,Q15858,"HPA RNA",rectum,0.0,High,0.0,,
https://pharos.nih.gov/idg/targets/Q15858,Q15858,"HPA RNA","salivary gland",0.0,Low,0.0,,
https://pharos.nih.gov/idg/targets/Q15858,Q15858,"HPA RNA","seminal vesicle",0.0,Medium,0.0,,
https://pharos.nih.gov/idg/targets/Q15858,Q15858,"HPA RNA",skin,0.0,Medium,0.0,,
https://pharos.nih.gov/idg/targets/Q15858,Q15858,"HPA RNA","small intestine",0.0,High,0.0,,
https://pharos.nih.gov/idg/targets/Q15858,Q15858,"HPA RNA","smooth muscle",0.0,High,0.0,,
https://pharos.nih.gov/idg/targets/Q15858,Q15858,"HPA RNA",spleen,0.0,High,0.0,,
https://pharos.nih.gov/idg/targets/Q15858,Q15858,"HPA RNA",stomach,0.0,Low,0.0,,
https://pharos.nih.gov/idg/targets/Q15858,Q15858,"HPA RNA",testis,0.0,High,0.0,,
https://pharos.nih.gov/idg/targets/Q15858,Q15858,"HPA RNA","thyroid gland",0.0,Medium,0.0,,
https://pharos.nih.gov/idg/targets/Q15858,Q15858,"HPA RNA",tonsil,0.0,Medium,0.0,,
https://pharos.nih.gov/idg/targets/Q15858,Q15858,"HPA RNA","urinary bladder",0.0,Medium,0.0,,
https://pharos.nih.gov/idg/targets/Q99250,Q99250,Consensus,"Liver and Pancreas",0.0,High,0.0,,
https://pharos.nih.gov/idg/targets/Q99250,Q99250,Consensus,"Digestive Tract",0.0,Medium,0.0,,
https://pharos.nih.gov/idg/targets/Q99250,Q99250,Consensus,"Urinary Tract",0.0,Medium,0.0,,
https://pharos.nih.gov/idg/targets/Q99250,Q99250,Consensus,"Endocrine System",0.0,High,0.0,,
https://pharos.nih.gov/idg/targets/Q99250,Q99250,Consensus,"Blood and immune system",0.0,Medium,0.0,,
https://pharos.nih.gov/idg/targets/Q99250,Q99250,Consensus,"Respiratory system",0.0,Medium,0.0,,
https://pharos.nih.gov/idg/targets/Q99250,Q99250,Consensus,"Female tissues",0.0,Medium,0.0,,
https://pharos.nih.gov/idg/targets/Q99250,Q99250,Consensus,"Male tissues",0.0,High,0.0,,
https://pharos.nih.gov/idg/targets/Q99250,Q99250,Consensus,"Skin and soft tissues",0.0,Medium,0.0,,
https://pharos.nih.gov/idg/targets/Q99250,Q99250,Consensus,"Nervous System",0.0,Low,0.0,,
https://pharos.nih.gov/idg/targets/Q99250,Q99250,GTEx,"Brain - Cerebellar Hemisphere",2.211921,High,0.0,,
https://pharos.nih.gov/idg/targets/Q99250,Q99250,GTEx,"Brain - Cerebellum",2.161068,High,0.0,,
https://pharos.nih.gov/idg/targets/Q99250,Q99250,GTEx,"Brain - Frontal Cortex (BA9)",1.654177,High,0.0,,
https://pharos.nih.gov/idg/targets/Q99250,Q99250,GTEx,"Brain - Cortex",1.428944,High,0.0,,
https://pharos.nih.gov/idg/targets/Q99250,Q99250,GTEx,"Brain - Nucleus accumbens (basal ganglia)",1.344883,High,0.0,,
https://pharos.nih.gov/idg/targets/Q99250,Q99250,GTEx,"Brain - Anterior cingulate cortex (BA24)",1.276002,High,0.0,,
https://pharos.nih.gov/idg/targets/Q99250,Q99250,GTEx,"Brain - Hypothalamus",1.245266,High,0.0,,
https://pharos.nih.gov/idg/targets/Q99250,Q99250,GTEx,"Brain - Caudate (basal ganglia)",1.230449,High,0.0,,
https://pharos.nih.gov/idg/targets/Q99250,Q99250,GTEx,"Brain - Hippocampus",1.154424,High,0.0,,
https://pharos.nih.gov/idg/targets/Q99250,Q99250,GTEx,"Brain - Amygdala",1.087249,High,0.0,,
https://pharos.nih.gov/idg/targets/Q99250,Q99250,GTEx,"Brain - Putamen (basal ganglia)",1.037426,High,0.0,,
https://pharos.nih.gov/idg/targets/Q99250,Q99250,GTEx,Pituitary,0.942405,High,0.0,,
https://pharos.nih.gov/idg/targets/Q99250,Q99250,GTEx,"Brain - Substantia nigra",0.75496,High,0.0,,
https://pharos.nih.gov/idg/targets/Q99250,Q99250,GTEx,"Kidney - Cortex",0.616738,Medium,0.0,,
https://pharos.nih.gov/idg/targets/Q99250,Q99250,GTEx,"Brain - Spinal cord (cervical c-1)",0.510344,Medium,0.0,,
https://pharos.nih.gov/idg/targets/Q99250,Q99250,GTEx,"Nerve - Tibial",0.418135,Medium,0.0,,
https://pharos.nih.gov/idg/targets/Q99250,Q99250,GTEx,Uterus,0.152747,Medium,0.0,,
https://pharos.nih.gov/idg/targets/Q99250,Q99250,GTEx,Vagina,0.140194,Medium,0.0,,
https://pharos.nih.gov/idg/targets/Q99250,Q99250,GTEx,"Artery - Coronary",-0.084336,Medium,0.0,,
https://pharos.nih.gov/idg/targets/Q99250,Q99250,GTEx,Testis,-0.168738,Medium,0.0,,
https://pharos.nih.gov/idg/targets/Q99250,Q99250,GTEx,"Adipose - Visceral (Omentum)",-0.199146,Medium,0.0,,
https://pharos.nih.gov/idg/targets/Q99250,Q99250,GTEx,Ovary,-0.228119,Medium,0.0,,
https://pharos.nih.gov/idg/targets/Q99250,Q99250,GTEx,"Colon - Sigmoid",-0.375512,Medium,0.0,,
https://pharos.nih.gov/idg/targets/Q99250,Q99250,GTEx,"Breast - Mammary Tissue",-0.410497,Medium,0.0,,
https://pharos.nih.gov/idg/targets/Q99250,Q99250,GTEx,"Artery - Tibial",-0.45587,Medium,0.0,,
https://pharos.nih.gov/idg/targets/Q99250,Q99250,GTEx,"Artery - Aorta",-0.468393,Medium,0.0,,
https://pharos.nih.gov/idg/targets/Q99250,Q99250,GTEx,Prostate,-0.50724,Medium,0.0,,
https://pharos.nih.gov/idg/targets/Q99250,Q99250,GTEx,"Esophagus - Gastroesophageal Junction",-0.562249,Medium,0.0,,
https://pharos.nih.gov/idg/targets/Q99250,Q99250,GTEx,"Cells - Transformed fibroblasts",-0.581285,Medium,0.0,,
https://pharos.nih.gov/idg/targets/Q99250,Q99250,GTEx,"Adipose - Subcutaneous",-0.627456,Medium,0.0,,
https://pharos.nih.gov/idg/targets/Q99250,Q99250,GTEx,Stomach,-0.654626,Medium,0.0,,
https://pharos.nih.gov/idg/targets/Q99250,Q99250,GTEx,"Adrenal Gland",-0.68529,Medium,0.0,,
https://pharos.nih.gov/idg/targets/Q99250,Q99250,GTEx,"Minor Salivary Gland",-0.690902,Medium,0.0,,
https://pharos.nih.gov/idg/targets/Q99250,Q99250,GTEx,Spleen,-0.709409,Medium,0.0,,
https://pharos.nih.gov/idg/targets/Q99250,Q99250,GTEx,"Small Intestine - Terminal Ileum",-0.716925,Medium,0.0,,
https://pharos.nih.gov/idg/targets/Q99250,Q99250,GTEx,"Esophagus - Muscularis",-0.736838,Medium,0.0,,
https://pharos.nih.gov/idg/targets/Q99250,Q99250,GTEx,"Skin - Not Sun Exposed (Suprapubic)",-0.781464,Medium,0.0,,
https://pharos.nih.gov/idg/targets/Q99250,Q99250,GTEx,"Skin - Sun Exposed (Lower leg)",-0.801893,Low,0.0,,
https://pharos.nih.gov/idg/targets/Q99250,Q99250,GTEx,"Heart - Atrial Appendage",-0.904308,Low,0.0,,
https://pharos.nih.gov/idg/targets/Q99250,Q99250,GTEx,Thyroid,-0.920096,Low,0.0,,
https://pharos.nih.gov/idg/targets/Q99250,Q99250,GTEx,Lung,-0.933301,Low,0.0,,
https://pharos.nih.gov/idg/targets/Q99250,Q99250,GTEx,Pancreas,-1.045709,Low,0.0,,
https://pharos.nih.gov/idg/targets/Q99250,Q99250,GTEx,Liver,-1.095095,Low,0.0,,
https://pharos.nih.gov/idg/targets/Q99250,Q99250,GTEx,"Colon - Transverse",-1.103253,Low,0.0,,
https://pharos.nih.gov/idg/targets/Q99250,Q99250,GTEx,"Esophagus - Mucosa",-1.308432,Low,0.0,,
https://pharos.nih.gov/idg/targets/Q99250,Q99250,GTEx,"Cells - EBV-transformed lymphocytes",-1.620151,Low,0.0,,
https://pharos.nih.gov/idg/targets/Q99250,Q99250,GTEx,"Muscle - Skeletal",-1.631155,Low,0.0,,
https://pharos.nih.gov/idg/targets/Q99250,Q99250,GTEx,"Heart - Left Ventricle",-1.641589,Low,0.0,,
https://pharos.nih.gov/idg/targets/Q99250,Q99250,GTEx,"Whole Blood",-1.841487,Low,0.0,,
https://pharos.nih.gov/idg/targets/Q99250,Q99250,"HPM Protein","Adult Frontal Cortex",2.007056,High,0.0,,
https://pharos.nih.gov/idg/targets/Q99250,Q99250,"HPM Protein","Fetal Brain",1.398073,High,0.0,,
https://pharos.nih.gov/idg/targets/Q99250,Q99250,"HPM Protein","Adult Gallbladder",0.305644,High,0.0,,
https://pharos.nih.gov/idg/targets/Q99250,Q99250,"HPM Protein","Adult Heart",0.285277,Medium,0.0,,
https://pharos.nih.gov/idg/targets/Q99250,Q99250,"HPM Protein","Adult Lung",0.208004,Medium,0.0,,
https://pharos.nih.gov/idg/targets/Q99250,Q99250,"HPM Protein","Adult Pancreas",0.155063,Medium,0.0,,
https://pharos.nih.gov/idg/targets/Q99250,Q99250,"HPM Protein","Adult Adrenal",0.143849,Medium,0.0,,
https://pharos.nih.gov/idg/targets/Q99250,Q99250,"HPM Protein","Fetal Liver",0.131861,Medium,0.0,,
https://pharos.nih.gov/idg/targets/Q99250,Q99250,"HPM Protein","Adult Testis",0.130344,Low,0.0,,
https://pharos.nih.gov/idg/targets/Q99250,Q99250,"HPM Protein","Adult Ovary",0.119272,Low,0.0,,
https://pharos.nih.gov/idg/targets/Q99250,Q99250,"HPM Protein","Adult Retina",0.087141,Low,0.0,,
https://pharos.nih.gov/idg/targets/Q99250,Q99250,"JensenLab Experiment HPM",Brain,0.0,null,0.7,,
https://pharos.nih.gov/idg/targets/Q99250,Q99250,"JensenLab Experiment HPM","Frontal lobe",0.0,null,1.1,,
https://pharos.nih.gov/idg/targets/Q99250,Q99250,"JensenLab Experiment HPM",Heart,0.0,null,0.5,,
https://pharos.nih.gov/idg/targets/Q99250,Q99250,"JensenLab Experiment HPM",Retina,0.0,null,0.5,,
https://pharos.nih.gov/idg/targets/Q99250,Q99250,"HPA RNA","adipose tissue",0.0,Medium,0.0,,
https://pharos.nih.gov/idg/targets/Q99250,Q99250,"HPA RNA","adrenal gland",0.0,High,0.0,,
https://pharos.nih.gov/idg/targets/Q99250,Q99250,"HPA RNA",appendix,0.0,Medium,0.0,,
https://pharos.nih.gov/idg/targets/Q99250,Q99250,"HPA RNA",breast,0.0,High,0.0,,
https://pharos.nih.gov/idg/targets/Q99250,Q99250,"HPA RNA","cerebral cortex",0.0,High,0.0,,
https://pharos.nih.gov/idg/targets/Q99250,Q99250,"HPA RNA","cervix, uterine",0.0,Medium,0.0,,
https://pharos.nih.gov/idg/targets/Q99250,Q99250,"HPA RNA",colon,0.0,Medium,0.0,,
https://pharos.nih.gov/idg/targets/Q99250,Q99250,"HPA RNA",duodenum,0.0,Medium,0.0,,
https://pharos.nih.gov/idg/targets/Q99250,Q99250,"HPA RNA",endometrium,0.0,High,0.0,,
https://pharos.nih.gov/idg/targets/Q99250,Q99250,"HPA RNA",epididymis,0.0,High,0.0,,
https://pharos.nih.gov/idg/targets/Q99250,Q99250,"HPA RNA","fallopian tube",0.0,Medium,0.0,,
https://pharos.nih.gov/idg/targets/Q99250,Q99250,"HPA RNA",gallbladder,0.0,High,0.0,,
https://pharos.nih.gov/idg/targets/Q99250,Q99250,"HPA RNA",kidney,0.0,High,0.0,,
https://pharos.nih.gov/idg/targets/Q99250,Q99250,"HPA RNA",lung,0.0,Medium,0.0,,
https://pharos.nih.gov/idg/targets/Q99250,Q99250,"HPA RNA",ovary,0.0,Medium,0.0,,
https://pharos.nih.gov/idg/targets/Q99250,Q99250,"HPA RNA",placenta,0.0,Medium,0.0,,
https://pharos.nih.gov/idg/targets/Q99250,Q99250,"HPA RNA",prostate,0.0,Medium,0.0,,
https://pharos.nih.gov/idg/targets/Q99250,Q99250,"HPA RNA",rectum,0.0,Medium,0.0,,
https://pharos.nih.gov/idg/targets/Q99250,Q99250,"HPA RNA","salivary gland",0.0,Medium,0.0,,
https://pharos.nih.gov/idg/targets/Q99250,Q99250,"HPA RNA","seminal vesicle",0.0,High,0.0,,
https://pharos.nih.gov/idg/targets/Q99250,Q99250,"HPA RNA","small intestine",0.0,Medium,0.0,,
https://pharos.nih.gov/idg/targets/Q99250,Q99250,"HPA RNA","smooth muscle",0.0,High,0.0,,
https://pharos.nih.gov/idg/targets/Q99250,Q99250,"HPA RNA",spleen,0.0,Medium,0.0,,
https://pharos.nih.gov/idg/targets/Q99250,Q99250,"HPA RNA",stomach,0.0,Medium,0.0,,
https://pharos.nih.gov/idg/targets/Q99250,Q99250,"HPA RNA",testis,0.0,High,0.0,,
https://pharos.nih.gov/idg/targets/Q99250,Q99250,"HPA RNA","urinary bladder",0.0,Medium,0.0,,
https://pharos.nih.gov/idg/targets/Q14524,Q14524,Consensus,"Liver and Pancreas",0.0,Medium,0.0,,
https://pharos.nih.gov/idg/targets/Q14524,Q14524,Consensus,"Digestive Tract",0.0,Medium,0.0,,
https://pharos.nih.gov/idg/targets/Q14524,Q14524,Consensus,"Urinary Tract",0.0,Medium,0.0,,
https://pharos.nih.gov/idg/targets/Q14524,Q14524,Consensus,"Endocrine System",0.0,Medium,0.0,,
https://pharos.nih.gov/idg/targets/Q14524,Q14524,Consensus,"Blood and immune system",0.0,Medium,0.0,,
https://pharos.nih.gov/idg/targets/Q14524,Q14524,Consensus,"Respiratory system",0.0,Medium,0.0,,
https://pharos.nih.gov/idg/targets/Q14524,Q14524,Consensus,"Female tissues",0.0,High,0.0,,
https://pharos.nih.gov/idg/targets/Q14524,Q14524,Consensus,"Male tissues",0.0,High,0.0,,
https://pharos.nih.gov/idg/targets/Q14524,Q14524,Consensus,"Skin and soft tissues",0.0,Medium,0.0,,
https://pharos.nih.gov/idg/targets/Q14524,Q14524,Consensus,"Nervous System",0.0,High,0.0,,
https://pharos.nih.gov/idg/targets/Q14524,Q14524,Consensus,"Cardiovascular System",0.0,High,0.0,,
https://pharos.nih.gov/idg/targets/Q14524,Q14524,GTEx,"Heart - Atrial Appendage",1.521138,High,0.0,,
https://pharos.nih.gov/idg/targets/Q14524,Q14524,GTEx,"Heart - Left Ventricle",1.220892,High,0.0,,
https://pharos.nih.gov/idg/targets/Q14524,Q14524,GTEx,"Nerve - Tibial",0.654994,High,0.0,,
https://pharos.nih.gov/idg/targets/Q14524,Q14524,GTEx,Vagina,0.513617,High,0.0,,
https://pharos.nih.gov/idg/targets/Q14524,Q14524,GTEx,Ovary,0.352761,High,0.0,,
https://pharos.nih.gov/idg/targets/Q14524,Q14524,GTEx,"Artery - Aorta",0.269046,High,0.0,,
https://pharos.nih.gov/idg/targets/Q14524,Q14524,GTEx,"Brain - Hypothalamus",-0.022185,High,0.0,,
https://pharos.nih.gov/idg/targets/Q14524,Q14524,GTEx,"Artery - Tibial",-0.038152,High,0.0,,
https://pharos.nih.gov/idg/targets/Q14524,Q14524,GTEx,Prostate,-0.061205,High,0.0,,
https://pharos.nih.gov/idg/targets/Q14524,Q14524,GTEx,"Colon - Sigmoid",-0.085974,High,0.0,,
https://pharos.nih.gov/idg/targets/Q14524,Q14524,GTEx,Testis,-0.123898,High,0.0,,
https://pharos.nih.gov/idg/targets/Q14524,Q14524,GTEx,"Brain - Cortex",-0.165389,High,0.0,,
https://pharos.nih.gov/idg/targets/Q14524,Q14524,GTEx,Uterus,-0.183229,High,0.0,,
https://pharos.nih.gov/idg/targets/Q14524,Q14524,GTEx,"Brain - Frontal Cortex (BA9)",-0.221921,Medium,0.0,,
https://pharos.nih.gov/idg/targets/Q14524,Q14524,GTEx,Spleen,-0.236273,Medium,0.0,,
https://pharos.nih.gov/idg/targets/Q14524,Q14524,GTEx,"Artery - Coronary",-0.288277,Medium,0.0,,
https://pharos.nih.gov/idg/targets/Q14524,Q14524,GTEx,Thyroid,-0.300249,Medium,0.0,,
https://pharos.nih.gov/idg/targets/Q14524,Q14524,GTEx,"Breast - Mammary Tissue",-0.349984,Medium,0.0,,
https://pharos.nih.gov/idg/targets/Q14524,Q14524,GTEx,Pituitary,-0.359817,Medium,0.0,,
https://pharos.nih.gov/idg/targets/Q14524,Q14524,GTEx,"Brain - Amygdala",-0.411504,Medium,0.0,,
https://pharos.nih.gov/idg/targets/Q14524,Q14524,GTEx,"Esophagus - Muscularis",-0.447819,Medium,0.0,,
https://pharos.nih.gov/idg/targets/Q14524,Q14524,GTEx,"Brain - Nucleus accumbens (basal ganglia)",-0.453519,Medium,0.0,,
https://pharos.nih.gov/idg/targets/Q14524,Q14524,GTEx,"Brain - Anterior cingulate cortex (BA24)",-0.483994,Medium,0.0,,
https://pharos.nih.gov/idg/targets/Q14524,Q14524,GTEx,"Esophagus - Gastroesophageal Junction",-0.505567,Medium,0.0,,
https://pharos.nih.gov/idg/targets/Q14524,Q14524,GTEx,Stomach,-0.508218,Medium,0.0,,
https://pharos.nih.gov/idg/targets/Q14524,Q14524,GTEx,"Skin - Not Sun Exposed (Suprapubic)",-0.553075,Medium,0.0,,
https://pharos.nih.gov/idg/targets/Q14524,Q14524,GTEx,"Adipose - Subcutaneous",-0.570409,Medium,0.0,,
https://pharos.nih.gov/idg/targets/Q14524,Q14524,GTEx,"Muscle - Skeletal",-0.573326,Medium,0.0,,
https://pharos.nih.gov/idg/targets/Q14524,Q14524,GTEx,"Skin - Sun Exposed (Lower leg)",-0.575445,Medium,0.0,,
https://pharos.nih.gov/idg/targets/Q14524,Q14524,GTEx,"Adipose - Visceral (Omentum)",-0.600759,Medium,0.0,,
https://pharos.nih.gov/idg/targets/Q14524,Q14524,GTEx,"Brain - Caudate (basal ganglia)",-0.618704,Medium,0.0,,
https://pharos.nih.gov/idg/targets/Q14524,Q14524,GTEx,"Brain - Putamen (basal ganglia)",-0.710411,Medium,0.0,,
https://pharos.nih.gov/idg/targets/Q14524,Q14524,GTEx,"Small Intestine - Terminal Ileum",-0.727462,Medium,0.0,,
https://pharos.nih.gov/idg/targets/Q14524,Q14524,GTEx,"Brain - Cerebellum",-0.728391,Medium,0.0,,
https://pharos.nih.gov/idg/targets/Q14524,Q14524,GTEx,"Brain - Cerebellar Hemisphere",-0.779108,Medium,0.0,,
https://pharos.nih.gov/idg/targets/Q14524,Q14524,GTEx,"Esophagus - Mucosa",-0.81375,Medium,0.0,,
https://pharos.nih.gov/idg/targets/Q14524,Q14524,GTEx,"Colon - Transverse",-0.819688,Medium,0.0,,
https://pharos.nih.gov/idg/targets/Q14524,Q14524,GTEx,Lung,-0.872247,Low,0.0,,
https://pharos.nih.gov/idg/targets/Q14524,Q14524,GTEx,"Minor Salivary Gland",-0.893129,Low,0.0,,
https://pharos.nih.gov/idg/targets/Q14524,Q14524,GTEx,"Brain - Hippocampus",-0.923724,Low,0.0,,
https://pharos.nih.gov/idg/targets/Q14524,Q14524,GTEx,"Brain - Substantia nigra",-0.953505,Low,0.0,,
https://pharos.nih.gov/idg/targets/Q14524,Q14524,GTEx,"Adrenal Gland",-1.001348,Low,0.0,,
https://pharos.nih.gov/idg/targets/Q14524,Q14524,GTEx,"Cells - Transformed fibroblasts",-1.033295,Low,0.0,,
https://pharos.nih.gov/idg/targets/Q14524,Q14524,GTEx,"Brain - Spinal cord (cervical c-1)",-1.055665,Low,0.0,,
https://pharos.nih.gov/idg/targets/Q14524,Q14524,GTEx,"Whole Blood",-1.245117,Low,0.0,,
https://pharos.nih.gov/idg/targets/Q14524,Q14524,GTEx,Pancreas,-1.347657,Low,0.0,,
https://pharos.nih.gov/idg/targets/Q14524,Q14524,GTEx,"Kidney - Cortex",-1.356547,Low,0.0,,
https://pharos.nih.gov/idg/targets/Q14524,Q14524,GTEx,"Cells - EBV-transformed lymphocytes",-1.462559,Low,0.0,,
https://pharos.nih.gov/idg/targets/Q14524,Q14524,GTEx,Liver,-1.708964,Low,0.0,,
https://pharos.nih.gov/idg/targets/Q14524,Q14524,"HPM Protein","Adult Frontal Cortex",0.986025,High,0.0,,
https://pharos.nih.gov/idg/targets/Q14524,Q14524,"HPM Protein","Adult Adrenal",0.836898,High,0.0,,
https://pharos.nih.gov/idg/targets/Q14524,Q14524,"HPM Protein","Fetal Brain",0.660016,Medium,0.0,,
https://pharos.nih.gov/idg/targets/Q14524,Q14524,"HPM Protein","Adult Heart",0.52117,Medium,0.0,,
https://pharos.nih.gov/idg/targets/Q14524,Q14524,"HPM Protein",Platelets,0.502761,Medium,0.0,,
https://pharos.nih.gov/idg/targets/Q14524,Q14524,"HPM Protein","Fetal Heart",0.151689,Medium,0.0,,
https://pharos.nih.gov/idg/targets/Q14524,Q14524,"HPM Protein","Adult Ovary",0.119272,Medium,0.0,,
https://pharos.nih.gov/idg/targets/Q14524,Q14524,"HPM Protein","Adult Retina",0.087141,Low,0.0,,
https://pharos.nih.gov/idg/targets/Q14524,Q14524,"HPM Protein","Adult Spinal Cord",0.067757,Low,0.0,,
https://pharos.nih.gov/idg/targets/Q14524,Q14524,"JensenLab Experiment HPM","Adrenal gland",0.0,null,0.5,,
https://pharos.nih.gov/idg/targets/Q14524,Q14524,"JensenLab Experiment HPM","Blood platelet",0.0,null,0.5,,
https://pharos.nih.gov/idg/targets/Q14524,Q14524,"JensenLab Experiment HPM",Brain,0.0,null,0.7,,
https://pharos.nih.gov/idg/targets/Q14524,Q14524,"JensenLab Experiment HPM","Frontal lobe",0.0,null,0.8,,
https://pharos.nih.gov/idg/targets/Q14524,Q14524,"JensenLab Experiment HPM",Heart,0.0,null,0.6,,
https://pharos.nih.gov/idg/targets/Q14524,Q14524,"JensenLab Experiment HPM",Ovary,0.0,null,0.5,,
https://pharos.nih.gov/idg/targets/Q14524,Q14524,"JensenLab Experiment HPM",Retina,0.0,null,0.5,,
https://pharos.nih.gov/idg/targets/Q14524,Q14524,"JensenLab Experiment HPM","Spinal cord",0.0,null,0.5,,
https://pharos.nih.gov/idg/targets/Q14524,Q14524,"HPA RNA","adipose tissue",0.0,Medium,0.0,,
https://pharos.nih.gov/idg/targets/Q14524,Q14524,"HPA RNA","adrenal gland",0.0,Medium,0.0,,
https://pharos.nih.gov/idg/targets/Q14524,Q14524,"HPA RNA",appendix,0.0,Medium,0.0,,
https://pharos.nih.gov/idg/targets/Q14524,Q14524,"HPA RNA","bone marrow",0.0,Medium,0.0,,
https://pharos.nih.gov/idg/targets/Q14524,Q14524,"HPA RNA",breast,0.0,Medium,0.0,,
https://pharos.nih.gov/idg/targets/Q14524,Q14524,"HPA RNA","cerebral cortex",0.0,High,0.0,,
https://pharos.nih.gov/idg/targets/Q14524,Q14524,"HPA RNA","cervix, uterine",0.0,High,0.0,,
https://pharos.nih.gov/idg/targets/Q14524,Q14524,"HPA RNA",colon,0.0,Medium,0.0,,
https://pharos.nih.gov/idg/targets/Q14524,Q14524,"HPA RNA",duodenum,0.0,Medium,0.0,,
https://pharos.nih.gov/idg/targets/Q14524,Q14524,"HPA RNA",endometrium,0.0,High,0.0,,
https://pharos.nih.gov/idg/targets/Q14524,Q14524,"HPA RNA",esophagus,0.0,Medium,0.0,,
https://pharos.nih.gov/idg/targets/Q14524,Q14524,"HPA RNA","fallopian tube",0.0,High,0.0,,
https://pharos.nih.gov/idg/targets/Q14524,Q14524,"HPA RNA",gallbladder,0.0,Medium,0.0,,
https://pharos.nih.gov/idg/targets/Q14524,Q14524,"HPA RNA","heart muscle",0.0,High,0.0,,
https://pharos.nih.gov/idg/targets/Q14524,Q14524,"HPA RNA",lung,0.0,Medium,0.0,,
https://pharos.nih.gov/idg/targets/Q14524,Q14524,"HPA RNA",ovary,0.0,High,0.0,,
https://pharos.nih.gov/idg/targets/Q14524,Q14524,"HPA RNA",placenta,0.0,Medium,0.0,,
https://pharos.nih.gov/idg/targets/Q14524,Q14524,"HPA RNA",prostate,0.0,High,0.0,,
https://pharos.nih.gov/idg/targets/Q14524,Q14524,"HPA RNA",rectum,0.0,Medium,0.0,,
https://pharos.nih.gov/idg/targets/Q14524,Q14524,"HPA RNA","seminal vesicle",0.0,High,0.0,,
https://pharos.nih.gov/idg/targets/Q14524,Q14524,"HPA RNA",skin,0.0,Medium,0.0,,
https://pharos.nih.gov/idg/targets/Q14524,Q14524,"HPA RNA","small intestine",0.0,Medium,0.0,,
https://pharos.nih.gov/idg/targets/Q14524,Q14524,"HPA RNA","smooth muscle",0.0,High,0.0,,
https://pharos.nih.gov/idg/targets/Q14524,Q14524,"HPA RNA",spleen,0.0,Medium,0.0,,
https://pharos.nih.gov/idg/targets/Q14524,Q14524,"HPA RNA",stomach,0.0,Medium,0.0,,
https://pharos.nih.gov/idg/targets/Q14524,Q14524,"HPA RNA",testis,0.0,High,0.0,,
https://pharos.nih.gov/idg/targets/Q14524,Q14524,"HPA RNA","thyroid gland",0.0,Medium,0.0,,
https://pharos.nih.gov/idg/targets/Q14524,Q14524,"HPA RNA","urinary bladder",0.0,Medium,0.0,,
https://pharos.nih.gov/idg/targets/Q01118,Q01118,Consensus,"Liver and Pancreas",0.0,Low,0.0,,
https://pharos.nih.gov/idg/targets/Q01118,Q01118,Consensus,"Digestive Tract",0.0,Medium,0.0,,
https://pharos.nih.gov/idg/targets/Q01118,Q01118,Consensus,"Urinary Tract",0.0,Medium,0.0,,
https://pharos.nih.gov/idg/targets/Q01118,Q01118,Consensus,"Endocrine System",0.0,Low,0.0,,
https://pharos.nih.gov/idg/targets/Q01118,Q01118,Consensus,"Blood and immune system",0.0,Low,0.0,,
https://pharos.nih.gov/idg/targets/Q01118,Q01118,Consensus,"Respiratory system",0.0,High,0.0,,
https://pharos.nih.gov/idg/targets/Q01118,Q01118,Consensus,"Female tissues",0.0,Medium,0.0,,
https://pharos.nih.gov/idg/targets/Q01118,Q01118,Consensus,"Male tissues",0.0,High,0.0,,
https://pharos.nih.gov/idg/targets/Q01118,Q01118,Consensus,"Skin and soft tissues",0.0,Medium,0.0,,
https://pharos.nih.gov/idg/targets/Q01118,Q01118,Consensus,"Nervous System",0.0,Low,0.0,,
https://pharos.nih.gov/idg/targets/Q01118,Q01118,Consensus,"Cardiovascular System",0.0,High,0.0,,
https://pharos.nih.gov/idg/targets/Q01118,Q01118,GTEx,"Nerve - Tibial",2.167317,High,0.0,,
https://pharos.nih.gov/idg/targets/Q01118,Q01118,GTEx,"Colon - Sigmoid",1.904607,High,0.0,,
https://pharos.nih.gov/idg/targets/Q01118,Q01118,GTEx,"Esophagus - Gastroesophageal Junction",1.833944,High,0.0,,
https://pharos.nih.gov/idg/targets/Q01118,Q01118,GTEx,Ovary,1.824191,High,0.0,,
https://pharos.nih.gov/idg/targets/Q01118,Q01118,GTEx,"Esophagus - Muscularis",1.819017,High,0.0,,
https://pharos.nih.gov/idg/targets/Q01118,Q01118,GTEx,Lung,1.639686,High,0.0,,
https://pharos.nih.gov/idg/targets/Q01118,Q01118,GTEx,Uterus,1.56354,High,0.0,,
https://pharos.nih.gov/idg/targets/Q01118,Q01118,GTEx,Vagina,1.422426,High,0.0,,
https://pharos.nih.gov/idg/targets/Q01118,Q01118,GTEx,Prostate,1.403206,High,0.0,,
https://pharos.nih.gov/idg/targets/Q01118,Q01118,GTEx,"Heart - Atrial Appendage",1.258996,High,0.0,,
https://pharos.nih.gov/idg/targets/Q01118,Q01118,GTEx,Stomach,1.229938,High,0.0,,
https://pharos.nih.gov/idg/targets/Q01118,Q01118,GTEx,"Artery - Coronary",1.175222,High,0.0,,
https://pharos.nih.gov/idg/targets/Q01118,Q01118,GTEx,"Heart - Left Ventricle",1.171288,High,0.0,,
https://pharos.nih.gov/idg/targets/Q01118,Q01118,GTEx,"Esophagus - Mucosa",0.823311,Medium,0.0,,
https://pharos.nih.gov/idg/targets/Q01118,Q01118,GTEx,"Brain - Hypothalamus",0.718626,Medium,0.0,,
https://pharos.nih.gov/idg/targets/Q01118,Q01118,GTEx,"Adrenal Gland",0.661529,Medium,0.0,,
https://pharos.nih.gov/idg/targets/Q01118,Q01118,GTEx,"Colon - Transverse",0.621695,Medium,0.0,,
https://pharos.nih.gov/idg/targets/Q01118,Q01118,GTEx,Testis,0.574726,Medium,0.0,,
https://pharos.nih.gov/idg/targets/Q01118,Q01118,GTEx,"Minor Salivary Gland",0.569023,Medium,0.0,,
https://pharos.nih.gov/idg/targets/Q01118,Q01118,GTEx,"Breast - Mammary Tissue",0.546296,Medium,0.0,,
https://pharos.nih.gov/idg/targets/Q01118,Q01118,GTEx,Thyroid,0.482659,Medium,0.0,,
https://pharos.nih.gov/idg/targets/Q01118,Q01118,GTEx,"Adipose - Visceral (Omentum)",0.463968,Medium,0.0,,
https://pharos.nih.gov/idg/targets/Q01118,Q01118,GTEx,"Small Intestine - Terminal Ileum",0.382017,Medium,0.0,,
https://pharos.nih.gov/idg/targets/Q01118,Q01118,GTEx,Spleen,0.359456,Medium,0.0,,
https://pharos.nih.gov/idg/targets/Q01118,Q01118,GTEx,"Skin - Not Sun Exposed (Suprapubic)",0.356504,Medium,0.0,,
https://pharos.nih.gov/idg/targets/Q01118,Q01118,GTEx,"Skin - Sun Exposed (Lower leg)",0.345374,Medium,0.0,,
https://pharos.nih.gov/idg/targets/Q01118,Q01118,GTEx,"Muscle - Skeletal",0.29918,Medium,0.0,,
https://pharos.nih.gov/idg/targets/Q01118,Q01118,GTEx,Pituitary,0.282849,Medium,0.0,,
https://pharos.nih.gov/idg/targets/Q01118,Q01118,GTEx,"Artery - Tibial",0.253943,Medium,0.0,,
https://pharos.nih.gov/idg/targets/Q01118,Q01118,GTEx,"Kidney - Cortex",0.173769,Medium,0.0,,
https://pharos.nih.gov/idg/targets/Q01118,Q01118,GTEx,"Adipose - Subcutaneous",0.166726,Medium,0.0,,
https://pharos.nih.gov/idg/targets/Q01118,Q01118,GTEx,"Brain - Substantia nigra",0.164353,Medium,0.0,,
https://pharos.nih.gov/idg/targets/Q01118,Q01118,GTEx,Pancreas,-0.039624,Medium,0.0,,
https://pharos.nih.gov/idg/targets/Q01118,Q01118,GTEx,"Brain - Spinal cord (cervical c-1)",-0.040005,Medium,0.0,,
https://pharos.nih.gov/idg/targets/Q01118,Q01118,GTEx,"Artery - Aorta",-0.069255,Medium,0.0,,
https://pharos.nih.gov/idg/targets/Q01118,Q01118,GTEx,"Brain - Amygdala",-0.086478,Medium,0.0,,
https://pharos.nih.gov/idg/targets/Q01118,Q01118,GTEx,"Brain - Anterior cingulate cortex (BA24)",-0.099633,Medium,0.0,,
https://pharos.nih.gov/idg/targets/Q01118,Q01118,GTEx,"Brain - Frontal Cortex (BA9)",-0.219611,Low,0.0,,
https://pharos.nih.gov/idg/targets/Q01118,Q01118,GTEx,"Brain - Nucleus accumbens (basal ganglia)",-0.228486,Low,0.0,,
https://pharos.nih.gov/idg/targets/Q01118,Q01118,GTEx,"Brain - Caudate (basal ganglia)",-0.274905,Low,0.0,,
https://pharos.nih.gov/idg/targets/Q01118,Q01118,GTEx,"Brain - Hippocampus",-0.342371,Low,0.0,,
https://pharos.nih.gov/idg/targets/Q01118,Q01118,GTEx,Liver,-0.358675,Low,0.0,,
https://pharos.nih.gov/idg/targets/Q01118,Q01118,GTEx,"Brain - Cortex",-0.376647,Low,0.0,,
https://pharos.nih.gov/idg/targets/Q01118,Q01118,GTEx,"Brain - Putamen (basal ganglia)",-0.534617,Low,0.0,,
https://pharos.nih.gov/idg/targets/Q01118,Q01118,GTEx,"Brain - Cerebellar Hemisphere",-0.991826,Low,0.0,,
https://pharos.nih.gov/idg/targets/Q01118,Q01118,GTEx,"Brain - Cerebellum",-0.999132,Low,0.0,,
https://pharos.nih.gov/idg/targets/Q01118,Q01118,GTEx,"Cells - Transformed fibroblasts",-1.287014,Low,0.0,,
https://pharos.nih.gov/idg/targets/Q01118,Q01118,GTEx,"Cells - EBV-transformed lymphocytes",-1.398049,Low,0.0,,
https://pharos.nih.gov/idg/targets/Q01118,Q01118,GTEx,"Whole Blood",-1.542951,Low,0.0,,
https://pharos.nih.gov/idg/targets/Q01118,Q01118,"HPM Protein","Adult Ovary",1.66334,High,0.0,,
https://pharos.nih.gov/idg/targets/Q01118,Q01118,"HPM Protein","Adult Lung",1.278444,High,0.0,,
https://pharos.nih.gov/idg/targets/Q01118,Q01118,"HPM Protein","Adult Prostate",1.013983,High,0.0,,
https://pharos.nih.gov/idg/targets/Q01118,Q01118,"HPM Protein","Adult Pancreas",1.000161,High,0.0,,
https://pharos.nih.gov/idg/targets/Q01118,Q01118,"HPM Protein","Adult Retina",0.973481,High,0.0,,
https://pharos.nih.gov/idg/targets/Q01118,Q01118,"HPM Protein","Adult Testis",0.874772,Medium,0.0,,
https://pharos.nih.gov/idg/targets/Q01118,Q01118,"HPM Protein","Adult Spinal Cord",0.845908,Medium,0.0,,
https://pharos.nih.gov/idg/targets/Q01118,Q01118,"HPM Protein","Adult Adrenal",0.842819,Medium,0.0,,
https://pharos.nih.gov/idg/targets/Q01118,Q01118,"HPM Protein","Adult Rectum",0.813971,Medium,0.0,,
https://pharos.nih.gov/idg/targets/Q01118,Q01118,"HPM Protein","Adult Gallbladder",0.75847,Medium,0.0,,
https://pharos.nih.gov/idg/targets/Q01118,Q01118,"HPM Protein","Fetal Brain",0.660016,Medium,0.0,,
https://pharos.nih.gov/idg/targets/Q01118,Q01118,"HPM Protein","Adult Colon",0.654015,Medium,0.0,,
https://pharos.nih.gov/idg/targets/Q01118,Q01118,"HPM Protein","Fetal Heart",0.548585,Medium,0.0,,
https://pharos.nih.gov/idg/targets/Q01118,Q01118,"HPM Protein","Adult Esophagus",0.438708,Low,0.0,,
https://pharos.nih.gov/idg/targets/Q01118,Q01118,"HPM Protein","Adult Frontal Cortex",0.423435,Low,0.0,,
https://pharos.nih.gov/idg/targets/Q01118,Q01118,"HPM Protein","Adult Heart",0.268675,Low,0.0,,
https://pharos.nih.gov/idg/targets/Q01118,Q01118,"HPM Protein","Adult Urinary Bladder",0.094078,Low,0.0,,
https://pharos.nih.gov/idg/targets/Q01118,Q01118,"HPM Protein","Fetal Gut",0.033892,Low,0.0,,
https://pharos.nih.gov/idg/targets/Q01118,Q01118,"JensenLab Experiment HPM","Adrenal gland",0.0,null,0.6,,
https://pharos.nih.gov/idg/targets/Q01118,Q01118,"JensenLab Experiment HPM",Colon,0.0,null,0.7,,
https://pharos.nih.gov/idg/targets/Q01118,Q01118,"JensenLab Experiment HPM","Gall bladder",0.0,null,0.6,,
https://pharos.nih.gov/idg/targets/Q01118,Q01118,"JensenLab Experiment HPM",Gut,0.0,null,0.5,,
https://pharos.nih.gov/idg/targets/Q01118,Q01118,"JensenLab Experiment HPM",Heart,0.0,null,0.7,,
https://pharos.nih.gov/idg/targets/Q01118,Q01118,"JensenLab Experiment HPM",Lung,0.0,null,0.8,,
https://pharos.nih.gov/idg/targets/Q01118,Q01118,"JensenLab Experiment HPM",Esophagus,0.0,null,0.5,,
https://pharos.nih.gov/idg/targets/Q01118,Q01118,"JensenLab Experiment HPM",Ovary,0.0,null,1.4,,
https://pharos.nih.gov/idg/targets/Q01118,Q01118,"JensenLab Experiment HPM",Pancreas,0.0,null,0.7,,
https://pharos.nih.gov/idg/targets/Q01118,Q01118,"JensenLab Experiment HPM","Prostate gland",0.0,null,0.8,,
https://pharos.nih.gov/idg/targets/Q01118,Q01118,"JensenLab Experiment HPM",Rectum,0.0,null,0.6,,
https://pharos.nih.gov/idg/targets/Q01118,Q01118,"JensenLab Experiment HPM",Retina,0.0,null,0.9,,
https://pharos.nih.gov/idg/targets/Q01118,Q01118,"JensenLab Experiment HPM","Spinal cord",0.0,null,0.7,,
https://pharos.nih.gov/idg/targets/Q01118,Q01118,"JensenLab Experiment HPM",Testis,0.0,null,0.7,,
https://pharos.nih.gov/idg/targets/Q01118,Q01118,"JensenLab Experiment HPM","Urinary bladder",0.0,null,0.5,,
https://pharos.nih.gov/idg/targets/Q01118,Q01118,"HPA RNA","adipose tissue",0.0,Medium,0.0,,
https://pharos.nih.gov/idg/targets/Q01118,Q01118,"HPA RNA","adrenal gland",0.0,High,0.0,,
https://pharos.nih.gov/idg/targets/Q01118,Q01118,"HPA RNA",appendix,0.0,Medium,0.0,,
https://pharos.nih.gov/idg/targets/Q01118,Q01118,"HPA RNA",breast,0.0,Medium,0.0,,
https://pharos.nih.gov/idg/targets/Q01118,Q01118,"HPA RNA","cerebral cortex",0.0,Low,0.0,,
https://pharos.nih.gov/idg/targets/Q01118,Q01118,"HPA RNA","cervix, uterine",0.0,Medium,0.0,,
https://pharos.nih.gov/idg/targets/Q01118,Q01118,"HPA RNA",colon,0.0,Medium,0.0,,
https://pharos.nih.gov/idg/targets/Q01118,Q01118,"HPA RNA",duodenum,0.0,Medium,0.0,,
https://pharos.nih.gov/idg/targets/Q01118,Q01118,"HPA RNA",endometrium,0.0,High,0.0,,
https://pharos.nih.gov/idg/targets/Q01118,Q01118,"HPA RNA",epididymis,0.0,Medium,0.0,,
https://pharos.nih.gov/idg/targets/Q01118,Q01118,"HPA RNA",esophagus,0.0,High,0.0,,
https://pharos.nih.gov/idg/targets/Q01118,Q01118,"HPA RNA","fallopian tube",0.0,Medium,0.0,,
https://pharos.nih.gov/idg/targets/Q01118,Q01118,"HPA RNA",gallbladder,0.0,Medium,0.0,,
https://pharos.nih.gov/idg/targets/Q01118,Q01118,"HPA RNA","heart muscle",0.0,High,0.0,,
https://pharos.nih.gov/idg/targets/Q01118,Q01118,"HPA RNA",kidney,0.0,Medium,0.0,,
https://pharos.nih.gov/idg/targets/Q01118,Q01118,"HPA RNA",liver,0.0,Low,0.0,,
https://pharos.nih.gov/idg/targets/Q01118,Q01118,"HPA RNA",lung,0.0,High,0.0,,
https://pharos.nih.gov/idg/targets/Q01118,Q01118,"HPA RNA",ovary,0.0,High,0.0,,
https://pharos.nih.gov/idg/targets/Q01118,Q01118,"HPA RNA",pancreas,0.0,Low,0.0,,
https://pharos.nih.gov/idg/targets/Q01118,Q01118,"HPA RNA","parathyroid gland",0.0,Low,0.0,,
https://pharos.nih.gov/idg/targets/Q01118,Q01118,"HPA RNA",placenta,0.0,High,0.0,,
https://pharos.nih.gov/idg/targets/Q01118,Q01118,"HPA RNA",prostate,0.0,High,0.0,,
https://pharos.nih.gov/idg/targets/Q01118,Q01118,"HPA RNA",rectum,0.0,Medium,0.0,,
https://pharos.nih.gov/idg/targets/Q01118,Q01118,"HPA RNA","salivary gland",0.0,Medium,0.0,,
https://pharos.nih.gov/idg/targets/Q01118,Q01118,"HPA RNA","seminal vesicle",0.0,High,0.0,,
https://pharos.nih.gov/idg/targets/Q01118,Q01118,"HPA RNA","skeletal muscle",0.0,Medium,0.0,,
https://pharos.nih.gov/idg/targets/Q01118,Q01118,"HPA RNA",skin,0.0,Low,0.0,,
https://pharos.nih.gov/idg/targets/Q01118,Q01118,"HPA RNA","small intestine",0.0,Medium,0.0,,
https://pharos.nih.gov/idg/targets/Q01118,Q01118,"HPA RNA","smooth muscle",0.0,High,0.0,,
https://pharos.nih.gov/idg/targets/Q01118,Q01118,"HPA RNA",spleen,0.0,Medium,0.0,,
https://pharos.nih.gov/idg/targets/Q01118,Q01118,"HPA RNA",stomach,0.0,Medium,0.0,,
https://pharos.nih.gov/idg/targets/Q01118,Q01118,"HPA RNA",testis,0.0,Medium,0.0,,
https://pharos.nih.gov/idg/targets/Q01118,Q01118,"HPA RNA","thyroid gland",0.0,Low,0.0,,
https://pharos.nih.gov/idg/targets/Q01118,Q01118,"HPA RNA",tonsil,0.0,Low,0.0,,
https://pharos.nih.gov/idg/targets/Q01118,Q01118,"HPA RNA","urinary bladder",0.0,Medium,0.0,,
