"URL","Uniprot ID","Keyword","Link"
https://pharos.nih.gov/idg/targets/Q9Y5Y9,Q9Y5Y9,"Complete proteome",http://www.uniprot.org/keywords/KW-0181
https://pharos.nih.gov/idg/targets/Q9Y5Y9,Q9Y5Y9,Polymorphism,http://www.uniprot.org/keywords/KW-0621
https://pharos.nih.gov/idg/targets/Q9Y5Y9,Q9Y5Y9,"Reference proteome",http://www.uniprot.org/keywords/KW-1185
https://pharos.nih.gov/idg/targets/Q9Y5Y9,Q9Y5Y9,Repeat,http://www.uniprot.org/keywords/KW-0677
https://pharos.nih.gov/idg/targets/Q9Y5Y9,Q9Y5Y9,"Disease mutation",http://www.uniprot.org/keywords/KW-0225
https://pharos.nih.gov/idg/targets/Q9Y5Y9,Q9Y5Y9,Phosphoprotein,http://www.uniprot.org/keywords/KW-0597
https://pharos.nih.gov/idg/targets/Q9Y5Y9,Q9Y5Y9,"Ubl conjugation",http://www.uniprot.org/keywords/KW-0832
https://pharos.nih.gov/idg/targets/Q9Y5Y9,Q9Y5Y9,"Cell membrane",http://www.uniprot.org/keywords/KW-1003
https://pharos.nih.gov/idg/targets/Q9Y5Y9,Q9Y5Y9,"Disulfide bond",http://www.uniprot.org/keywords/KW-1015
https://pharos.nih.gov/idg/targets/Q9Y5Y9,Q9Y5Y9,Glycoprotein,http://www.uniprot.org/keywords/KW-0325
https://pharos.nih.gov/idg/targets/Q9Y5Y9,Q9Y5Y9,Membrane,http://www.uniprot.org/keywords/KW-0472
https://pharos.nih.gov/idg/targets/Q9Y5Y9,Q9Y5Y9,Transmembrane,http://www.uniprot.org/keywords/KW-0812
https://pharos.nih.gov/idg/targets/Q9Y5Y9,Q9Y5Y9,"Transmembrane helix",http://www.uniprot.org/keywords/KW-1133
https://pharos.nih.gov/idg/targets/Q9Y5Y9,Q9Y5Y9,Transport,http://www.uniprot.org/keywords/KW-0813
https://pharos.nih.gov/idg/targets/Q9Y5Y9,Q9Y5Y9,"Ion channel",http://www.uniprot.org/keywords/KW-0407
https://pharos.nih.gov/idg/targets/Q9Y5Y9,Q9Y5Y9,"Ion transport",http://www.uniprot.org/keywords/KW-0406
https://pharos.nih.gov/idg/targets/Q9Y5Y9,Q9Y5Y9,Sodium,http://www.uniprot.org/keywords/KW-0915
https://pharos.nih.gov/idg/targets/Q9Y5Y9,Q9Y5Y9,"Sodium channel",http://www.uniprot.org/keywords/KW-0894
https://pharos.nih.gov/idg/targets/Q9Y5Y9,Q9Y5Y9,"Sodium transport",http://www.uniprot.org/keywords/KW-0739
https://pharos.nih.gov/idg/targets/Q9Y5Y9,Q9Y5Y9,"Voltage-gated channel",http://www.uniprot.org/keywords/KW-0851
https://pharos.nih.gov/idg/targets/Q9NY46,Q9NY46,"Complete proteome",http://www.uniprot.org/keywords/KW-0181
https://pharos.nih.gov/idg/targets/Q9NY46,Q9NY46,Polymorphism,http://www.uniprot.org/keywords/KW-0621
https://pharos.nih.gov/idg/targets/Q9NY46,Q9NY46,"Reference proteome",http://www.uniprot.org/keywords/KW-1185
https://pharos.nih.gov/idg/targets/Q9NY46,Q9NY46,Repeat,http://www.uniprot.org/keywords/KW-0677
https://pharos.nih.gov/idg/targets/Q9NY46,Q9NY46,"Alternative splicing",http://www.uniprot.org/keywords/KW-0025
https://pharos.nih.gov/idg/targets/Q9NY46,Q9NY46,Phosphoprotein,http://www.uniprot.org/keywords/KW-0597
https://pharos.nih.gov/idg/targets/Q9NY46,Q9NY46,"Ubl conjugation",http://www.uniprot.org/keywords/KW-0832
https://pharos.nih.gov/idg/targets/Q9NY46,Q9NY46,"Cell membrane",http://www.uniprot.org/keywords/KW-1003
https://pharos.nih.gov/idg/targets/Q9NY46,Q9NY46,"Disulfide bond",http://www.uniprot.org/keywords/KW-1015
https://pharos.nih.gov/idg/targets/Q9NY46,Q9NY46,Glycoprotein,http://www.uniprot.org/keywords/KW-0325
https://pharos.nih.gov/idg/targets/Q9NY46,Q9NY46,Membrane,http://www.uniprot.org/keywords/KW-0472
https://pharos.nih.gov/idg/targets/Q9NY46,Q9NY46,Transmembrane,http://www.uniprot.org/keywords/KW-0812
https://pharos.nih.gov/idg/targets/Q9NY46,Q9NY46,"Transmembrane helix",http://www.uniprot.org/keywords/KW-1133
https://pharos.nih.gov/idg/targets/Q9NY46,Q9NY46,Transport,http://www.uniprot.org/keywords/KW-0813
https://pharos.nih.gov/idg/targets/Q9NY46,Q9NY46,"Ion channel",http://www.uniprot.org/keywords/KW-0407
https://pharos.nih.gov/idg/targets/Q9NY46,Q9NY46,"Ion transport",http://www.uniprot.org/keywords/KW-0406
https://pharos.nih.gov/idg/targets/Q9NY46,Q9NY46,Sodium,http://www.uniprot.org/keywords/KW-0915
https://pharos.nih.gov/idg/targets/Q9NY46,Q9NY46,"Sodium channel",http://www.uniprot.org/keywords/KW-0894
https://pharos.nih.gov/idg/targets/Q9NY46,Q9NY46,"Sodium transport",http://www.uniprot.org/keywords/KW-0739
https://pharos.nih.gov/idg/targets/Q9NY46,Q9NY46,"Voltage-gated channel",http://www.uniprot.org/keywords/KW-0851
https://pharos.nih.gov/idg/targets/Q9UI33,Q9UI33,"Complete proteome",http://www.uniprot.org/keywords/KW-0181
https://pharos.nih.gov/idg/targets/Q9UI33,Q9UI33,Polymorphism,http://www.uniprot.org/keywords/KW-0621
https://pharos.nih.gov/idg/targets/Q9UI33,Q9UI33,"Reference proteome",http://www.uniprot.org/keywords/KW-1185
https://pharos.nih.gov/idg/targets/Q9UI33,Q9UI33,Repeat,http://www.uniprot.org/keywords/KW-0677
https://pharos.nih.gov/idg/targets/Q9UI33,Q9UI33,"Alternative splicing",http://www.uniprot.org/keywords/KW-0025
https://pharos.nih.gov/idg/targets/Q9UI33,Q9UI33,"Disease mutation",http://www.uniprot.org/keywords/KW-0225
https://pharos.nih.gov/idg/targets/Q9UI33,Q9UI33,Phosphoprotein,http://www.uniprot.org/keywords/KW-0597
https://pharos.nih.gov/idg/targets/Q9UI33,Q9UI33,"Cell membrane",http://www.uniprot.org/keywords/KW-1003
https://pharos.nih.gov/idg/targets/Q9UI33,Q9UI33,"Disulfide bond",http://www.uniprot.org/keywords/KW-1015
https://pharos.nih.gov/idg/targets/Q9UI33,Q9UI33,Glycoprotein,http://www.uniprot.org/keywords/KW-0325
https://pharos.nih.gov/idg/targets/Q9UI33,Q9UI33,Membrane,http://www.uniprot.org/keywords/KW-0472
https://pharos.nih.gov/idg/targets/Q9UI33,Q9UI33,Transmembrane,http://www.uniprot.org/keywords/KW-0812
https://pharos.nih.gov/idg/targets/Q9UI33,Q9UI33,"Transmembrane helix",http://www.uniprot.org/keywords/KW-1133
https://pharos.nih.gov/idg/targets/Q9UI33,Q9UI33,Transport,http://www.uniprot.org/keywords/KW-0813
https://pharos.nih.gov/idg/targets/Q9UI33,Q9UI33,"Ion channel",http://www.uniprot.org/keywords/KW-0407
https://pharos.nih.gov/idg/targets/Q9UI33,Q9UI33,"Ion transport",http://www.uniprot.org/keywords/KW-0406
https://pharos.nih.gov/idg/targets/Q9UI33,Q9UI33,Neurodegeneration,http://www.uniprot.org/keywords/KW-0523
https://pharos.nih.gov/idg/targets/Q9UI33,Q9UI33,Neuropathy,http://www.uniprot.org/keywords/KW-0622
https://pharos.nih.gov/idg/targets/Q9UI33,Q9UI33,Sodium,http://www.uniprot.org/keywords/KW-0915
https://pharos.nih.gov/idg/targets/Q9UI33,Q9UI33,"Sodium channel",http://www.uniprot.org/keywords/KW-0894
https://pharos.nih.gov/idg/targets/Q9UI33,Q9UI33,"Sodium transport",http://www.uniprot.org/keywords/KW-0739
https://pharos.nih.gov/idg/targets/Q9UI33,Q9UI33,"Voltage-gated channel",http://www.uniprot.org/keywords/KW-0851
https://pharos.nih.gov/idg/targets/Q9UQD0,Q9UQD0,"Complete proteome",http://www.uniprot.org/keywords/KW-0181
https://pharos.nih.gov/idg/targets/Q9UQD0,Q9UQD0,"Reference proteome",http://www.uniprot.org/keywords/KW-1185
https://pharos.nih.gov/idg/targets/Q9UQD0,Q9UQD0,Repeat,http://www.uniprot.org/keywords/KW-0677
https://pharos.nih.gov/idg/targets/Q9UQD0,Q9UQD0,"Alternative splicing",http://www.uniprot.org/keywords/KW-0025
https://pharos.nih.gov/idg/targets/Q9UQD0,Q9UQD0,"Disease mutation",http://www.uniprot.org/keywords/KW-0225
https://pharos.nih.gov/idg/targets/Q9UQD0,Q9UQD0,"Mental retardation",http://www.uniprot.org/keywords/KW-0991
https://pharos.nih.gov/idg/targets/Q9UQD0,Q9UQD0,Phosphoprotein,http://www.uniprot.org/keywords/KW-0597
https://pharos.nih.gov/idg/targets/Q9UQD0,Q9UQD0,"Ubl conjugation",http://www.uniprot.org/keywords/KW-0832
https://pharos.nih.gov/idg/targets/Q9UQD0,Q9UQD0,"Cell membrane",http://www.uniprot.org/keywords/KW-1003
https://pharos.nih.gov/idg/targets/Q9UQD0,Q9UQD0,"Disulfide bond",http://www.uniprot.org/keywords/KW-1015
https://pharos.nih.gov/idg/targets/Q9UQD0,Q9UQD0,Glycoprotein,http://www.uniprot.org/keywords/KW-0325
https://pharos.nih.gov/idg/targets/Q9UQD0,Q9UQD0,Membrane,http://www.uniprot.org/keywords/KW-0472
https://pharos.nih.gov/idg/targets/Q9UQD0,Q9UQD0,Transmembrane,http://www.uniprot.org/keywords/KW-0812
https://pharos.nih.gov/idg/targets/Q9UQD0,Q9UQD0,"Transmembrane helix",http://www.uniprot.org/keywords/KW-1133
https://pharos.nih.gov/idg/targets/Q9UQD0,Q9UQD0,ATP-binding,http://www.uniprot.org/keywords/KW-0067
https://pharos.nih.gov/idg/targets/Q9UQD0,Q9UQD0,Nucleotide-binding,http://www.uniprot.org/keywords/KW-0547
https://pharos.nih.gov/idg/targets/Q9UQD0,Q9UQD0,Transport,http://www.uniprot.org/keywords/KW-0813
https://pharos.nih.gov/idg/targets/Q9UQD0,Q9UQD0,"Ion channel",http://www.uniprot.org/keywords/KW-0407
https://pharos.nih.gov/idg/targets/Q9UQD0,Q9UQD0,"Ion transport",http://www.uniprot.org/keywords/KW-0406
https://pharos.nih.gov/idg/targets/Q9UQD0,Q9UQD0,"Cytoplasmic vesicle",http://www.uniprot.org/keywords/KW-0968
https://pharos.nih.gov/idg/targets/Q9UQD0,Q9UQD0,Sodium,http://www.uniprot.org/keywords/KW-0915
https://pharos.nih.gov/idg/targets/Q9UQD0,Q9UQD0,"Sodium channel",http://www.uniprot.org/keywords/KW-0894
https://pharos.nih.gov/idg/targets/Q9UQD0,Q9UQD0,"Sodium transport",http://www.uniprot.org/keywords/KW-0739
https://pharos.nih.gov/idg/targets/Q9UQD0,Q9UQD0,"Voltage-gated channel",http://www.uniprot.org/keywords/KW-0851
https://pharos.nih.gov/idg/targets/Q9UQD0,Q9UQD0,Epilepsy,http://www.uniprot.org/keywords/KW-0887
https://pharos.nih.gov/idg/targets/P35499,P35499,"Complete proteome",http://www.uniprot.org/keywords/KW-0181
https://pharos.nih.gov/idg/targets/P35499,P35499,Polymorphism,http://www.uniprot.org/keywords/KW-0621
https://pharos.nih.gov/idg/targets/P35499,P35499,"Reference proteome",http://www.uniprot.org/keywords/KW-1185
https://pharos.nih.gov/idg/targets/P35499,P35499,Repeat,http://www.uniprot.org/keywords/KW-0677
https://pharos.nih.gov/idg/targets/P35499,P35499,"Disease mutation",http://www.uniprot.org/keywords/KW-0225
https://pharos.nih.gov/idg/targets/P35499,P35499,Phosphoprotein,http://www.uniprot.org/keywords/KW-0597
https://pharos.nih.gov/idg/targets/P35499,P35499,"Cell membrane",http://www.uniprot.org/keywords/KW-1003
https://pharos.nih.gov/idg/targets/P35499,P35499,"Disulfide bond",http://www.uniprot.org/keywords/KW-1015
https://pharos.nih.gov/idg/targets/P35499,P35499,Glycoprotein,http://www.uniprot.org/keywords/KW-0325
https://pharos.nih.gov/idg/targets/P35499,P35499,Membrane,http://www.uniprot.org/keywords/KW-0472
https://pharos.nih.gov/idg/targets/P35499,P35499,Transmembrane,http://www.uniprot.org/keywords/KW-0812
https://pharos.nih.gov/idg/targets/P35499,P35499,"Transmembrane helix",http://www.uniprot.org/keywords/KW-1133
https://pharos.nih.gov/idg/targets/P35499,P35499,Transport,http://www.uniprot.org/keywords/KW-0813
https://pharos.nih.gov/idg/targets/P35499,P35499,"Ion channel",http://www.uniprot.org/keywords/KW-0407
https://pharos.nih.gov/idg/targets/P35499,P35499,"Ion transport",http://www.uniprot.org/keywords/KW-0406
https://pharos.nih.gov/idg/targets/P35499,P35499,"Congenital myasthenic syndrome",http://www.uniprot.org/keywords/KW-1004
https://pharos.nih.gov/idg/targets/P35499,P35499,Sodium,http://www.uniprot.org/keywords/KW-0915
https://pharos.nih.gov/idg/targets/P35499,P35499,"Sodium channel",http://www.uniprot.org/keywords/KW-0894
https://pharos.nih.gov/idg/targets/P35499,P35499,"Sodium transport",http://www.uniprot.org/keywords/KW-0739
https://pharos.nih.gov/idg/targets/P35499,P35499,"Voltage-gated channel",http://www.uniprot.org/keywords/KW-0851
https://pharos.nih.gov/idg/targets/P35498,P35498,"Complete proteome",http://www.uniprot.org/keywords/KW-0181
https://pharos.nih.gov/idg/targets/P35498,P35498,Polymorphism,http://www.uniprot.org/keywords/KW-0621
https://pharos.nih.gov/idg/targets/P35498,P35498,"Reference proteome",http://www.uniprot.org/keywords/KW-1185
https://pharos.nih.gov/idg/targets/P35498,P35498,Repeat,http://www.uniprot.org/keywords/KW-0677
https://pharos.nih.gov/idg/targets/P35498,P35498,"Alternative splicing",http://www.uniprot.org/keywords/KW-0025
https://pharos.nih.gov/idg/targets/P35498,P35498,"Disease mutation",http://www.uniprot.org/keywords/KW-0225
https://pharos.nih.gov/idg/targets/P35498,P35498,Phosphoprotein,http://www.uniprot.org/keywords/KW-0597
https://pharos.nih.gov/idg/targets/P35498,P35498,"Cell membrane",http://www.uniprot.org/keywords/KW-1003
https://pharos.nih.gov/idg/targets/P35498,P35498,"Disulfide bond",http://www.uniprot.org/keywords/KW-1015
https://pharos.nih.gov/idg/targets/P35498,P35498,Glycoprotein,http://www.uniprot.org/keywords/KW-0325
https://pharos.nih.gov/idg/targets/P35498,P35498,Membrane,http://www.uniprot.org/keywords/KW-0472
https://pharos.nih.gov/idg/targets/P35498,P35498,Transmembrane,http://www.uniprot.org/keywords/KW-0812
https://pharos.nih.gov/idg/targets/P35498,P35498,"Transmembrane helix",http://www.uniprot.org/keywords/KW-1133
https://pharos.nih.gov/idg/targets/P35498,P35498,Transport,http://www.uniprot.org/keywords/KW-0813
https://pharos.nih.gov/idg/targets/P35498,P35498,"Ion channel",http://www.uniprot.org/keywords/KW-0407
https://pharos.nih.gov/idg/targets/P35498,P35498,"Ion transport",http://www.uniprot.org/keywords/KW-0406
https://pharos.nih.gov/idg/targets/P35498,P35498,"Autism spectrum disorder",http://www.uniprot.org/keywords/KW-1268
https://pharos.nih.gov/idg/targets/P35498,P35498,Sodium,http://www.uniprot.org/keywords/KW-0915
https://pharos.nih.gov/idg/targets/P35498,P35498,"Sodium channel",http://www.uniprot.org/keywords/KW-0894
https://pharos.nih.gov/idg/targets/P35498,P35498,"Sodium transport",http://www.uniprot.org/keywords/KW-0739
https://pharos.nih.gov/idg/targets/P35498,P35498,"Voltage-gated channel",http://www.uniprot.org/keywords/KW-0851
https://pharos.nih.gov/idg/targets/P35498,P35498,Epilepsy,http://www.uniprot.org/keywords/KW-0887
https://pharos.nih.gov/idg/targets/P35498,P35498,Autism,http://www.uniprot.org/keywords/KW-1269
https://pharos.nih.gov/idg/targets/Q15858,Q15858,"Complete proteome",http://www.uniprot.org/keywords/KW-0181
https://pharos.nih.gov/idg/targets/Q15858,Q15858,Polymorphism,http://www.uniprot.org/keywords/KW-0621
https://pharos.nih.gov/idg/targets/Q15858,Q15858,"Reference proteome",http://www.uniprot.org/keywords/KW-1185
https://pharos.nih.gov/idg/targets/Q15858,Q15858,Repeat,http://www.uniprot.org/keywords/KW-0677
https://pharos.nih.gov/idg/targets/Q15858,Q15858,"Alternative splicing",http://www.uniprot.org/keywords/KW-0025
https://pharos.nih.gov/idg/targets/Q15858,Q15858,"Cell projection",http://www.uniprot.org/keywords/KW-0966
https://pharos.nih.gov/idg/targets/Q15858,Q15858,"Disease mutation",http://www.uniprot.org/keywords/KW-0225
https://pharos.nih.gov/idg/targets/Q15858,Q15858,Phosphoprotein,http://www.uniprot.org/keywords/KW-0597
https://pharos.nih.gov/idg/targets/Q15858,Q15858,"Ubl conjugation",http://www.uniprot.org/keywords/KW-0832
https://pharos.nih.gov/idg/targets/Q15858,Q15858,"Cell membrane",http://www.uniprot.org/keywords/KW-1003
https://pharos.nih.gov/idg/targets/Q15858,Q15858,"Disulfide bond",http://www.uniprot.org/keywords/KW-1015
https://pharos.nih.gov/idg/targets/Q15858,Q15858,Glycoprotein,http://www.uniprot.org/keywords/KW-0325
https://pharos.nih.gov/idg/targets/Q15858,Q15858,Membrane,http://www.uniprot.org/keywords/KW-0472
https://pharos.nih.gov/idg/targets/Q15858,Q15858,Transmembrane,http://www.uniprot.org/keywords/KW-0812
https://pharos.nih.gov/idg/targets/Q15858,Q15858,"Transmembrane helix",http://www.uniprot.org/keywords/KW-1133
https://pharos.nih.gov/idg/targets/Q15858,Q15858,3D-structure,http://www.uniprot.org/keywords/KW-0002
https://pharos.nih.gov/idg/targets/Q15858,Q15858,Transport,http://www.uniprot.org/keywords/KW-0813
https://pharos.nih.gov/idg/targets/Q15858,Q15858,"Ion channel",http://www.uniprot.org/keywords/KW-0407
https://pharos.nih.gov/idg/targets/Q15858,Q15858,"Ion transport",http://www.uniprot.org/keywords/KW-0406
https://pharos.nih.gov/idg/targets/Q15858,Q15858,Sodium,http://www.uniprot.org/keywords/KW-0915
https://pharos.nih.gov/idg/targets/Q15858,Q15858,"Sodium channel",http://www.uniprot.org/keywords/KW-0894
https://pharos.nih.gov/idg/targets/Q15858,Q15858,"Sodium transport",http://www.uniprot.org/keywords/KW-0739
https://pharos.nih.gov/idg/targets/Q15858,Q15858,"Voltage-gated channel",http://www.uniprot.org/keywords/KW-0851
https://pharos.nih.gov/idg/targets/Q15858,Q15858,Epilepsy,http://www.uniprot.org/keywords/KW-0887
https://pharos.nih.gov/idg/targets/Q99250,Q99250,"Complete proteome",http://www.uniprot.org/keywords/KW-0181
https://pharos.nih.gov/idg/targets/Q99250,Q99250,Polymorphism,http://www.uniprot.org/keywords/KW-0621
https://pharos.nih.gov/idg/targets/Q99250,Q99250,"Reference proteome",http://www.uniprot.org/keywords/KW-1185
https://pharos.nih.gov/idg/targets/Q99250,Q99250,Repeat,http://www.uniprot.org/keywords/KW-0677
https://pharos.nih.gov/idg/targets/Q99250,Q99250,"Alternative splicing",http://www.uniprot.org/keywords/KW-0025
https://pharos.nih.gov/idg/targets/Q99250,Q99250,"Disease mutation",http://www.uniprot.org/keywords/KW-0225
https://pharos.nih.gov/idg/targets/Q99250,Q99250,Phosphoprotein,http://www.uniprot.org/keywords/KW-0597
https://pharos.nih.gov/idg/targets/Q99250,Q99250,"Ubl conjugation",http://www.uniprot.org/keywords/KW-0832
https://pharos.nih.gov/idg/targets/Q99250,Q99250,"Cell membrane",http://www.uniprot.org/keywords/KW-1003
https://pharos.nih.gov/idg/targets/Q99250,Q99250,"Disulfide bond",http://www.uniprot.org/keywords/KW-1015
https://pharos.nih.gov/idg/targets/Q99250,Q99250,Glycoprotein,http://www.uniprot.org/keywords/KW-0325
https://pharos.nih.gov/idg/targets/Q99250,Q99250,Membrane,http://www.uniprot.org/keywords/KW-0472
https://pharos.nih.gov/idg/targets/Q99250,Q99250,Transmembrane,http://www.uniprot.org/keywords/KW-0812
https://pharos.nih.gov/idg/targets/Q99250,Q99250,"Transmembrane helix",http://www.uniprot.org/keywords/KW-1133
https://pharos.nih.gov/idg/targets/Q99250,Q99250,3D-structure,http://www.uniprot.org/keywords/KW-0002
https://pharos.nih.gov/idg/targets/Q99250,Q99250,Transport,http://www.uniprot.org/keywords/KW-0813
https://pharos.nih.gov/idg/targets/Q99250,Q99250,"Ion channel",http://www.uniprot.org/keywords/KW-0407
https://pharos.nih.gov/idg/targets/Q99250,Q99250,"Ion transport",http://www.uniprot.org/keywords/KW-0406
https://pharos.nih.gov/idg/targets/Q99250,Q99250,Sodium,http://www.uniprot.org/keywords/KW-0915
https://pharos.nih.gov/idg/targets/Q99250,Q99250,"Sodium channel",http://www.uniprot.org/keywords/KW-0894
https://pharos.nih.gov/idg/targets/Q99250,Q99250,"Sodium transport",http://www.uniprot.org/keywords/KW-0739
https://pharos.nih.gov/idg/targets/Q99250,Q99250,"Voltage-gated channel",http://www.uniprot.org/keywords/KW-0851
https://pharos.nih.gov/idg/targets/Q99250,Q99250,Epilepsy,http://www.uniprot.org/keywords/KW-0887
https://pharos.nih.gov/idg/targets/Q14524,Q14524,"Complete proteome",http://www.uniprot.org/keywords/KW-0181
https://pharos.nih.gov/idg/targets/Q14524,Q14524,Polymorphism,http://www.uniprot.org/keywords/KW-0621
https://pharos.nih.gov/idg/targets/Q14524,Q14524,"Reference proteome",http://www.uniprot.org/keywords/KW-1185
https://pharos.nih.gov/idg/targets/Q14524,Q14524,Repeat,http://www.uniprot.org/keywords/KW-0677
https://pharos.nih.gov/idg/targets/Q14524,Q14524,"Alternative splicing",http://www.uniprot.org/keywords/KW-0025
https://pharos.nih.gov/idg/targets/Q14524,Q14524,"Disease mutation",http://www.uniprot.org/keywords/KW-0225
https://pharos.nih.gov/idg/targets/Q14524,Q14524,Phosphoprotein,http://www.uniprot.org/keywords/KW-0597
https://pharos.nih.gov/idg/targets/Q14524,Q14524,"Ubl conjugation",http://www.uniprot.org/keywords/KW-0832
https://pharos.nih.gov/idg/targets/Q14524,Q14524,"Cell membrane",http://www.uniprot.org/keywords/KW-1003
https://pharos.nih.gov/idg/targets/Q14524,Q14524,"Disulfide bond",http://www.uniprot.org/keywords/KW-1015
https://pharos.nih.gov/idg/targets/Q14524,Q14524,Glycoprotein,http://www.uniprot.org/keywords/KW-0325
https://pharos.nih.gov/idg/targets/Q14524,Q14524,Membrane,http://www.uniprot.org/keywords/KW-0472
https://pharos.nih.gov/idg/targets/Q14524,Q14524,Transmembrane,http://www.uniprot.org/keywords/KW-0812
https://pharos.nih.gov/idg/targets/Q14524,Q14524,"Transmembrane helix",http://www.uniprot.org/keywords/KW-1133
https://pharos.nih.gov/idg/targets/Q14524,Q14524,3D-structure,http://www.uniprot.org/keywords/KW-0002
https://pharos.nih.gov/idg/targets/Q14524,Q14524,Methylation,http://www.uniprot.org/keywords/KW-0488
https://pharos.nih.gov/idg/targets/Q14524,Q14524,Transport,http://www.uniprot.org/keywords/KW-0813
https://pharos.nih.gov/idg/targets/Q14524,Q14524,"Ion channel",http://www.uniprot.org/keywords/KW-0407
https://pharos.nih.gov/idg/targets/Q14524,Q14524,"Ion transport",http://www.uniprot.org/keywords/KW-0406
https://pharos.nih.gov/idg/targets/Q14524,Q14524,Calmodulin-binding,http://www.uniprot.org/keywords/KW-0112
https://pharos.nih.gov/idg/targets/Q14524,Q14524,Sodium,http://www.uniprot.org/keywords/KW-0915
https://pharos.nih.gov/idg/targets/Q14524,Q14524,"Sodium channel",http://www.uniprot.org/keywords/KW-0894
https://pharos.nih.gov/idg/targets/Q14524,Q14524,"Sodium transport",http://www.uniprot.org/keywords/KW-0739
https://pharos.nih.gov/idg/targets/Q14524,Q14524,"Voltage-gated channel",http://www.uniprot.org/keywords/KW-0851
https://pharos.nih.gov/idg/targets/Q14524,Q14524,Cardiomyopathy,http://www.uniprot.org/keywords/KW-0122
https://pharos.nih.gov/idg/targets/Q14524,Q14524,"Long QT syndrome",http://www.uniprot.org/keywords/KW-0454
https://pharos.nih.gov/idg/targets/Q14524,Q14524,"Atrial fibrillation",http://www.uniprot.org/keywords/KW-1020
https://pharos.nih.gov/idg/targets/Q14524,Q14524,"Brugada syndrome",http://www.uniprot.org/keywords/KW-0992
https://pharos.nih.gov/idg/targets/Q01118,Q01118,"Complete proteome",http://www.uniprot.org/keywords/KW-0181
https://pharos.nih.gov/idg/targets/Q01118,Q01118,Polymorphism,http://www.uniprot.org/keywords/KW-0621
https://pharos.nih.gov/idg/targets/Q01118,Q01118,"Reference proteome",http://www.uniprot.org/keywords/KW-1185
https://pharos.nih.gov/idg/targets/Q01118,Q01118,Repeat,http://www.uniprot.org/keywords/KW-0677
https://pharos.nih.gov/idg/targets/Q01118,Q01118,Phosphoprotein,http://www.uniprot.org/keywords/KW-0597
https://pharos.nih.gov/idg/targets/Q01118,Q01118,"Cell membrane",http://www.uniprot.org/keywords/KW-1003
https://pharos.nih.gov/idg/targets/Q01118,Q01118,"Disulfide bond",http://www.uniprot.org/keywords/KW-1015
https://pharos.nih.gov/idg/targets/Q01118,Q01118,Glycoprotein,http://www.uniprot.org/keywords/KW-0325
https://pharos.nih.gov/idg/targets/Q01118,Q01118,Membrane,http://www.uniprot.org/keywords/KW-0472
https://pharos.nih.gov/idg/targets/Q01118,Q01118,Transmembrane,http://www.uniprot.org/keywords/KW-0812
https://pharos.nih.gov/idg/targets/Q01118,Q01118,"Transmembrane helix",http://www.uniprot.org/keywords/KW-1133
https://pharos.nih.gov/idg/targets/Q01118,Q01118,Transport,http://www.uniprot.org/keywords/KW-0813
https://pharos.nih.gov/idg/targets/Q01118,Q01118,"Ion channel",http://www.uniprot.org/keywords/KW-0407
https://pharos.nih.gov/idg/targets/Q01118,Q01118,"Ion transport",http://www.uniprot.org/keywords/KW-0406
https://pharos.nih.gov/idg/targets/Q01118,Q01118,Sodium,http://www.uniprot.org/keywords/KW-0915
https://pharos.nih.gov/idg/targets/Q01118,Q01118,"Sodium channel",http://www.uniprot.org/keywords/KW-0894
https://pharos.nih.gov/idg/targets/Q01118,Q01118,"Sodium transport",http://www.uniprot.org/keywords/KW-0739
https://pharos.nih.gov/idg/targets/Q01118,Q01118,"Voltage-gated channel",http://www.uniprot.org/keywords/KW-0851
