"URL","Uniprot ID","GeneSymbol","Name","Description","Development Level","DTOClass","PantherClass","Novelty","Target Family","PatentCount","AntibodyCount","PubmedCount","Knowledge Availability","PubmedScore","PubtatorScore","PMIDs"
https://pharos.nih.gov/idg/targets/P27037,P27037,ACVR2A,"Activin receptor type-2A","On ligand binding, forms a receptor complex consisting of two type II and two type I transmembrane serine/threonine kinases. Type II receptors phosphorylate and activate type I receptors which autophosphorylate, then bind and activate SMAD transcriptional regulators. Receptor for activin A, activin B and inhibin A. Mediates induction of adipogenesis by GDF6 (By similarity).",Tchem,"STKR Type 2 subfamily","protein kinase",-2.0874469001929867,Kinase,21545,315,95,43.02,108.02,76.03,27832070|27696331|26677222|26086422|26047946|25659497|25499008|23633461|23263486|22949641|22848350|22723898|22528352|22296042|22085900|22001236|21976273|21490791|21378277|21353880|21248752|20886391|20801928|20734064|20634197|20424473|20379614|20339536|20200332|20197483|20011542|19574343|19503063|19386982|19366699|19308291|19126782|19064572|18941508|18781190|18436533|18326817|18001154|17472960|17456004|17356069|17344846|17258738|16672363|16461635|16380996|16344560|16337854|15815621|15621726|15489334|15451561|14988818|14738881|14702039|14691305|12667445|12665502|12651901|12477932|12385827|12213882|12135884|12032389|11969340|11882656|11266516|11069203|10746731|10702675|10681527|10638976|10504300|10323406|10187774|9872992|9748228|9032295|8971337|8889549|8889548|8721982|8702914|8640777|8622651|8612709|8358434|8243335|8242742|7890768|1646080|1314589|1311955
https://pharos.nih.gov/idg/targets/Q12852,Q12852,MAP3K12,"Mitogen-activated protein kinase kinase kinase 12","May be an activator of the JNK/SAPK pathway. Phosphorylates beta-casein, histone 1 and myelin basic protein in vitro.",Tchem,"MLK family",,-2.0644030631343,Kinase,19919,134,31,43.05,120.96,77.06,28641113|27100796|25999017|25341110|22020285|21893036|21526495|19851984|19730683|19690332|19675578|19369195|19146952|18995835|17344846|16541075|16169070|15695824|15611134|15489334|14702039|14697235|14504284|12477932|10922377|10801814|10490457|10442638|10187804|9353328|8663324|8637721|8037767|7983011|7790002
https://pharos.nih.gov/idg/targets/Q5TCX8,Q5TCX8,MAP3K21,"Mitogen-activated protein kinase kinase kinase 21","Negative regulator of TLR4 signaling. Does not activate JNK1/MAPK8 pathway, p38/MAPK14, nor ERK2/MAPK1 pathways.",Tdark,"MLK family",,-0.42420258412517714,Kinase,3444,174,11,0.00,4.24,4.09,26859459|24255178|23319808|23186163|22699663|21602844|21441570|20068231|19413330|19369195|18691976|18669648|18029348|17353931|17344846|16710414|15489334|12477932|11347906
https://pharos.nih.gov/idg/targets/Q13873,Q13873,BMPR2,"Bone morphogenetic protein receptor type-2","On ligand binding, forms a receptor complex consisting of two type II and two type I transmembrane serine/threonine kinases. Type II receptors phosphorylate and activate type I receptors which autophosphorylate, then bind and activate SMAD transcriptional regulators. Binds to BMP7, BMP2 and, less efficiently, BMP4. Binding is weak but enhanced by the presence of type I receptors for BMPs. Mediates induction of adipogenesis by GDF6.",Tchem,"STKR Type 2 subfamily","protein kinase",-2.665868067672171,Kinase,17055,390,237,57.49,458.14,624.08,28619995|28588028|28507310|28447104|28388887|28356442|28188225|28170297|28017794|27998774|27959431|27884767|27816994|27780042|27779452|27537724|27515773|27453251|27317687|27273096|27273094|27248591|27196063|27077124|27045138|27002414|26984938|26897508|26795434|26772960|26739752|26690041|26654628|26589479|26541523|26406943|26373550|26167679|26151470|26076038|26030479|25755766|25723654|25698539|25688877|25612240|25501832|25468996|25447587|25429696|25187962|25159282|25075125|24936649|24881940|24814649|24728306|24621962|24605778|24591673|24583436|24446489|24407287|24398041|24378993|24355637|24337809|24275569|24274756|24194909|24132125|24078385|24036241|24008158|23967299|23843612|23675998|23579436|23263486|23142694|23115311|23098893|23079343|22988237|22961979|22923661|22923421|22894880|22684006|22664934|22632830|22341419|22312021|22293501|22129439|22048752|21976273|21962132|21898662|21821917|21808054|21801371|21622843|21311592|21152263|21070126|21030519|20955454|20870717|20734064|20634891|20587070|20534176|20410205|20379614|20346360|20096498|20011660|20002458|19913121|19864167|19844076|19782107|19634078|19628780|19578724|19552837|19531247|19453261|19424179|19390056|19369195|19366699|19357154|19324947|19307479|19229295|19223935|19206171|19195606|19059957|19051722|18792970|18691976|18647753|18621057|18503968|18496036|18436795|18436533|18364108|18356561|18342887|18326817|18321866|18292470|18221724|18187665|18159113|17992660|17700526|17641158|17624341|17576816|17515463|17472960|17363346|17356069|17344846|17322283|17318011|17277049|17203235|17102831|17094948|16982201|16782755|16717148|16615932|16436528|16429403|16429395|16344560|16339917|16339782|16155937|16122479|16002577|15965979|15824058|15815621|15775752|15699281|15687131|15657086|15621726|15591269|15516492|15492256|15489334|15358693|15354178|15295086|15235019|15188402|15146475|15055271|15031260|14702039|14676131|14583445|12963706|12819188|12543773|12477932|12446270|12415595|12358323|12221115|12135884|12045205|11686884|11502704|11484688|11401330|11115378|11015450|10973254|10964520|10903931|10880444|10712517|10051328|9525338|9442116|9193425|9054941|8707881|8702914|8592941|7890683|7791754|7673243|7644468
https://pharos.nih.gov/idg/targets/Q6VAB6,Q6VAB6,KSR2,"Kinase suppressor of Ras 2","Location-regulated scaffold connecting MEK to RAF. Has very low protein kinase activity and can phosphorylate MAP2K1 at several Ser and Thr residues with very low efficiency (in vitro). Interaction with BRAF enhances KSR2-mediated phosphorylation of MAP2K1 (in vitro). Blocks MAP3K8 kinase activity and MAP3K8-mediated signaling. Acts as a negative regulator of MAP3K3-mediated activation of ERK, JNK and NF-kappa-B pathways, inhibiting MAP3K3-mediated interleukin-8 production.",Tbio,"RAF family",,-0.9043310264907681,Kinase,2138,280,24,33.04,8.77,16.29,28537769|27086506|25036637|24672054|24209692|23793025|23472165|23303246|22589738|21441910|21403620|20945381|20628086|20379614|19913121|19563921|19260141|17599832|17344846|16541075|16039990|15489334|14702039|12975377|12477932|12471243
https://pharos.nih.gov/idg/targets/Q9NYL2,Q9NYL2,MAP3K20,"Mitogen-activated protein kinase kinase kinase 20","Isoform 1: Phosphorylates histone H3 at 'Ser-28' (PubMed:15684425). May have role in neoplastic cell transformation and cancer development (PubMed:15172994). Causes cell shrinkage and disruption of actin stress fibers (PubMed:11042189).",Tchem,"MLK subfamily","protein kinase",-1.1856702824169048,Kinase,22285,215,38,0.00,14.89,171.02,27816943|26755636|26522728|25416956|25013376|24807215|24275569|24170769|23319595|23186163|22681889|22223895|21988832|21406692|21305317|21269460|21224381|20408143|20379614|20331627|20068231|19690332|19413330|19369195|18691976|18669648|18331592|18029348|17344846|17192257|16964243|16344560|16189514|15815621|15737997|15684425|15489334|15485649|15465036|15342622|15324660|15172994|14702039|12761180|12535642|12477932|12220515|11836244|11549352|11042189|10924358
https://pharos.nih.gov/idg/targets/O00238,O00238,BMPR1B,"Bone morphogenetic protein receptor type-1B","On ligand binding, forms a receptor complex consisting of two type II and two type I transmembrane serine/threonine kinases. Type II receptors phosphorylate and activate type I receptors which autophosphorylate, then bind and activate SMAD transcriptional regulators. Receptor for BMP7/OP-1 and GDF5. Positively regulates chondrocyte differentiation through GDF5 interaction.",Tchem,"STKR Type 1 subfamily","protein kinase",-2.003030633595798,Kinase,9109,498,89,47.03,86.83,61.39,28357470|27720933|26926249|26805635|26701726|26684357|26562759|26105076|25776145|25758993|25601208|24904118|24529757|24339876|24129431|24100446|24098149|24021264|22971142|22384028|22374147|22294741|22293501|21976273|21556765|21152263|20734064|20732626|20673479|20634891|20587070|20201926|19738052|19513897|19453261|19451094|19229295|19135982|18773965|18619554|18436533|18326817|18292470|18184661|17624341|17381068|17363346|17356069|17344846|17203235|17001689|16957682|16436528|16127465|16014698|15897891|15815621|15805157|15761153|15621726|15489334|15235019|15192043|14702039|14576167|14523231|12477932|12419820|12135884|12065756|11781009|11483516|11420127|11401330|11312159|11282024|11279102|11266516|10850425|10712517|10504300|10051328|9950587|9872992|9730621|9525338|9178898|8707881|8702914|8605097|8140412|7811286
https://pharos.nih.gov/idg/targets/Q8NB16,Q8NB16,MLKL,"Mixed lineage kinase domain-like protein","Pseudokinase that plays a key role in TNF-induced necroptosis, a programmed cell death process. Activated following phosphorylation by RIPK3, leading to homotrimerization, localization to the plasma membrane and execution of programmed necrosis characterized by calcium influx and plasma membrane damage. Does not have protein kinase activity.",Tchem,"TKL-UNIQUE family",,-2.756304802813781,Kinase,3806,171,42,33.44,549.83,46.32,28878015|28666573|28650960|28412393|28230861|28130493|27920255|27756058|27473085|27411587|27033670|26933192|26868910|26866270|26865533|26853145|26823841|26704887|26337687|26283547|26165695|25766324|25748555|25697054|25220470|24813885|24703947|24322838|24316671|24219132|24095729|23720157|23666239|23612963|22421439|22265414|22265413|21269460|20068231|19844255|19690332|18691976|18669648|17353931|17344846|15616553|15489334|14702039|12477932|12471243
https://pharos.nih.gov/idg/targets/Q8NFD2,Q8NFD2,ANKK1,"Ankyrin repeat and protein kinase domain-containing protein 1",,Tbio,"RIPK family",,-2.0801131989233697,Kinase,1555,75,119,23.64,103.73,112.62,28222164|28152448|27600277|27399274|27180960|27154305|26970175|26664790|26624925|26501178|26114114|26110876|25931179|25740917|25684044|25641135|25633559|25500252|25486867|25450229|25447970|25415204|25139281|25073965|25049133|24713612|24704945|24629326|24528631|24247049|23947671|23840506|23828101|23740147|23691092|23590110|23558112|23443985|23383291|23303482|23302056|23203481|23153044|23118020|22970887|22967772|22893251|22875483|22728571|22698582|22382052|22232965|21936764|21540761|21510979|21352928|21261454|21168125|21070510|21041608|20845092|20734064|20577142|20410875|20199723|20180986|20138949|20133381|19914044|19900188|19897017|19717274|19692168|19512960|19373123|19339270|19321766|19291230|19283474|19046929|19025655|18927395|18926547|18828801|18698520|18690118|18669994|18354387|18259088|18075468|18063936|18058350|18058343|18037170|17850642|17767146|17761687|17671965|17669630|17453061|17446975|17344846|17189962|17120049|17085484|17069991|16869231|16032443|16026865|15939106|15812318|15545020|15542731|15146457|14741327|12762588|12605103|12555236|12471243|12151753
https://pharos.nih.gov/idg/targets/P57078,P57078,RIPK4,"Receptor-interacting serine/threonine-protein kinase 4","Involved in stratified epithelial development. It is a direct transcriptional target of TP63. Plays a role in NF-kappa-B activation.",Tchem,"RIPK family",,-1.9752242154257778,Kinase,14331,230,29,34.50,99.62,28.64,27697098|27667567|27014863|26972000|26129644|25784454|25285922|25246526|25134534|25096806|24519546|24413083|23371553|22197489|22197488|21931591|20379614|19818768|18511573|18025152|17344846|17039240|14702039|12747765|12676934|12477932|12446564|11278382|10948194|10830953|8889548
https://pharos.nih.gov/idg/targets/P36896,P36896,ACVR1B,"Activin receptor type-1B","Transmembrane serine/threonine kinase activin type-1 receptor forming an activin receptor complex with activin receptor type-2 (ACVR2A or ACVR2B). Transduces the activin signal from the cell surface to the cytoplasm and is thus regulating a many physiological and pathological processes including neuronal differentiation and neuronal survival, hair follicle development and cycling, FSH production by the pituitary gland, wound healing, extracellular matrix production, immunosuppression and carcinogenesis. Activin is also thought to have a paracrine or autocrine role in follicular development in the ovary. Within the receptor complex, type-2 receptors (ACVR2A and/or ACVR2B) act as a primary activin receptors whereas the type-1 receptors like ACVR1B act as downstream transducers of activin signals. Activin binds to type-2 receptor at the plasma membrane and activates its serine-threonine kinase. The activated receptor type-2 then phosphorylates and activates the type-1 receptor such as ACVR1B. Once activated, the type-1 receptor binds and phosphorylates the SMAD proteins SMAD2 and SMAD3, on serine residues of the C-terminal tail. Soon after their association with the activin receptor and subsequent phosphorylation, SMAD2 and SMAD3 are released into the cytoplasm where they interact with the common partner SMAD4. This SMAD complex translocates into the nucleus where it mediates activin-induced transcription. Inhibitory SMAD7, which is recruited to ACVR1B through FKBP1A, can prevent the association of SMAD2 and SMAD3 with the activin receptor complex, thereby blocking the activin signal. Activin signal transduction is also antagonized by the binding to the receptor of inhibin-B via the IGSF1 inhibin coreceptor. ACVR1B also phosphorylates TDP2.",Tchem,"STKR Type 1 subfamily","protein kinase",-2.0055020389428084,Kinase,13317,418,64,46.24,91.16,61.62,28214509|27733450|27253421|26305619|26289399|26149389|25258381|24939585|24886203|23376485|23263486|23211491|23159635|23010638|22939624|22267736|21377836|21356369|21063444|20819778|20734064|20596523|20379614|20347265|20226172|19035567|18039968|17906079|17344846|16720724|16541075|15489334|15459392|15196700|15123686|14966532|14702039|14517293|12919325|12665502|12651901|12639945|12477932|12364468|12112843|12065756|12052855|12032389|12023024|11969340|11909953|11389842|11279102|11278302|11266516|11248065|11117535|10652306|9892009|9884026|9501322|9032295|8622651|8612709|8397373|8196624|8058741|7890768
https://pharos.nih.gov/idg/targets/P36894,P36894,BMPR1A,"Bone morphogenetic protein receptor type-1A","On ligand binding, forms a receptor complex consisting of two type II and two type I transmembrane serine/threonine kinases. Type II receptors phosphorylate and activate type I receptors which autophosphorylate, then bind and activate SMAD transcriptional regulators. Receptor for BMP2, BMP4, GDF5 and GDF6. Positively regulates chondrocyte differentiation through GDF5 interaction. Mediates induction of adipogenesis by GDF6.",Tchem,"STKR Type 1 subfamily","protein kinase",-2.349838237729275,Kinase,20298,622,124,47.94,211.01,133.33,28733457|28357470|27780042|27660075|27146957|26701726|26585335|26383923|26274893|26171675|25938661|25860647|25129392|24966941|24904118|24882581|24850914|24480809|24398041|24140593|24098149|23969729|23593444|23531103|23433720|23399955|22971142|22886282|22799562|22710174|22519633|22293501|22210872|21976273|21872883|21640116|21543859|21412070|21258932|21152263|21054789|20927405|20860622|20843829|20734064|20693682|20673479|20634891|20587070|20346360|19804412|19773747|19502417|19463221|19453261|19438883|19244313|19229295|18937504|18823382|18667463|18510548|18436533|18326817|18262054|18184661|18178612|18160401|17873119|17624341|17573831|17513295|17356069|17344846|17101085|17081983|16886151|16685657|16672363|16525031|16436638|16436528|16385451|16341674|16226113|16127465|15940369|15657086|15621726|15489334|15351706|15252450|15235019|15064755|14702039|12630959|12620973|12477932|12417513|12136244|12135884|12065756|11536076|11438941|11401330|11381269|11282024|11278302|11263668|11241215|11139569|10881198|10850425|10712517|10504300|10051328|9950587|9730621|9663660|9547239|9525338|9389648|8707881|8702914|8605097|8592941|8397373|7791754
https://pharos.nih.gov/idg/targets/Q16671,Q16671,AMHR2,"Anti-Muellerian hormone type-2 receptor","On ligand binding, forms a receptor complex consisting of two type II and two type I transmembrane serine/threonine kinases. Type II receptors phosphorylate and activate type I receptors which autophosphorylate, then bind and activate SMAD transcriptional regulators. Receptor for anti-Muellerian hormone.",Tbio,"STKR Type 2 subfamily","protein kinase",-2.1120554144823442,Kinase,5102,240,61,29.73,117.92,61.66,28938480|27832628|27664518|27430550|27162065|27142041|27109000|26933946|26848671|26753790|26633196|26464718|25972076|25790842|25663701|25542251|25517316|24912417|24613539|24271023|24146295|23969185|23544102|23321213|23295284|22962306|22939624|22584735|20864412|20861221|20734064|20362961|20236105|19539910|19457927|19424576|19064572|18697861|18310289|18230658|17988723|17636279|17337470|16541075|16344560|15489334|14750901|14702039|12834017|12477932|12477536|12462075|11588147|11549681|11420127|10874041|10589763|8940028|8889695|8872466|8572466|7493017|7488027
https://pharos.nih.gov/idg/targets/P80192,P80192,MAP3K9,"Mitogen-activated protein kinase kinase kinase 9","Serine/threonine kinase which acts as an essential component of the MAP kinase signal transduction pathway. Plays an important role in the cascades of cellular responses evoked by changes in the environment. Once activated, acts as an upstream activator of the MKK/JNK signal transduction cascade through the phosphorylation of MAP2K4/MKK4 and MAP2K7/MKK7 which in turn activate the JNKs. The MKK/JNK signaling pathway regulates stress response via activator protein-1 (JUN) and GATA4 transcription factors. Plays also a role in mitochondrial death signaling pathway, including the release cytochrome c, leading to apoptosis.",Tchem,"MLK subfamily",,-1.428807272199792,Kinase,8846,265,18,38.77,24.70,11.13,28081468|26573018|23836671|23186163|22939624|22197930|21107309|20379614|19826002|19369195|18714982|18241037|17344846|16344560|15610029|15489334|14702039|14504284|12477932|11755341|11416147|11325962|8536694|8477742|8195146
https://pharos.nih.gov/idg/targets/Q16584,Q16584,MAP3K11,"Mitogen-activated protein kinase kinase kinase 11","Activates the JUN N-terminal pathway. Required for serum-stimulated cell proliferation and for mitogen and cytokine activation of MAPK14 (p38), MAPK3 (ERK) and MAPK8 (JNK1) through phosphorylation and activation of MAP2K4/MKK4 and MAP2K7/MKK7. Plays a role in mitogen-stimulated phosphorylation and activation of BRAF, but does not phosphorylate BRAF directly. Influences microtubule organization during the cell cycle.",Tchem,"MLK subfamily",,-1.861975655336535,Kinase,8432,205,74,48.41,89.79,91.92,28262979|27613090|26717044|26406121|26152725|25874865|25241761|24927181|24912674|24894995|24628919|24275569|24044867|23906792|23857585|23186163|23172226|22761715|22700880|22652451|22566623|22509080|22139075|21979919|21880738|20937558|20890305|20514022|20158498|20150185|20145118|19955118|19946888|19782705|19690332|19586614|19369195|18851832|18691976|18669648|18222647|17711861|17584736|17344846|17192257|16964243|16687404|16554811|16537381|16344560|16253996|15923109|15489334|15258589|15069087|15001580|14702039|14504284|12529434|12504027|12477932|12458207|12376551|11969422|11784851|11713255|11590155|11306803|11053428|10799501|10713178|10629060|10490659|10187804|9829970|9430657|9427749|9267807|9003778|9003777|8195146|8183572|8125298
https://pharos.nih.gov/idg/targets/O43318,O43318,MAP3K7,"Mitogen-activated protein kinase kinase kinase 7","Serine/threonine kinase which acts as an essential component of the MAP kinase signal transduction pathway. Plays an important role in the cascades of cellular responses evoked by changes in the environment. Mediates signal transduction of TRAF6, various cytokines including interleukin-1 (IL-1), transforming growth factor-beta (TGFB), TGFB-related factors like BMP2 and BMP4, toll-like receptors (TLR), tumor necrosis factor receptor CD40 and B-cell receptor (BCR). Ceramides are also able to activate MAP3K7/TAK1. Once activated, acts as an upstream activator of the MKK/JNK signal transduction cascade and the p38 MAPK signal transduction cascade through the phosphorylation and activation of several MAP kinase kinases like MAP2K1/MEK1, MAP2K3/MKK3, MAP2K6/MKK6 and MAP2K7/MKK7. These MAP2Ks in turn activate p38 MAPKs, c-jun N-terminal kinases (JNKs) and I-kappa-B kinase complex (IKK). Both p38 MAPK and JNK pathways control the transcription factors activator protein-1 (AP-1), while nuclear factor-kappa B is activated by IKK. MAP3K7 activates also IKBKB and MAPK8/JNK1 in response to TRAF6 signaling and mediates BMP2-induced apoptosis. In osmotic stress signaling, plays a major role in the activation of MAPK8/JNK1, but not that of NF-kappa-B. Promotes TRIM5 capsid-specific restriction activity.",Tchem,"TAK1 subfamily",,-1.4681748073261087,Kinase,24014,765,211,56.77,32.35,268.41,28989054|28829887|28827540|28194669|27482120|27426734|27426733|27245349|27048361|26928052|26823762|26491199|26406417|26334375|26189595|26185333|25889255|25770290|25557171|25383712|25371197|25288801|25261726|25241761|25189770|25075558|24911653|24874739|24792382|24721172|24529757|24443058|24277938|24275569|24113182|24072697|23776175|23760366|23534745|23472066|23370768|23272845|23229544|23186163|22972987|22941947|22904686|22843747|22835455|22802624|22649101|22590573|22576335|22490020|22467172|22406003|22384029|22341466|22341439|22256769|22167179|22158122|22081109|22069318|21903422|21873447|21841780|21743023|21700681|21630459|21606198|21512573|21498517|21406692|21269460|21233843|21220427|21098640|21048031|20932476|20837137|20682854|20677014|20585109|20538596|20448286|20379614|20306291|20190752|20068231|20061393|20060931|20038579|19820695|19760754|19690332|19687304|19675569|19578758|19521662|19419968|19413330|19410630|19369195|19284290|19232515|19197243|19074436|19047046|19026643|18950863|18838386|18758450|18691976|18669648|18617512|18591963|18456659|18326498|18316610|18299321|18286207|18206350|18088087|17982039|17947700|17828308|17709393|17626013|17608743|17559674|17548520|17496917|17449468|17379600|17363973|17325661|17276978|17202147|17173073|17158449|17114179|17110930|17081983|17079228|17047224|16893890|16845370|16840345|16835226|16527194|16498455|16446357|16301747|16293250|16289117|16280329|16260783|16251197|16186825|16153868|16000313|15917296|15894542|15764709|15670770|15590691|15489334|15277532|15276183|15125833|15082531|15075345|14982987|14960582|14743216|14702039|14670075|14592977|14574404|12874243|12859960|12842894|12804775|12609980|12589052|12556533|12547194|12496252|12477932|12372426|12296995|12242293|12089335|12048196|11865055|11809792|11585904|11460167|11397816|11259596|11118615|11104763|10921914|10882101|10838074|10807933|10779355|10748100|10702308|10224067|10195894|10187861|10094049|10066798|10022904|9744859|9689078|9556573|9480845|9466656|9380693|9278437|9162092|9079627|8663074|8638164|8533096|7708055|3031469
https://pharos.nih.gov/idg/targets/O43283,O43283,MAP3K13,"Mitogen-activated protein kinase kinase kinase 13","Activates the JUN N-terminal pathway through activation of the MAP kinase kinase MAP2K7. Acts synergistically with PRDX3 to regulate the activation of NF-kappa-B in the cytosol. This activation is kinase-dependent and involves activating the IKK complex, the IKBKB-containing complex that phosphorylates inhibitors of NF-kappa-B.",Tchem,"LZK subfamily",,-1.9731845153539345,Kinase,8268,177,13,39.30,83.81,29.01,28641113|26918941|22837378|20379614|17344846|16641997|15489334|14702039|12492477|12477932|12186766|11726277|11163770|9353328|8274451
https://pharos.nih.gov/idg/targets/O43353,O43353,RIPK2,"Receptor-interacting serine/threonine-protein kinase 2","Serine/threonine/tyrosine kinase that plays an essential role in modulation of innate and adaptive immune responses. Upon stimulation by bacterial peptidoglycans, NOD1 and NOD2 are activated, oligomerize and recruit RIPK2 through CARD-CARD domains. Contributes to the tyrosine phosphorylation of the guanine exchange factor ARHGEF2 through Src tyrosine kinase leading to NF-kappaB activation by NOD2. Once recruited, RIPK2 autophosphorylates and undergoes 'Lys-63'-linked polyubiquitination by E3 ubiquitin ligases XIAP, BIRC2 and BIRC3. The polyubiquitinated protein mediates the recruitment of MAP3K7/TAK1 to IKBKG/NEMO and induces 'Lys-63'-linked polyubiquitination of IKBKG/NEMO and subsequent activation of IKBKB/IKKB. In turn, NF-kappa-B is released from NF-kappa-B inhibitors and translocates into the nucleus where it activates the transcription of hundreds of genes involved in immune response, growth control, or protection against apoptosis. Plays also a role during engagement of the T-cell receptor (TCR) in promoting BCL10 phosphorylation and subsequent NF-kappa-B activation.",Tchem,"RIPK family",,-2.039900410285806,Kinase,123209,474,116,52.10,107.30,220.61,28545134|28436939|28114344|27939575|27830463|27651416|27122187|26871637|26646181|26466644|26463597|26297639|26130752|26040030|25642632|25416956|25374171|24958724|24790089|24746552|24670424|24658576|24642040|24366254|24275569|24015287|23892723|23806334|23333941|23300079|23186163|23128233|22993319|22829933|22828789|22815893|22685397|22672233|22665475|22615316|22504414|22484241|22412986|22075569|21931591|21903422|21887730|21862576|21757725|21269460|21123652|21048031|20800603|20645315|20125193|20068231|20025869|20018961|19911254|19773279|19721713|19693652|19667203|19592251|19573080|19464198|19406482|19369195|19337385|19336552|19121870|18775659|18691976|18669648|18566542|18426885|18359207|18079694|18029348|17851464|17468049|17355968|17353931|17344846|17192257|17075290|17054981|16997282|16920334|16824733|16582588|16492792|16421571|16418290|16354923|16344560|16189514|15761153|15691841|15657077|15620648|15489334|15383541|15276183|14743216|14702039|14638696|12975309|12775719|12761501|12755636|12477932|12459189|12138198|11894098|11894097|11821383|11536016|11487608|11432859|11087742|10880512|10719670|10559258|10329646|10224040|9705938|9642260|9575181
https://pharos.nih.gov/idg/targets/Q9Y572,Q9Y572,RIPK3,"Receptor-interacting serine/threonine-protein kinase 3","Essential for necroptosis, a programmed cell death process in response to death-inducing TNF-alpha family members. Upon induction of necrosis, RIPK3 interacts with, and phosphorylates RIPK1 and MLKL to form a necrosis-inducing complex. RIPK3 binds to and enhances the activity of three metabolic enzymes: GLUL, GLUD1, and PYGL. These metabolic enzymes may eventually stimulate the tricarboxylic acid cycle and oxidative phosphorylation, which could result in enhanced ROS production.",Tchem,"RIPK family",,-2.227481731480026,Kinase,4690,603,75,35.16,161.69,113.73,28412393|27984090|27756058|27748372|27411587|27362805|26900751|26865533|26769846|26749282|26559832|26496737|26437789|26381214|26355347|26269957|25952668|25906154|25888634|25852146|25778401|25748555|25674983|25575821|25563840|25459880|25450619|25423287|25326752|25144719|24963148|24746856|24703947|24413151|24322838|24314238|24095729|24059293|23612963|23071110|22817896|22421439|22265414|22265413|21931591|21894190|21887730|21737330|21153365|20634891|20413098|20354226|19690434|19590578|19524513|19524512|19498109|18941233|18533105|18442983|18025550|17827388|17344846|17114179|16844082|16429275|16344560|15896315|15814722|15489334|15208320|15064760|14743216|14702039|12508121|12477932|11734559|10818227|10358032|10339433
https://pharos.nih.gov/idg/targets/P53671,P53671,LIMK2,"LIM domain kinase 2","Displays serine/threonine-specific phosphorylation of myelin basic protein and histone (MBP) in vitro.",Tchem,"LIMK subfamily",,-1.650060750694614,Kinase,7267,405,51,48.95,41.32,40.05,28818508|28069000|27116935|26956845|26662719|25981171|25849865|25344584|23991158|23776197|23585469|23239465|23186163|23082153|22939624|22883572|22492986|22328514|21150874|21079653|20379614|20190821|20047470|19369647|19369195|18852895|18691976|18669648|18029348|18000399|17344846|17294230|16820362|16505165|16455074|16381901|15923181|15647284|15489336|15489334|15461802|15231748|14702039|12477932|11418599|11340065|11230166|11171090|11076863|11018042|10613909|10591208|10452946|10436159|9655398|8980133|8954941|8537403
https://pharos.nih.gov/idg/targets/O43187,O43187,IRAK2,"Interleukin-1 receptor-associated kinase-like 2","Binds to the IL-1 type I receptor following IL-1 engagement, triggering intracellular signaling cascades leading to transcriptional up-regulation and mRNA stabilization.",Tbio,"IRAK family",,-1.5504208685181908,Kinase,7154,550,37,40.69,34.86,23.44,26250868|25063738|24973222|24662294|24275569|23724040|23186163|21988832|21903422|21606490|21048031|20937840|20800603|20628086|20485341|20438785|20406964|20379614|20332216|20200953|20056178|19913121|19453261|19423540|19240061|18996842|18636090|17878161|17344846|15670593|15489334|15276183|14702039|12493773|12477932|11744690|11544529|10383454|10191251|9918122|9374458
https://pharos.nih.gov/idg/targets/P15056,P15056,BRAF,"Serine/threonine-protein kinase B-raf","Protein kinase involved in the transduction of mitogenic signals from the cell membrane to the nucleus. May play a role in the postsynaptic responses of hippocampal neuron. Phosphorylates MAP2K1, and thereby contributes to the MAP kinase signal transduction pathway.",Tclin,"RAF family",,-2.3358160611629932,Kinase,172202,1431,1862,61.27,220.93,4341.62,29310328|29187493|29175303|29162506|29059311|29037127|28972961|28953955|28947418|28877062|28862766|28842324|28834810|28822769|28810144|28787433|28775171|28753606|28743501|28727518|28692601|28662062|28650561|28623774|28595259|28576751|28561662|28504206|28488545|28468827|28463756|28448514|28424234|28423638|28423545|28404629|28393212|28383426|28373167|28342873|28323937|28319896|28295004|28292959|28281325|28268064|28249840|28234922|28220299|28214213|28179313|28174173|28160058|28159677|28135039|28134726|28125730|28093501|28092667|28091917|28089569|28074351|28067893|28040692|28034324|28025078|28006055|28002643|28000889|27993800|27993793|27984807|27977682|27965097|27943267|27936049|27930579|27928645|27923714|27923591|27919446|27916952|27912827|27911979|27911099|27888823|27870159|27866718|27864876|27864688|27863476|27860480|27860162|27813079|27776007|27775691|27775641|27771229|27769870|27766572|27765849|27764839|27760550|27737711|27729324|27718322|27689252|27681305|27672042|27671879|27666765|27659822|27630332|27620500|27600854|27599148|27597420|27571181|27568671|27555670|27554081|27542908|27535135|27480103|27466810|27460442|27458004|27454941|27449293|27442672|27438990|27435270|27433783|27416954|27404270|27401113|27387551|27382031|27368419|27358379|27353360|27345584|27342756|27329244|27325282|27314237|27296272|27283860|27261210|27256275|27253461|27249714|27226552|27220764|27210749|27198569|27197524|27180062|27167340|27150060|27147251|27138882|27138801|27116958|27111917|27105117|27101548|27098748|27094161|27087167|27085458|27084044|27082577|27080216|27064992|27062580|27048246|27041569|27036313|27034263|27033063|27028853|27009410|27000992|26997442|26997441|26996308|26994902|26991344|26989027|26980024|26980021|26974965|26969876|26960768|26959890|26959608|26951110|26950846|26945035|26943032|26932501|26927447|26927026|26925650|26925640|26924424|26912807|26910894|26910217|26892442|26889698|26871894|26871591|26857243|26848795|26838744|26835544|26826419|26825960|26825657|26823860|26814611|26810733|26810070|26808395|26807515|26802240|26799289|26796506|26790143|26787892|26775732|26758762|26753950|26750638|26750533|26749005|26734696|26733165|26732095|26718898|26718882|26711930|26711586|26710756|26695089|26691448|26684240|26678033|26671072|26668268|26646323|26643848|26632889|26630683|26625260|26623721|26616508|26616061|26613644|26608120|26600545|26600396|26598713|26597176|26584635|26582795|26582644|26575603|26575115|26563980|26562024|26562020|26541605|26530529|26521469|26521063|26513490|26512781|26511315|26504080|26500331|26498143|26496853|26496610|26496026|26466569|26461266|26460303|26457492|26454767|26454140|26448939|26446943|26446234|26440707|26438153|26433819|26426340|26425792|26422023|26414224|26405815|26403329|26399561|26392334|26392102|26384810|26384551|26381028|26376292|26362194|26359417|26353041|26351322|26343583|26343582|26339422|26321697|26319365|26318033|26314551|26306423|26305188|26299805|26299074|26297254|26287849|26285159|26284586|26282084|26274032|26271724|26269601|26259532|26258321|26240026|26232865|26230187|26225944|26223933|26215382|26215201|26214416|26208946|26208478|26206478|26202550|26197238|26191315|26190162|26189429|26187369|26182332|26182194|26181555|26181250|26172302|26165597|26160882|26154146|26153495|26146664|26145760|26145173|26143635|26143373|26138035|26125698|26125673|26123241|26122804|26121270|26120069|26115961|26110571|26105190|26102513|26090869|26084614|26084290|26083571|26083553|26080065|26075701|26071465|26066373|26055532|26045855|26036358|26032958|26014474|25988212|25985019|25975986|25970686|25957797|25952101|25950823|25948295|25938346|25937618|25937573|25929517|25922907|25920006|25916409|25911848|25908244|25900832|25899783|25899612|25899003|25890285|25888143|25886136|25885250|25884297|25870264|25870252|25868080|25862899|25854387|25854168|25851630|25843629|25837167|25832798|25820214|25819940|25818616|25817073|25815786|25797743|25795007|25794798|25794445|25794135|25784606|25767210|25767048|25766129|25762352|25755776|25752754|25752325|25749811|25746038|25736029|25735579|25729732|25724524|25712893|25710724|25710585|25706985|25704541|25702102|25690538|25689095|25688918|25685929|25674762|25673558|25667294|25666295|25663779|25647260|25646931|25643238|25634750|25632202|25628445|25627962|25618114|25616949|25605225|25602792|25600339|25593071|25588542|25584719|25581727|25576923|25551625|25543407|25537974|25527633|25526463|25515853|25515650|25499274|25499223|25491441|25490969|25490715|25482468|25479927|25473895|25468810|25463315|25456393|25450274|25442675|25442222|25437913|25437182|25430497|25429742|25427581|25426645|25404749|25400776|25389051|25385688|25378232|25376477|25370533|25370473|25367198|25363723|25351955|25346165|25337709|25337237|25332244|25324352|25318602|25314065|25306614|25273224|25267307|25266729|25262966|25262755|25244542|25242093|25241761|25239454|25236573|25219500|25213729|25202140|25194980|25188864|25180764|25176643|25174651|25165098|25164765|25156883|25156525|25155755|25154726|25153715|25148578|25139339|25120313|25118810|25116269|25109331|25104559|25085839|25076244|25073704|25073438|25070294|25066317|25063807|25056119|25051202|25050586|25048604|25046227|25039399|25034364|25031736|25029639|25024077|25015869|25013125|25010701|25005754|24993163|24992171|24989827|24979348|24978326|24964857|24964758|24958825|24958809|24954313|24950457|24947927|24942334|24941944|24936068|24926836|24922189|24921639|24918823|24918610|24909403|24906137|24901049|24897065|24894769|24893747|24885690|24885594|24871132|24866436|24863948|24862939|24861115|24859998|24859340|24857351|24848709|24839220|24838814|24833563|24832158|24828987|24821886|24806883|24798740|24792487|24789721|24787545|24780046|24774510|24770869|24767862|24764675|24749938|24748129|24746704|24746198|24742923|24737664|24735930|24733801|24733413|24725538|24721513|24721322|24720374|24717435|24715106|24714776|24713734|24710085|24709886|24703243|24691006|24684646|24679337|24677749|24673746|24671772|24666267|24664307|24659028|24651849|24642661|24639117|24638167|24634053|24625419|24619974|24617711|24614711|24612623|24612059|24608435|24604709|24603591|24594804|24591408|24588959|24586605|24582505|24560515|24559116|24552757|24550319|24548081|24535907|24532263|24529209|24508103|24503706|24497953|24496868|24493731|24489105|24486585|24484235|24475291|24475086|24471909|24471189|24463458|24455489|24446311|24442520|24441586|24440976|24433452|24425783|24424406|24417615|24413733|24410877|24402044|24398428|24397598|24390240|24389984|24382015|24375920|24374844|24372748|24367680|24366910|24362353|24356563|24354346|24353007|24345920|24345274|24335665|24321241|24311634|24309328|24301760|24297085|24295088|24275569|24267957|24265152|24258620|24256466|24255178|24247620|24244575|24242331|24238398|24238153|24228637|24196789|24183461|24178368|24167125|24166180|24164374|24161954|24152792|24139521|24139215|24124924|24123003|24122611|24118207|24117833|24114843|24112705|24112392|24104864|24095280|24094449|24073892|24057326|24052184|24039206|24030686|24026210|24024839|24006859|23996432|23993026|23987572|23981603|23972510|23969188|23965740|23963522|23960272|23959801|23941441|23938765|23934108|23931769|23930206|23922205|23908594|23907581|23906414|23903755|23893412|23893334|23887306|23883275|23880961|23878352|23861977|23860532|23855428|23852164|23849768|23845441|23845288|23841470|23833303|23833299|23822828|23821376|23817662|23817129|23806056|23802768|23800934|23795354|23791006|23782679|23782496|23776587|23775351|23773459|23771122|23763264|23755178|23752636|23744164|23735514|23726842|23725167|23715079|23690527|23687957|23680146|23673558|23660947|23657789|23650027|23636013|23633454|23625203|23615046|23613396|23612919|23603840|23595630|23594689|23588369|23584600|23580256|23579220|23571588|23569304|23552385|23549875|23548132|23547069|23544999|23534744|23533272|23533235|23517740|23511561|23505540|23496275|23489693|23482591|23482475|23477830|23476074|23463675|23463215|23455323|23448684|23447565|23444215|23442159|23435618|23435375|23416953|23416158|23412871|23401454|23401445|23388101|23374602|23370668|23370429|23359496|23355004|23354951|23352452|23349307|23343956|23334329|23324583|23317446|23310942|23307859|23297805|23290787|23287985|23280049|23274581|23263826|23263490|23253715|23246082|23242808|23237741|23235345|23224067|23208503|23207070|23203004|23192956|23192464|23190890|23190154|23188063|23186163|23179992|23163107|23161722|23161556|23159116|23158172|23157824|23157823|23157614|23153539|23153455|23138171|23132792|23125007|23110075|23098991|23096702|23096133|23095503|23088640|23069257|23066120|23062653|23056577|23055546|23055340|23051629|23041829|23039341|23036672|23033302|23026937|23021375|23014346|23010994|23010278|23009221|22996177|22973979|22972589|22946697|22941165|22939624|22938585|22932786|22931913|22930283|22926515|22918165|22912864|22899730|22898351|22892521|22887810|22880048|22879539|22876591|22870241|22863493|22859608|22858857|22850568|22833462|22826437|22826122|22824468|22820660|22820187|22814862|22809251|22799316|22798500|22798288|22797077|22773810|22772867|22770943|22767446|22752848|22751131|22745804|22743296|22742884|22740704|22732794|22730329|22727996|22706026|22705994|22702340|22699145|22694820|22684223|22681706|22649091|22639828|22628551|22614978|22614711|22592144|22591444|22586484|22581800|22579930|22568401|22549934|22549727|22549559|22535974|22535154|22534474|22531170|22531127|22522845|22516966|22515520|22515292|22514085|22510884|22510757|22508706|22506009|22500044|22498935|22492957|22488961|22471666|22471241|22459936|22456166|22451557|22437554|22435913|22431868|22431777|22430215|22430208|22430133|22429583|22427190|22426956|22426079|22417847|22398042|22395615|22393095|22382362|22376167|22376079|22374786|22368298|22367297|22361037|22358007|22339435|22335197|22331825|22331186|22317887|22317764|22314188|22294102|22287190|22282465|22258409|22250191|22249628|22246856|22245873|22235286|22233696|22230299|22228154|22227015|22214007|22210875|22210186|22203991|22199339|22199277|22194995|22190283|22190222|22189819|22180495|22178589|22174938|22170714|22169110|22157687|22156468|22156467|22150560|22147942|22147429|22145942|22137342|22136270|22133769|22114137|22105775|22105174|22072743|22072557|22065586|22043994|22039425|22038996|22033631|22028477|22027477|22012135|22006538|21948220|21943101|21937738|21936566|21917714|21915661|21909080|21906875|21903858|21901162|21900390|21882184|21875464|21871821|21863388|21835307|21826673|21825258|21803329|21796448|21788131|21774961|21750338|21725359|21716161|21707687|21705440|21696415|21693616|21681432|21663470|21653734|21636552|21594703|21587258|21577205|21570823|21557216|21553007|21514245|21512141|21498916|21483104|21479234|21478863|21457162|21456008|21455633|21451543|21447798|21441910|21441079|21431280|21430505|21427714|21426297|21424530|21424126|21412762|21408138|21406692|21390154|21383698|21383288|21383284|21362156|21356389|21351275|21345796|21343559|21332555|21326296|21324100|21321384|21317286|21317224|21317202|21307665|21305640|21303778|21289333|21285991|21274720|21274671|21270111|21263251|21249150|21239517|21224857|21223812|21223556|21215707|21203559|21190184|21185263|21176117|21167555|21166657|21161938|21134562|21134544|21131919|21129611|21107323|21107320|21103049|21102438|21102416|21102258|21098728|21076620|21068756|21051183|21049459|21048031|20979647|20975100|20962618|20959481|20955560|20953721|20950194|20947270|20945104|20944096|20881644|20860430|20857202|20853079|20843808|20840674|20838624|20837233|20813562|20807807|20802181|20736745|20720566|20703476|20702649|20689758|20679909|20670148|20652941|20647317|20647301|20645028|20640859|20635392|20631031|20627194|20619739|20616366|20607849|20605766|20591910|20576522|20573852|20571907|20570909|20569675|20563851|20543023|20526288|20519626|20514492|20501689|20501503|20498063|20496269|20495538|20489114|20485284|20478260|20473281|20460314|20454969|20453000|20445557|20444249|20413299|20410389|20407018|20406109|20381121|20379614|20351680|20332228|20305537|20303012|20302979|20300843|20234366|20233436|20230995|20200438|20187782|20186801|20182446|20177422|20162668|20156809|20146801|20141835|20140953|20130576|20118768|20098682|20068231|20068183|20051945|20049644|20044755|20043015|20027224|20023270|20012784|20009493|20008640|19960590|19959686|19958951|19956635|19955937|19935791|19919912|19919630|19917255|19913317|19908233|19903786|19893451|19884556|19884549|19883729|19881948|19880519|19878585|19861964|19861538|19855373|19850689|19829302|19826477|19794125|19765726|19759551|19752400|19745699|19738460|19738388|19735675|19727074|19725049|19724843|19718661|19710016|19710001|19704056|19693938|19690332|19690147|19686742|19682280|19681119|19679059|19679016|19669908|19667985|19667065|19659611|19652585|19644722|19638574|19637313|19633643|19628078|19626635|19624312|19603024|19603018|19584155|19574281|19571821|19571709|19571295|19561230|19551857|19547661|19543740|19534623|19534622|19504446|19498322|19492075|19487299|19483722|19474002|19464601|19461239|19440799|19430562|19424639|19424571|19416762|19415957|19414674|19404918|19404844|19398955|19393416|19389934|19383316|19383313|19378335|19372556|19370505|19369630|19362540|19358278|19355825|19351817|19344998|19342899|19289622|19282104|19276360|19274086|19255327|19240718|19237633|19226609|19208736|19207009|19206169|19200582|19194051|19190129|19190105|19190079|19178815|19164452|19159571|19152441|19147753|19142971|19133693|19127559|19126563|19107232|19098310|19087308|19079609|19064572|19037234|19034577|19033861|19026650|19018267|19016743|19014278|19012001|19003996|19001320|18992635|18987552|18985043|18980976|18974108|18953432|18946221|18945298|18840924|18834226|18832519|18806830|18798261|18794803|18794094|18787396|18782444|18778891|18759827|18757433|18757341|18718023|18716556|18715233|18710471|18697864|18691976|18682506|18676756|18676742|18669866|18669648|18668139|18650848|18636014|18632627|18628967|18628431|18628356|18621636|18615680|18615679|18602919|18594528|18592405|18567582|18532874|18519771|18517279|18509361|18509003|18470905|18458053|18451171|18435933|18434602|18413255|18408659|18402768|18398503|18397470|18383861|18382358|18381570|18375819|18368129|18343945|18337114|18329792|18323787|18310288|18310287|18310286|18287029|18267069|18246127|18235983|18228248|18227705|18226854|18224685|18199160|18172070|18098337|18071315|18070147|18061181|18060073|18045987|18045960|18042262|18032947|18029348|18024410|18008004|18000091|17979178|17972530|17962436|17942568|17940185|17924122|17914558|17911174|17878251|17854396|17786355|17785355|17727338|17721188|17717450|17714762|17704260|17699719|17696195|17693984|17685465|17671688|17663506|17635919|17603482|17566669|17563371|17548320|17542667|17535994|17525723|17520704|17518771|17516929|17507627|17488796|17487504|17487277|17483702|17464312|17454879|17453358|17453004|17440063|17393356|17387744|17380122|17366577|17360030|17355635|17353931|17344846|17318013|17315191|17312306|17309670|17302867|17297294|17270239|17227125|17199737|17195912|17192257|17186541|17179987|17170014|17159915|17148775|17143285|17119447|17119056|17097223|17074813|17060774|17044028|17018604|17001349|16987295|16973828|16964379|16964243|16960555|16959974|16959844|16953233|16946010|16937524|16932278|16924241|16918957|16918136|16912199|16888650|16879389|16858683|16858395|16845322|16810323|16809487|16804544|16803888|16799476|16786134|16773193|16728573|16721785|16691193|16687919|16618717|16601293|16547495|16537381|16487015|16474404|16462768|16452550|16452469|16439621|16424035|16417232|16413100|16397024|16382052|16376942|16373964|16371460|16364920|16361694|16354586|16354196|16268813|16199894|16181547|16181240|16179870|16179867|16174717|16172610|16144912|16143028|16129781|16123397|16098042|16096377|16079850|16024606|16015629|16007203|16007166|15998781|15994075|15980887|15968271|15935100|15904951|15880523|15842051|15824163|15791648|15791479|15782118|15765445|15710605|15705790|15702478|15653554|15632082|15630448|15577314|15538400|15489648|15489334|15488754|15373778|15339934|15331929|15330192|15324660|15313890|15302935|15277467|15273715|15263001|15191558|15186612|15179189|15161933|15161700|15150271|15145515|15140228|15126572|15104286|15077125|15014028|15009715|15009714|15001635|14966563|14961576|14734469|14724583|14722037|14719068|14702039|14695993|14695152|14691295|14688025|14668801|14639609|14618633|14612909|14602780|14534542|14522897|14513361|14507635|14501284|14500344|12970315|12960123|12931219|12917419|12893203|12881714|12879021|12855697|12853948|12824225|12821662|12810628|12778069|12753285|12697856|12690205|12670889|12644542|12620389|12619120|12477932|12464615|12460919|12460918|12447372|12198537|12194967|12138204|12068308|11510412|11410590|11325826|11032810|10931830|10869359|10712923|10205168|9847074|9207797|9069267|8668348|8621729|7731720|7706312|3043188|2284096|1630826|1565476|1508179
https://pharos.nih.gov/idg/targets/Q9Y616,Q9Y616,IRAK3,"Interleukin-1 receptor-associated kinase 3","Inhibits dissociation of IRAK1 and IRAK4 from the Toll-like receptor signaling complex by either inhibiting the phosphorylation of IRAK1 and IRAK4 or stabilizing the receptor complex.",Tchem,"IRAK family",,-1.8663103920471253,Kinase,6334,427,56,43.24,83.98,50.55,27939424|27150039|26309029|25852282|25746953|25595781|25481771|24556642|24074582|23588345|23376919|22886503|22634523|22272346|22154382|22070913|21987497|21903422|21297081|21278795|21098228|20628086|20448286|20438785|20406964|20331378|20237496|19913121|19561104|19453261|19423540|19414798|19372141|19369195|19264973|19114913|19013233|18987746|18354163|18156187|17982103|17558906|17503328|17379480|17344846|16541075|16437636|16432636|16344560|15728517|15489334|15342556|14702039|14592437|12721283|12477932|12150927|12054681|10383454
https://pharos.nih.gov/idg/targets/Q13546,Q13546,RIPK1,"Receptor-interacting serine/threonine-protein kinase 1","Serine-threonine kinase which transduces inflammatory and cell-death signals (programmed necrosis) following death receptors ligation, activation of pathogen recognition receptors (PRRs), and DNA damage. Upon activation of TNFR1 by the TNF-alpha family cytokines, TRADD and TRAF2 are recruited to the receptor. Phosphorylates DAB2IP at 'Ser-728' in a TNF-alpha-dependent manner, and thereby activates the MAP3K5-JNK apoptotic cascade. Ubiquitination by TRAF2 via 'Lys-63'-link chains acts as a critical enhancer of communication with downstream signal transducers in the mitogen-activated protein kinase pathway and the NF-kappa-B pathway, which in turn mediate downstream events including the activation of genes encoding inflammatory molecules. Polyubiquitinated protein binds to IKBKG/NEMO, the regulatory subunit of the IKK complex, a critical event for NF-kappa-B activation. Interaction with other cellular RHIM-containing adapters initiates gene activation and cell death. RIPK1 and RIPK3 association, in particular, forms a necrosis-inducing complex.",Tchem,"RIPK family",,-2.339913726644165,Kinase,20387,375,222,47.94,211.84,481.92,28871172|28659487|28570668|28498503|28453927|28292463|28270653|28159673|28087739|28017612|27831558|27748372|27738385|27699664|27493188|27476169|27362805|27129772|27041566|27035122|26992898|26865533|26749282|26575016|26559832|26522725|26496737|26460489|26313915|26297639|26195820|26086143|26018731|25939870|25911380|25910754|25908842|25880091|25817730|25766324|25754842|25736436|25724678|25697054|25674983|25583602|25575821|25476903|25459879|25416956|25402006|25326752|25277242|25096578|24980648|24902904|24839885|24832602|24821786|24762656|24583643|24425875|24398693|24361886|24314238|24275569|24079414|24059293|24025841|23955153|23840441|23770847|23545938|23473668|23313255|23186163|23104095|23071110|23051914|22939624|22927431|22922561|22891283|22858542|22848449|22837689|22817896|22685397|22674009|22659130|22580278|22362767|22274400|22265414|22265413|22179575|22173242|22028622|21931591|21903422|21887730|21810480|21737330|21613257|21606198|21576359|21525013|21460625|21458669|21455173|21419663|21383699|21282461|21269460|21266470|21148036|21113135|21048031|20825417|20805296|20628086|20567846|20550618|20413098|20354226|20056645|19913121|19910467|19890662|19781631|19778795|19773279|19641134|19632771|19629486|19590578|19573080|19524513|19524512|19453261|19336552|19219602|19151112|19060883|18990758|18941233|18813792|18669648|18635966|18621737|18570872|18485876|18450748|18450452|18442983|18408713|18178551|18067272|18029348|18029035|18022363|17996648|17979836|17951993|17638906|17449468|17448597|17389591|17344846|17306544|17301840|17296724|17235653|17047155|16825191|16611992|16603398|16543241|16507998|16291755|16260783|16127453|16115877|15814722|15572679|15489334|15342556|15276183|15258597|15144186|15121855|15064760|15001576|14754897|14743216|14702039|14653779|14644197|14574404|14532286|12887920|12884866|12761501|12692549|12477932|11854271|11734559|11479302|11429546|11369754|11116146|11101870|11002422|11002417|10880512|10837247|10744744|10521396|10409763|10358032|10356400|10339433|9927690|9740801|9430227|9044836|8985253|8889548|8702708|8612133|7758105|7538908
https://pharos.nih.gov/idg/targets/Q9NWZ3,Q9NWZ3,IRAK4,"Interleukin-1 receptor-associated kinase 4","Serine/threonine-protein kinase that plays a critical role in initiating innate immune response against foreign pathogens. Involved in Toll-like receptor (TLR) and IL-1R signaling pathways (PubMed:17878374). Is rapidly recruited by MYD88 to the receptor-signaling complex upon TLR activation to form the Myddosome together with IRAK2. Phosphorylates initially IRAK1, thus stimulating the kinase activity and intensive autophosphorylation of IRAK1. Phosphorylates E3 ubiquitin ligases Pellino proteins (PELI1, PELI2 and PELI3) to promote pellino-mediated polyubiquitination of IRAK1. Then, the ubiquitin-binding domain of IKBKG/NEMO binds to polyubiquitinated IRAK1 bringing together the IRAK1-MAP3K7/TAK1-TRAF6 complex and the NEMO-IKKA-IKKB complex. In turn, MAP3K7/TAK1 activates IKKs (CHUK/IKKA and IKBKB/IKKB) leading to NF-kappa-B nuclear translocation and activation. Alternatively, phosphorylates TIRAP to promote its ubiquitination and subsequent degradation. Phosphorylates NCF1 and regulates NADPH oxidase activation after LPS stimulation suggesting a similar mechanism during microbial infections.",Tchem,"IRAK family",,-2.2882003606374317,Kinase,19575,610,116,48.24,202.19,133.07,29088270|28924041|28512203|27888910|27869651|27840174|27062898|26871637|26698383|26472314|26075815|25922567|25910212|25886387|25707370|25479567|25344726|25320238|25201411|24690905|24567333|24316379|23595970|23591012|23519847|23376919|23264652|23255009|23186163|23100432|23041547|23027530|23002119|22932140|22814378|22610502|22606974|22158417|22059479|21903422|21738793|21576904|21325272|21269878|21269460|21220427|21205819|21166654|21160042|21057262|20966070|20628086|20621347|20588308|20503287|20485341|20448286|20438785|20406964|20400509|20105294|20104875|20068231|20056178|19913121|19898481|19703016|19690332|19663824|19608861|19592493|19505919|19423540|19264966|19258923|19254290|19181383|19120481|19074885|19006693|18987746|18691976|18669648|18503546|18438411|18174872|18079163|18029348|17997719|17917042|17893200|17878374|17703412|17675297|17548806|17507369|17344846|17337443|17312103|17217339|17161373|17141195|17046325|16951688|16950813|16907704|16541075|16537705|16344560|16286016|16286015|16024789|15905496|15825022|15489334|15292196|15276183|15084582|14702039|14625308|12925671|12860405|12721283|12637671|12538665|12496252|12477932|12297423|11960013|11923871|10854325|10508479|3772297
https://pharos.nih.gov/idg/targets/Q13705,Q13705,ACVR2B,"Activin receptor type-2B","Transmembrane serine/threonine kinase activin type-2 receptor forming an activin receptor complex with activin type-1 serine/threonine kinase receptors (ACVR1, ACVR1B or ACVR1c). Transduces the activin signal from the cell surface to the cytoplasm and is thus regulating many physiological and pathological processes including neuronal differentiation and neuronal survival, hair follicle development and cycling, FSH production by the pituitary gland, wound healing, extracellular matrix production, immunosuppression and carcinogenesis. Activin is also thought to have a paracrine or autocrine role in follicular development in the ovary. Within the receptor complex, the type-2 receptors act as a primary activin receptors (binds activin-A/INHBA, activin-B/INHBB as well as inhibin-A/INHA-INHBA). The type-1 receptors like ACVR1B act as downstream transducers of activin signals. Activin binds to type-2 receptor at the plasma membrane and activates its serine-threonine kinase. The activated receptor type-2 then phosphorylates and activates the type-1 receptor. Once activated, the type-1 receptor binds and phosphorylates the SMAD proteins SMAD2 and SMAD3, on serine residues of the C-terminal tail. Soon after their association with the activin receptor and subsequent phosphorylation, SMAD2 and SMAD3 are released into the cytoplasm where they interact with the common partner SMAD4. This SMAD complex translocates into the nucleus where it mediates activin-induced transcription. Inhibitory SMAD7, which is recruited to ACVR1B through FKBP1A, can prevent the association of SMAD2 and SMAD3 with the activin receptor complex, thereby blocking the activin signal. Activin signal transduction is also antagonized by the binding to the receptor of inhibin-B via the IGSF1 inhibin coreceptor.",Tchem,"STKR Type 2 subfamily","protein kinase",-2.1432137309657198,Kinase,65695,303,57,38.74,122.91,60.18,27696331|26848890|26289399|26086422|26047946|25203845|25051287|24850809|24019467|23829672|22718755|22431721|22395277|22296042|21864452|21353874|20734064|20466801|20424473|19903896|19453261|18436533|18326817|17893364|17356069|17347381|17344846|15621726|15489334|15451561|15342556|15123686|14738881|14517293|12941698|12782414|12651901|12493773|12477932|11969340|11882656|11459935|11306176|11279102|11278302|11266516|10766733|10702675|10391213|10212081|9916847|9872992|9748228|9621519|9202237|8721982|8702914|8622651|8612709|8161782
https://pharos.nih.gov/idg/targets/P37173,P37173,TGFBR2,"TGF-beta receptor type-2","Transmembrane serine/threonine kinase forming with the TGF-beta type I serine/threonine kinase receptor, TGFBR1, the non-promiscuous receptor for the TGF-beta cytokines TGFB1, TGFB2 and TGFB3. Transduces the TGFB1, TGFB2 and TGFB3 signal from the cell surface to the cytoplasm and is thus regulating a plethora of physiological and pathological processes including cell cycle arrest in epithelial and hematopoietic cells, control of mesenchymal cell proliferation and differentiation, wound healing, extracellular matrix production, immunosuppression and carcinogenesis. The formation of the receptor complex composed of 2 TGFBR1 and 2 TGFBR2 molecules symmetrically bound to the cytokine dimer results in the phosphorylation and the activation of TGFRB1 by the constitutively active TGFBR2. Activated TGFBR1 phosphorylates SMAD2 which dissociates from the receptor and interacts with SMAD4. The SMAD2-SMAD4 complex is subsequently translocated to the nucleus where it modulates the transcription of the TGF-beta-regulated genes. This constitutes the canonical SMAD-dependent TGF-beta signaling cascade. Also involved in non-canonical, SMAD-independent TGF-beta signaling pathways.",Tchem,"STKR Type 2 subfamily","protein kinase",-2.841203430425432,Kinase,16731,548,438,63.80,665.12,615.96,28987542|28679693|28633389|28633253|28472799|28420207|28376875|28344185|28209612|28184932|28182693|27879313|27853171|27835699|27770373|27763636|27756824|27696331|27527810|27445263|27401208|27344285|27304191|27234600|27156840|27139629|27120811|27098600|27048361|27017362|27017342|26871637|26867007|26858153|26823785|26780887|26670566|26652004|26572508|26551005|26542979|26511382|26505114|26498065|26459119|26356817|26301661|26252213|26169464|26168957|26115412|26114631|26078295|26073093|26037400|26022443|26017485|25928368|25893292|25882708|25849327|25833830|25826292|25736321|25631750|25617554|25551793|25542272|25501507|25472963|25443138|25374194|25323858|25315765|25234828|25233932|25222187|25169976|25117820|24973511|24846200|24793577|24687999|24606633|24597762|24550076|24443223|24344637|24336330|24284203|24279395|24275569|24263861|24243761|24151081|24141771|24093773|24037531|24034922|23970096|23951322|23913824|23899993|23883197|23793025|23750746|23734265|23726841|23690952|23548068|23535729|23454766|23395552|23312833|23290524|23248962|23228659|23220853|23186163|23178117|23157888|23099432|22972928|22912877|22848678|22739178|22734312|22684895|22683712|22672900|22651914|22617150|22585622|22571197|22539603|22431140|22425785|22399565|22391627|22314103|22310065|22290546|22278155|22259224|22113417|22095581|22093616|22072622|22028617|21978186|21949851|21949523|21924348|21855067|21815248|21789464|21785915|21757750|21737283|21725601|21701930|21666718|21609163|21454688|21441952|21423151|21358634|21352603|21324918|21295082|21270064|21249319|21172820|21170488|21131601|21098638|21054789|20878063|20864512|20860622|20856203|20840324|20805453|20734064|20701609|20662850|20634891|20628086|20628007|20621662|20599261|20587546|20565851|20518838|20457266|20428796|20410122|20379614|20374083|20358619|20237496|20207738|20197483|20165854|20160708|20157331|20144264|20139972|20101701|20101206|20079749|20073064|20067791|19996017|19959123|19937272|19916025|19914962|19913121|19888426|19886734|19883511|19737884|19672284|19639654|19626999|19624886|19601999|19578796|19548309|19542084|19538865|19533785|19503063|19453261|19434696|19426152|19424605|19369195|19366699|19356148|19351817|19339270|19336370|19335617|19299629|19293232|19229971|19193655|19161338|19147499|19088080|19020727|19006214|18941508|18829577|18781618|18724388|18721526|18691976|18683732|18648910|18598696|18550062|18546940|18514338|18453574|18398939|18382895|18339844|18334936|18264665|18243111|18202754|18199825|18174230|18097622|18095113|18084123|18053089|18043895|17985359|17950544|17903302|17878231|17875924|17845732|17692120|17680270|17676583|17676485|17653092|17652900|17637743|17634290|17566598|17562261|17560608|17471240|17470566|17456004|17427197|17418587|17365852|17344846|17339425|17330129|17319955|17270239|17194537|17187359|17164348|17146441|17117417|17112860|17107667|17087113|17086361|17081983|16982625|16959974|16928994|16885183|16849474|16835936|16824508|16733295|16673206|16573164|16549496|16530041|16528739|16428382|16388503|16380996|16283890|16251899|16108056|16027248|15976377|15942678|15861007|15856015|15824172|15811425|15761153|15731757|15702480|15647279|15522964|15356634|15350299|15340161|15305380|15235604|15146427|15102771|15017149|15009106|14976186|14760070|14727154|14704634|14702039|14601051|14582709|12970754|12941698|12939140|12915548|12873459|12840808|12825850|12821554|12736050|12729750|12607775|12515396|12479849|12477932|12429842|12421567|12215842|12202987|12174910|12145287|12121646|12077447|12060054|12017275|12015308|12000714|11850637|11820800|11781097|11741970|11483955|11387212|11382746|11323414|11279102|11278302|11278251|11251969|11212236|11163210|11158177|11157754|11100470|10789724|10716993|10508522|10207840|10092230|9927040|9926943|9872992|9865696|9856985|9590282|9472030|9435577|9169454|9155023|9045666|8973329|8947046|8840968|8812462|8774881|8622651|8576253|8555189|8388126|8317497|8242742|8106553|8020936|7959019|7935686|7890683|7852346|7774578|7761852|7632217|7566156|1525823|1333888|1326540|1319842|1310899
https://pharos.nih.gov/idg/targets/P37023,P37023,ACVRL1,"Serine/threonine-protein kinase receptor R3","Type I receptor for TGF-beta family ligands BMP9/GDF2 and BMP10 and important regulator of normal blood vessel development. On ligand binding, forms a receptor complex consisting of two type II and two type I transmembrane serine/threonine kinases. Type II receptors phosphorylate and activate type I receptors which autophosphorylate, then bind and activate SMAD transcriptional regulators. May bind activin as well.",Tchem,"STKR Type 1 subfamily","protein kinase",-2.9837022431853213,Kinase,38459,432,144,43.16,969.84,256.64,28927913|28564608|27528762|27528761|27381467|27316748|27248821|27196063|26897508|26821948|26720610|26677222|26662187|26655846|26176610|25970827|25847705|25799559|25466244|25279424|24936649|24323303|24319055|24305026|24189493|23919827|23868260|23707512|23460919|23447486|23263486|23124896|23048070|22799562|22718755|22677372|22632830|22493445|22391627|22277251|22233626|22087763|22028876|22013081|21967607|21546842|21212415|21158752|20734064|20628086|20587022|20501893|20424473|20414677|20406889|20346360|20124460|20065063|20056902|19913121|19903896|19592636|19508727|19506300|19494318|19366699|19357124|19270816|19051722|18974388|18972447|18949376|18855162|18829861|18673552|18607909|18543223|18498373|18333754|18312453|18309101|18285823|18187665|18159113|18065769|18029348|17786384|17620321|17388964|17311849|17224686|17219009|17068149|16941203|16861286|16785228|16776339|16752392|16705692|16542389|16541075|16540754|16525724|16470589|16429404|16179574|16049014|15951295|15880681|15712271|15712270|15702480|15687131|15611116|15517393|15489334|15024723|14702039|14684682|14580334|12920067|12477932|12453878|12393874|12114496|12065756|11484689|11356828|11279102|11278302|11266516|11170071|10767348|10716993|10694922|10187774|9651680|9245985|8928814|8717052|8640225|8397373|8242742
https://pharos.nih.gov/idg/targets/Q13418,Q13418,ILK,"Integrin-linked protein kinase","Receptor-proximal protein kinase regulating integrin-mediated signal transduction (PubMed:8538749, PubMed:9736715). May act as a mediator of inside-out integrin signaling. Focal adhesion protein part of the complex ILK-PINCH. This complex is considered to be one of the convergence points of integrin- and growth factor-signaling pathway. Could be implicated in mediating cell architecture, adhesion to integrin substrates and anchorage-dependent growth in epithelial cells. Phosphorylates beta-1 and beta-3 integrin subunit on serine and threonine residues, but also AKT1 and GSK3B (PubMed:8538749, PubMed:9736715).",Tchem,"ILK subfamily",,-2.7545046056053426,Kinase,37703,608,263,49.19,679.07,387.20,28546219|28522687|28339614|28188308|28138714|28097141|28069177|27683053|27576342|27539661|27503933|27315599|27130230|27111285|27099440|27090767|27034956|26972000|26959113|26887611|26837762|26693891|26616862|26549818|26531674|26496610|26467393|26460618|26210487|26176204|25998224|25964055|25944712|25852190|25805567|25760437|25759370|25738875|25657336|25416956|25398317|25218472|25208486|25160619|24911651|24789658|24590809|24360977|24356468|24299190|24260102|24064223|24045896|24040439|23877428|23863169|23832543|23801886|23784942|23783575|23748822|23747271|23739974|23729269|23707970|23703635|23624332|23455922|23435415|23414517|23382103|23186335|23108908|23065574|23027626|22938462|22814720|22814378|22767580|22763012|22683084|22677169|22666394|22658851|22638656|22616551|22570869|22568984|22490953|22482400|22441983|22345562|22340785|22310280|22223895|22194624|21941415|21939655|21928230|21828040|21778429|21719054|21688303|21680733|21643011|21639857|21621326|21602880|21601006|21553049|21521694|21516116|21423176|21406692|21351095|21347395|21343177|21339732|21278793|21269460|21234586|21196412|21177334|21084641|21035499|20926685|20857141|20838384|20838383|20827300|20725137|20625942|20546345|20495362|20493167|20460506|20305688|20232298|20164304|20117114|20113654|20091050|20018240|20005845|19946888|19885839|19829382|19676046|19633364|19567202|19541809|19489119|19478459|19463178|19409087|19334037|19153670|19147542|19118218|19118217|19117955|19074270|19020711|18823942|18813944|18773488|18727519|18660489|18635968|18505933|18464290|18339839|18327965|18283114|18252715|18214046|18080083|18037995|17974005|17951996|17656471|17646580|17575101|17563721|17553790|17498677|17468516|17420447|17353931|17335036|17298394|17213807|17187779|17143519|17107957|17088456|17003112|16987993|16951248|16936772|16836071|16818815|16799642|16712791|16648553|16611685|16554811|16517730|16421303|16407822|16189514|15905178|15882985|15867245|15802621|15722199|15565145|15489334|15467740|15340074|15313908|15304053|15284246|15073119|15044083|14749128|14702039|14679308|14555513|14551191|12960424|12925691|12884912|12778079|12771992|12686550|12670870|12665801|12654898|12642872|12629168|12477932|12432066|12372433|12176337|12167643|12164932|12152651|12060675|12020826|12020426|11931630|11724787|11696434|11694518|11546794|11445557|11402068|11331582|11331308|11313365|11304546|11278835|11078733|10871859|10712922|10637513|10022929|9737788|9736715|9366252|9177792|8538749
https://pharos.nih.gov/idg/targets/P53667,P53667,LIMK1,"LIM domain kinase 1","Serine/threonine-protein kinase that plays an essential role in the regulation of actin filament dynamics. Acts downstream of several Rho family GTPase signal transduction pathways. Activated by upstream kinases including ROCK1, PAK1 and PAK4, which phosphorylate LIMK1 on a threonine residue located in its activation loop. LIMK1 subsequently phosphorylates and inactivates the actin binding/depolymerizing factors cofilin-1/CFL1, cofilin-2/CFL2 and destrin/DSTN, thereby preventing the cleavage of filamentous actin (F-actin), and stabilizing the actin cytoskeleton. In this way LIMK1 regulates several actin-dependent biological processes including cell motility, cell cycle progression, and differentiation. Phosphorylates TPPP on serine residues, thereby promoting microtubule disassembly. Stimulates axonal outgrowth and may be involved in brain development. Isoform 3 has a dominant negative effect on actin cytoskeletal changes. Required for atypical chemokine receptor ACKR2-induced phosphorylation of cofilin (CFL1).",Tchem,"LIMK subfamily",,-2.2891940665937818,Kinase,6149,664,108,50.17,187.72,148.63,27665963|27273096|27178114|27153537|27116935|25981171|25884247|25661344|25529997|25359780|25344584|25307528|25190487|25107909|25019203|24858712|24696479|24390089|24063279|24039253|23702034|23700283|23633677|23620575|23338717|23239465|23186163|23167938|23086941|22906279|22886629|22883572|22715593|22214762|21923909|21868383|21682918|21321123|21228795|21219645|20873970|20694560|20634891|20622363|20347121|20133759|20100465|20061392|20047470|19778628|19734939|19662944|19424295|19413330|19369195|19056482|18978953|18691976|18669648|18566305|18424072|18096821|18079118|18029348|18028908|18000399|17853892|17512523|17500066|17344846|17294230|17287949|17188549|16837009|16763828|16641196|16611674|16456544|16455074|16381000|16230460|16204183|16192283|15897190|15660133|15220930|15189451|15023529|14759258|14702039|14530263|12963706|12853948|12821664|12807904|12777619|12684437|12361576|12323073|11925442|11832213|11418599|11413130|11340065|11003705|10652353|10559936|10436159|10431247|10428028|10196227|9685409|9655398|8980133|8940095|8824278|8812460|8689688|8673124|8537403|8183554
https://pharos.nih.gov/idg/targets/Q8IVT5,Q8IVT5,KSR1,"Kinase suppressor of Ras 1","Scaffolding protein that is part of a multiprotein signaling complex. Promotes phosphorylation of Raf family members and activation of downstream MAP kinases. Promotes activation of MAPK1 and/or MAPK3, both in response to EGF and to cAMP. Does not have kinase activity by itself.",Tbio,"RAF family",,-1.7217843429282453,Kinase,,305,42,43.52,62.28,100.74,28003362|27195677|27086506|26673620|26549023|25962735|25608512|25287073|25002533|24909178|24129246|24095280|23416464|23250398|23186163|23128233|22752157|22572157|21829671|21555152|21435442|21406692|21269460|21102438|20945381|20679487|20379614|19946888|19718030|19690332|19369195|19188442|18719367|18669648|18426801|18332145|18220336|18088087|17344846|17081983|16732322|16625196|15899786|15520853|15489334|14724641|14702039|12477932|12007434|11909642|10764733|10409742|8521512
https://pharos.nih.gov/idg/targets/P51617,P51617,IRAK1,"Interleukin-1 receptor-associated kinase 1","Serine/threonine-protein kinase that plays a critical role in initiating innate immune response against foreign pathogens. Involved in Toll-like receptor (TLR) and IL-1R signaling pathways. Is rapidly recruited by MYD88 to the receptor-signaling complex upon TLR activation. Association with MYD88 leads to IRAK1 phosphorylation by IRAK4 and subsequent autophosphorylation and kinase activation. Phosphorylates E3 ubiquitin ligases Pellino proteins (PELI1, PELI2 and PELI3) to promote pellino-mediated polyubiquitination of IRAK1. Then, the ubiquitin-binding domain of IKBKG/NEMO binds to polyubiquitinated IRAK1 bringing together the IRAK1-MAP3K7/TAK1-TRAF6 complex and the NEMO-IKKA-IKKB complex. In turn, MAP3K7/TAK1 activates IKKs (CHUK/IKKA and IKBKB/IKKB) leading to NF-kappa-B nuclear translocation and activation. Alternatively, phosphorylates TIRAP to promote its ubiquitination and subsequent degradation. Phosphorylates the interferon regulatory factor 7 (IRF7) to induce its activation and translocation to the nucleus, resulting in transcriptional activation of type I IFN genes, which drive the cell in an antiviral state. When sumoylated, translocates to the nucleus and phosphorylates STAT3.",Tchem,"IRAK family",,-2.5880706750324816,Kinase,10866,804,189,52.46,348.84,242.31,28882891|28659487|28512203|28436939|28271077|28207326|27790836|27619757|27533309|27497395|27454822|27338330|27270491|26527316|26503059|26320741|26151128|26142671|26075815|25955717|25922567|25550857|25505246|25458699|25341731|25294684|25269878|25203887|24857403|24709033|24690905|24469975|24390342|24302991|23867959|23794009|23633945|23444193|23435933|23428850|23396947|23383610|23233309|23186163|23041547|23018031|22904263|22896623|22851693|22759955|22451023|22158417|22059479|22037600|22033459|22033216|21933552|21903422|21898345|21804018|21743479|21708940|21640790|21537341|21269460|21220427|21160042|20937840|20890200|20870441|20628086|20619458|20542134|20500689|20463618|20448286|20400509|20092701|20056178|20044140|19948975|19913121|19838195|19716405|19675569|19505919|19453261|19329491|19288030|19282863|19264973|19264966|19181383|19166933|19166926|19104650|19081057|19025640|19022706|18987746|18691976|18669648|18566305|18474871|18411265|18347055|18276832|18079163|18070982|18050247|17997719|17920759|17905570|17890055|17878161|17785851|17675297|17567694|17548806|17382928|17344846|17276401|17053167|16997282|16951688|16907704|16884718|16831874|16690127|16537705|16528020|16477006|16381901|16286016|16203735|16107720|16094384|16052631|16024789|15829295|15772651|15767370|15691841|15647277|15523691|15489336|15489334|15465816|15276183|15084582|15069085|14752294|14684752|14625308|12925853|12874243|12860405|12856330|12724322|12721283|12619925|12566447|12538665|12496252|12477932|12391239|12370331|12242293|12138165|12054681|12034707|11976320|11960013|11953430|11937546|11828002|11744690|11701612|11518704|11397809|11287640|11244088|11096118|11076863|10899313|10854325|10723722|10465784|10395695|10395652|10383454|10191251|10022904|9918122|9915784|9625770|9575168|9430229|9374458|9371760|9252186|8837778|8599092
https://pharos.nih.gov/idg/targets/Q8NER5,Q8NER5,ACVR1C,"Activin receptor type-1C","Serine/threonine protein kinase which forms a receptor complex on ligand binding. The receptor complex consisting of 2 type II and 2 type I transmembrane serine/threonine kinases. Type II receptors phosphorylate and activate type I receptors which autophosphorylate, then bind and activate SMAD transcriptional regulators, SMAD2 and SMAD3. Receptor for activin AB, activin B and NODAL. Plays a role in cell differentiation, growth arrest and apoptosis.",Tbio,"STKR Type 1 subfamily","protein kinase",-1.5343154781767128,Kinase,8995,303,23,33.75,40.47,29.40,26406402|26289399|23793810|23765385|22086737|21805089|21356369|20734064|19275893|18951876|18784254|18480259|17344846|16603637|15815621|15531507|15489334|15196700|15150278|15107418|12606401|12477932|12063393|11485994
https://pharos.nih.gov/idg/targets/P10398,P10398,ARAF,"Serine/threonine-protein kinase A-Raf","Isoform 2: Serves as a positive regulator of myogenic differentiation by inducing cell cycle arrest, the expression of myogenin and other muscle-specific proteins, and myotube formation.",Tchem,"RAF family",,-2.4661517117086587,Kinase,15436,465,63,44.68,277.62,103.85,26891695|26871637|26508523|25852190|25674762|25608663|25241761|25097033|25036637|24746704|24652991|24441586|24275569|24114843|23591895|23352452|23186163|22939624|22926515|22609986|21988832|21903422|21406692|21269460|20936779|20145135|20130576|20068231|20052757|19933840|19690332|19667065|18691976|18669648|18662992|18220336|17979178|17603482|17535970|17353931|17344846|17081983|16980614|16964243|16344560|16189514|15778465|15772651|15763428|15736953|15489334|15324660|14688025|14684750|12620389|12477932|11952167|11909642|11812000|10967104|10848612|9110174|9042965|8621729|8619474|8394352|8157000|8020955|7731720|3529082|3029685|2717185|1262038
https://pharos.nih.gov/idg/targets/P36897,P36897,TGFBR1,"TGF-beta receptor type-1","Transmembrane serine/threonine kinase forming with the TGF-beta type II serine/threonine kinase receptor, TGFBR2, the non-promiscuous receptor for the TGF-beta cytokines TGFB1, TGFB2 and TGFB3. Transduces the TGFB1, TGFB2 and TGFB3 signal from the cell surface to the cytoplasm and is thus regulating a plethora of physiological and pathological processes including cell cycle arrest in epithelial and hematopoietic cells, control of mesenchymal cell proliferation and differentiation, wound healing, extracellular matrix production, immunosuppression and carcinogenesis. The formation of the receptor complex composed of 2 TGFBR1 and 2 TGFBR2 molecules symmetrically bound to the cytokine dimer results in the phosphorylation and the activation of TGFBR1 by the constitutively active TGFBR2. Activated TGFBR1 phosphorylates SMAD2 which dissociates from the receptor and interacts with SMAD4. The SMAD2-SMAD4 complex is subsequently translocated to the nucleus where it modulates the transcription of the TGF-beta-regulated genes. This constitutes the canonical SMAD-dependent TGF-beta signaling cascade. Also involved in non-canonical, SMAD-independent TGF-beta signaling pathways. For instance, TGFBR1 induces TRAF6 autoubiquitination which in turn results in MAP3K7 ubiquitination and activation to trigger apoptosis. Also regulates epithelial to mesenchymal transition through a SMAD-independent signaling pathway through PARD6A phosphorylation and activation.",Tchem,"STKR Type 1 subfamily","protein kinase",-2.947467650297238,Kinase,30289,413,392,58.68,847.94,479.94,28815607|28633389|28632033|28625921|28574613|28522256|28489883|28146434|27885255|27879313|27543359|27527810|27445263|27248167|27234654|27171242|27162619|27112580|27105506|27048361|26872091|26766164|26720610|26652004|26620926|26616150|26583432|26583147|26548632|26542979|26472812|26357964|26187313|26165686|26152726|26150340|26074400|26037400|25998683|25893292|25882708|25826292|25715477|25502482|25273091|25173755|25169976|25134534|25110237|24981199|24978044|24954139|24939309|24880985|24860093|24816588|24793577|24771066|24747516|24658140|24558198|24512448|24399296|24367547|24347165|24344637|24344132|24333532|24279395|24263861|24243761|23899993|23874384|23832740|23734265|23624079|23548068|23455636|23358096|23349840|23166821|23064961|22911926|22905183|22848678|22803051|22773947|22739178|22706160|22651914|22617150|22532183|22496417|22473997|22414221|22344298|22314103|22292045|22290546|22278155|22136666|22113417|22100658|22096025|22088447|22087763|22078045|22015652|22006998|21978186|21962132|21924348|21858550|21821041|21815248|21785915|21751154|21677877|21629263|21539622|21478266|21441952|21429769|21423151|21358634|21304536|21295082|21225232|21224855|21172820|21170488|21127043|21068203|21030067|20924066|20856203|20734064|20705955|20663871|20662850|20634891|20628086|20599261|20587546|20571025|20538960|20503287|20500843|20458730|20453000|20445748|20437058|20429896|20428796|20427239|20403997|20379614|20368424|20354825|20207738|20101206|20101143|20086175|20052600|19998449|19936899|19930569|19916025|19913121|19908237|19883511|19882361|19863607|19736306|19732720|19711426|19692168|19690145|19688145|19672284|19639654|19639490|19626999|19625176|19608716|19601999|19595713|19592635|19586667|19542084|19538729|19509225|19506300|19505916|19494318|19453261|19426152|19401691|19390964|19375841|19369195|19336370|19299629|19299112|19293232|19258923|19255252|19229971|19214138|19170196|19147499|19116361|19036501|19012493|19004027|18987736|18978678|18974388|18925687|18781618|18778720|18758450|18721526|18711258|18703712|18683732|18676680|18625725|18550062|18546940|18541723|18474728|18469808|18456797|18421475|18333754|18316594|18252868|18243111|18223258|18202754|18174246|18174230|18097622|18095342|17936924|17890272|17878231|17848956|17848193|17845732|17705854|17703412|17657819|17652900|17649947|17607123|17575241|17507611|17365852|17344846|17319955|17314099|17238135|17203972|17099224|17087113|17072348|16998703|16980081|16950395|16947635|16928994|16857807|16835936|16806156|16791849|16754747|16596670|16528739|16428477|16407286|16314481|16289162|16170343|15961557|15955593|15938776|15863158|15860866|15833881|15761153|15761148|15731757|15702480|15661740|15599934|15546867|15505640|15498571|15496141|15489334|15465036|15459392|15385056|15382067|15356634|15317461|15305380|15247277|15178549|15177479|15164053|15155736|15146427|15102771|15009106|14722617|14718519|14704634|14702039|14633705|14597484|14580334|14517293|12947057|12941698|12873459|12607775|12477932|12446693|12429842|12358857|12202987|12151385|12145287|12082094|12065756|12060054|12017275|12015308|12000714|11867510|11850637|11820800|11746979|11583628|11438668|11420127|11387212|11356828|11279102|11278302|11278251|11163210|11157754|11102446|11100470|10085121|10025408|9892009|9865696|9856985|9774674|9759503|9748228|9661882|9545258|9525694|9472030|9439661|9435577|9417915|9389648|9346908|9346894|9335505|9311995|9233797|9215638|9136927|9045666|8980228|8774881|8752209|8622651|8576253|8555189|8530343|8530052|8521960|8242743|8235612|7890683|7774578|7518616|1333888|1326540|1319842
https://pharos.nih.gov/idg/targets/Q5S007,Q5S007,LRRK2,"Leucine-rich repeat serine/threonine-protein kinase 2","Positively regulates autophagy through a calcium-dependent activation of the CaMKK/AMPK signaling pathway. The process involves activation of nicotinic acid adenine dinucleotide phosphate (NAADP) receptors, increase in lysosomal pH, and calcium release from lysosomes. Together with RAB29, plays a role in the retrograde trafficking pathway for recycling proteins, such as mannose 6 phosphate receptor (M6PR), between lysosomes and the Golgi apparatus in a retromer-dependent manner. Regulates neuronal process morphology in the intact central nervous system (CNS). Plays a role in synaptic vesicle trafficking. Phosphorylates PRDX3. Has GTPase activity. May play a role in the phosphorylation of proteins central to Parkinson disease.",Tchem,"LRRK family",,-3.0719935484515744,Kinase,36126,740,767,47.04,1241.37,1294.44,28723952|28679601|28647363|28582422|28453723|28406934|28321439|28320779|28202711|28202680|28202674|28202670|28202669|28202668|28202667|28202666|28202665|28202664|28158614|28131193|28102045|28099919|28071824|27913672|27913671|27913670|27913669|27913668|27884177|27863501|27839916|27832104|27830463|27814993|27812199|27798102|27794539|27777137|27709685|27699718|27692902|27653520|27631370|27613114|27449028|27430880|27423549|27399248|27384489|27357661|27314038|27273569|27220776|27133195|27111571|27093107|27091104|27063942|27041685|27023913|27013965|27004687|26985725|26965688|26947123|26930193|26917005|26894577|26865512|26844546|26824392|26747879|26744328|26687033|26686514|26675812|26651604|26600626|26536050|26519280|26468079|26403521|26384650|26375402|26366513|26365310|26355680|26346174|26311745|26310572|26306001|26268663|26268594|26234753|26213354|26177462|26159606|26123485|26062626|26056228|26014385|26011561|26009181|25962553|25952961|25939886|25926623|25899316|25888648|25842821|25840672|25830304|25821816|25809001|25804954|25786808|25761573|25731749|25703537|25650144|25648416|25642632|25605758|25521227|25511328|25501810|25500533|25487881|25446991|25434972|25427558|25416817|25401981|25401511|25394383|25378673|25360523|25353650|25316291|25301747|25243190|25228699|25201882|25174890|25127457|25107341|25080504|25064009|25062988|25048644|25027012|25017139|25009464|25008396|25000966|24997548|24973808|24957201|24947832|24942733|24916379|24904275|24903616|24863511|24849765|24842889|24836358|24830390|24816003|24794857|24788225|24777780|24758914|24754922|24729340|24725412|24695735|24687852|24652679|24633735|24631561|24591621|24576675|24559644|24510904|24482120|24470158|24464040|24459295|24403142|24398085|24375786|24360742|24357540|24351927|24339985|24326068|24282027|24275654|24275569|24262189|24252804|24251413|24243757|24211199|24167564|24165324|24148854|24123150|24115276|24113872|24095219|24080176|24046064|24040382|24018986|24015287|24014121|23967090|23963289|23949442|23938341|23937295|23937259|23932063|23924436|23916833|23913756|23895867|23886663|23842774|23824357|23820587|23813973|23776530|23771111|23764467|23726462|23664753|23628791|23624603|23588498|23531835|23507417|23472874|23455607|23421816|23395371|23389884|23379419|23357204|23325906|23318930|23300640|23268655|23251661|23250886|23241745|23241358|23227859|23220480|23183827|23182315|23128233|23125283|23115130|23082216|23075850|23074843|23055502|22998870|22988882|22988880|22988879|22988878|22988877|22988876|22988875|22988874|22988873|22988872|22988870|22988868|22988867|22988866|22988865|22988863|22988862|22988861|22981185|22956510|22952710|22952686|22914834|22914360|22899650|22842796|22807999|22773119|22764206|22736029|22703868|22689969|22684232|22669510|22664934|22658533|22652643|22639965|22612223|22607035|22594666|22575234|22575062|22567899|22534020|22528366|22525366|22503729|22488887|22486164|22445250|22441981|22438815|22436655|22433811|22423108|22418733|22415848|22393539|22363216|22357653|22342962|22323743|22315971|22303461|22302802|22253261|22251894|22243833|22228096|22204929|22166428|22162019|22080837|22077787|22056842|22047502|22038903|22012985|22004453|21989859|21983832|21972245|21961647|21954089|21924942|21922152|21898123|21885347|21858031|21857923|21850687|21842440|21816655|21806997|21799870|21796139|21753163|21753159|21749573|21738687|21738487|21720016|21714003|21699405|21698001|21696411|21679126|21676337|21661047|21658387|21641848|21641266|21632271|21611983|21611978|21563316|21552986|21538529|21494637|21483109|21454543|21449009|21406209|21370995|21362567|21353620|21312285|21307259|21292315|21280089|21248752|21238487|21234781|21221623|21220347|21168496|21167764|21159966|21159540|21115957|21102463|21088684|21073465|21072187|21060682|21048939|20969957|20949042|20939082|20933457|20921534|20881132|20850369|20818658|20818610|20729864|20727385|20722494|20721916|20721913|20721910|20720502|20711177|20697102|20673920|20671708|20669305|20669299|20659558|20642453|20629711|20626563|20595391|20571044|20544233|20515039|20506312|20483373|20473834|20443975|20413974|20386743|20382224|20379614|20232069|20197701|20197411|20186690|20182943|20173330|20144646|20108944|20096956|20090955|20074637|20067578|20018961|20018409|20008657|20004703|20001906|19945904|19915576|19915575|19912990|19890007|19879329|19878656|19854095|19847307|19833102|19826009|19824698|19822953|19804413|19800393|19770575|19769964|19760754|19756366|19741132|19735093|19733152|19726410|19714762|19712061|19699188|19692353|19680143|19672984|19640926|19640773|19625511|19625296|19576176|19570025|19559761|19545277|19538213|19536328|19535993|19527940|19513331|19489756|19473361|19472409|19458969|19412725|19405094|19397894|19357115|19353692|19343804|19330201|19308469|19302196|19283415|19224617|19205068|19204172|19196961|19176810|19172321|19076219|19065525|19056867|19041274|19029519|19025767|19021752|19020907|19006185|18986508|18981379|18980856|18973807|18973254|18952485|18936941|18927607|18923807|18848304|18809839|18805725|18804399|18781329|18752982|18718805|18716801|18704525|18701920|18675914|18666856|18665323|18644660|18634852|18621566|18617409|18602856|18587394|18556235|18544747|18541113|18539535|18539534|18523869|18523722|18486522|18484993|18464276|18450497|18445495|18435766|18434642|18412265|18397888|18379513|18378882|18367605|18353371|18338801|18337586|18322396|18322385|18316234|18272292|18265005|18230735|18214993|18213618|18211709|18201824|18201193|18197194|18182054|18098275|18097693|18097165|18045479|17999435|17978862|17974005|17971075|17960808|17938369|17914064|17880562|17868389|17846883|17804834|17803033|17803032|17720280|17706965|17659642|17639429|17625107|17622782|17614198|17611037|17596714|17584768|17540608|17523199|17512502|17482357|17470139|17469194|17447891|17442267|17440812|17433753|17427941|17419834|17409193|17400507|17395370|17394548|17388990|17385669|17377919|17353388|17352347|17344846|17341485|17335904|17324517|17314670|17260967|17253937|17235449|17230458|17225181|17222580|17222106|17216639|17215492|17200152|17187665|17179858|17160203|17151837|17149721|17120249|17116211|17115391|17114044|17097110|17083102|17082220|17080443|17078063|17060595|17052850|17050822|17044089|17020475|17019612|17017534|17017533|16991141|16980962|16966681|16966502|16966501|16966498|16939701|16928343|16865326|16822348|16817197|16781064|16758483|16750929|16750377|16728648|16671078|16643318|16633828|16632201|16622859|16622854|16616379|16614029|16602113|16541075|16533964|16532471|16511860|16467219|16437559|16436782|16436781|16352719|16333314|16321986|16298482|16275903|16272257|16272164|16269541|16269443|16254973|16251215|16250030|16247070|16240353|16172858|16157909|16157908|16157901|16149095|16145815|16115731|16102999|16102903|16087219|16081470|16001413|15955629|15955578|15929036|15925109|15884041|15880653|15852371|15811454|15732108|15726496|15680457|15680456|15680455|15541309|15541308|15146197|14702039|14691730|12477932|12213963
https://pharos.nih.gov/idg/targets/Q59H18,Q59H18,TNNI3K,"Serine/threonine-protein kinase TNNI3K","May play a role in cardiac physiology.",Tchem,"HH498 subfamily",,-1.4233765076472693,Kinase,17275,105,27,22.92,16.04,17.64,28135716|25231870|24925317|24899531|23669352|23563607|23449627|23369981|23236294|23085512|21314842|20935630|20808825|20628086|20569525|19925440|19913121|19359327|18552163|18205602|18029348|17974005|17660584|17344846|16959974|15815621|15489334|12721663|12477932|11329013
https://pharos.nih.gov/idg/targets/Q04771,Q04771,ACVR1,"Activin receptor type-1","On ligand binding, forms a receptor complex consisting of two type II and two type I transmembrane serine/threonine kinases. Type II receptors phosphorylate and activate type I receptors which autophosphorylate, then bind and activate SMAD transcriptional regulators. Receptor for activin. May be involved for left-right pattern formation during embryogenesis (By similarity).",Tchem,"STKR Type 1 subfamily","protein kinase",-2.470714691354038,Kinase,22078,428,114,47.98,290.93,178.93,28733457|28646109|28459464|28075462|27959431|27713089|27565519|27530160|27256111|27182040|26871637|26869672|26776312|26621707|26597752|26133550|26097044|26058333|25271001|25101911|24798338|24705254|24705252|24705251|24705250|24347165|24047559|23918320|23260810|23227223|23169291|23142694|22977237|22971142|22949078|22884369|22748444|22630080|22484487|22408438|21878751|21668474|21617230|21377447|21297076|21248739|20736820|20734064|20716560|20677014|20634197|20577760|20463014|20011542|19996292|19929436|19896889|19796185|19736306|19574343|19543505|19506109|19400542|19369195|19335617|19330033|19300893|19299629|19148527|19085907|19064572|19028479|18952055|18854405|18830232|18684712|18436533|18326817|18292470|18234825|18019378|17572636|17496924|17351709|17344846|16642017|16344560|15761153|15489334|12702211|12651901|12477932|12065756|12032389|11969340|11266516|11069203|10665670|10652350|10631143|10583507|10085121|9884026|9872992|9748228|9501322|9267036|9136927|8702914|8622651|8612709|8599089|8397373|8389764|8248234|8242742|8006002
https://pharos.nih.gov/idg/targets/P04049,P04049,RAF1,"RAF proto-oncogene serine/threonine-protein kinase","Serine/threonine-protein kinase that acts as a regulatory link between the membrane-associated Ras GTPases and the MAPK/ERK cascade, and this critical regulatory link functions as a switch determining cell fate decisions including proliferation, differentiation, apoptosis, survival and oncogenic transformation. RAF1 activation initiates a mitogen-activated protein kinase (MAPK) cascade that comprises a sequential phosphorylation of the dual-specific MAPK kinases (MAP2K1/MEK1 and MAP2K2/MEK2) and the extracellular signal-regulated kinases (MAPK3/ERK1 and MAPK1/ERK2). The phosphorylated form of RAF1 (on residues Ser-338 and Ser-339, by PAK1) phosphorylates BAD/Bcl2-antagonist of cell death at 'Ser-75'. Phosphorylates adenylyl cyclases: ADCY2, ADCY5 and ADCY6, resulting in their activation. Phosphorylates PPP1R12A resulting in inhibition of the phosphatase activity. Phosphorylates TNNT2/cardiac muscle troponin T. Can promote NF-kB activation and inhibit signal transducers involved in motility (ROCK2), apoptosis (MAP3K5/ASK1 and STK3/MST2), proliferation and angiogenesis (RB1). Can protect cells from apoptosis also by translocating to the mitochondria where it binds BCL2 and displaces BAD/Bcl2-antagonist of cell death. Regulates Rho signaling and migration, and is required for normal wound healing. Plays a role in the oncogenic transformation of epithelial cells via repression of the TJ protein, occludin (OCLN) by inducing the up-regulation of a transcriptional repressor SNAI2/SLUG, which induces down-regulation of OCLN. Restricts caspase activation in response to selected stimuli, notably Fas stimulation, pathogen-mediated macrophage apoptosis, and erythroid differentiation.",Tclin,"RAF family",,-3.115765560763648,Kinase,237802,2254,426,66.82,1210.80,1317.37,28743511|27841865|27810072|27703006|27670374|27391150|27368419|27363278|27167344|27153315|26981887|26871637|26649302|26646323|26513016|26496610|26466569|26295714|26100670|26048984|26004137|25852190|25817574|25755752|25713071|25706034|25684575|25674762|25512530|25473895|25355599|25265753|25241761|25155755|25137548|25036637|25027403|25022756|24969872|24929361|24863296|24777450|24746704|24736947|24486585|24427333|24371145|24330068|24275569|24255178|24223781|24189400|24108181|24097068|24008843|23934108|23923067|23760062|23737487|23680146|23610963|23517740|23509299|23397142|23360980|23352452|23186163|23157514|23118896|23105109|23087049|23076151|22939624|22935974|22926515|22922483|22907845|22886303|22886302|22833462|22826437|22752602|22738312|22711539|22605333|22556409|22510884|22464151|22447278|22421411|22389993|22282237|22262839|22225925|22169110|22138288|22131876|22110214|22096607|22081024|22020327|21988832|21917714|21881167|21871886|21831839|21808062|21779496|21617351|21577205|21536655|21514245|21478863|21457714|21406692|21348951|21269460|21215703|21207082|21139044|21122381|21048031|20868603|20802526|20688353|20686565|20683980|20679480|20674547|20630999|20543023|20489206|20389169|20372086|20302979|20234004|20230813|20179103|20178605|20141835|20133694|20130576|20086174|20080631|20071468|20068231|20052757|19953625|19917255|19913121|19895838|19881545|19825990|19812696|19802003|19801192|19737955|19730683|19718030|19710016|19696784|19690332|19667065|19638615|19638574|19633425|19595761|19492075|19380724|19363522|19357705|19298812|19222999|19206169|19197339|19164755|19133693|19122653|19063885|19058874|19049963|19047752|19037990|19020799|19011619|19001375|18952605|18794803|18715846|18708364|18691976|18669648|18660489|18641128|18592002|18483265|18472967|18465753|18356164|18316782|18294816|18273062|18241070|18220336|18182859|18073111|18064632|18022816|18006502|17998336|17979178|17889508|17724343|17635919|17614099|17603483|17603482|17572489|17525332|17462920|17428866|17397260|17353931|17344846|17332776|17277048|17243098|17229891|17218791|17097642|17081983|17064357|17018604|16964381|16924233|16909118|16892053|16883571|16862215|16837009|16803888|16707572|16649144|16630891|16575407|16569214|16565089|16537381|16508002|16465392|16413928|16405965|16364920|16332724|16330544|16306228|16301319|16266749|16239230|16172610|16093354|16086581|16029117|16009725|15943972|15935327|15925322|15899852|15849194|15845549|15778465|15711535|15710605|15688026|15674327|15666389|15664191|15662129|15657590|15653554|15618521|15591313|15489334|15485920|15470083|15451031|15385642|15314064|15302887|15211515|15122343|15075335|15067053|15047712|15041731|14702039|14688280|14688025|14623285|12975377|12954639|12925535|12865432|12851216|12843393|12717443|12691824|12682854|12663662|12626521|12620389|12551923|12490852|12477932|12429936|12391160|12374792|12360521|12244094|12237340|12194967|12127063|12087097|11997508|11971957|11948406|11909642|11853019|11788587|11784866|11756411|11751906|11733498|11719507|11697890|11604401|11520933|11447113|11427728|11409918|11350735|11325826|11306563|11226259|11171046|11044439|11005817|10969079|10887173|10869570|10837247|10801873|10783161|10712923|10644344|10620507|10585452|10576742|10531364|10523642|10523633|10498616|10497893|10486249|10454553|10433554|10373531|10329666|10205168|10064593|9867809|9823899|9819434|9765203|9710607|9689060|9671314|9624170|9553107|9523700|9488663|9446616|9360956|9315742|9234708|9230211|9153224|9144171|9115221|9099670|9091312|9069267|9069260|9001246|8939988|8929532|8929531|8911690|8910675|8900182|8889548|8876196|8816460|8756332|8753867|8710867|8702721|8692945|8670882|8621729|8601312|8530446|8408024|8394352|8393135|8349631|8349614|8332195|8332187|8321321|8157000|8125298|8085158|8084603|8063729|8035810|7939632|7935795|7882972|7791872|7782277|7766599|7760835|7731720|7730360|7644510|7628630|7517401|7477354|3616625|3003687|2993863|2955285|2475255|1886707|1846778|1639773|1612588|1611909
https://pharos.nih.gov/idg/targets/Q15569,Q15569,TESK1,"Dual specificity testis-specific protein kinase 1","Dual specificity protein kinase activity catalyzing autophosphorylation and phosphorylation of exogenous substrates on both serine/threonine and tyrosine residues. Probably plays a central role at and after the meiotic phase of spermatogenesis (By similarity).",Tchem,"TESK subfamily",,-1.149015526646909,Kinase,1036,116,12,35.07,17.23,8.87,25849865|20237496|18216281|17344846|16959974|15817463|15489334|15164053|12477932|12027893|11555644|11418599|11294912|10512679|10207045|8537404
https://pharos.nih.gov/idg/targets/Q96S53,Q96S53,TESK2,"Dual specificity testis-specific protein kinase 2","Dual specificity protein kinase activity catalyzing autophosphorylation and phosphorylation of exogenous substrates on both serine/threonine and tyrosine residues. Phosphorylates cofilin at 'Ser-3'. May play an important role in spermatogenesis.",Tchem,"LISK family",,-0.308208579132986,Kinase,1117,215,8,35.03,2.47,1.57,24275569|23186163|22939624|18029348|17344846|16710414|16344560|15489334|14702039|12477932|11418599|10512679
https://pharos.nih.gov/idg/targets/Q38SD2,Q38SD2,LRRK1,"Leucine-rich repeat serine/threonine-protein kinase 1",,Tbio,"LRRK family",,-1.3312826176095405,Kinase,1117,134,31,40.64,18.14,18.32,27829680|27055475|26192437|25413345|24947832|24510904|24241507|23291589|22988872|22952686|22899650|22337768|20697350|20144646|19712061|18272292|18045479|18029348|17394548|17353931|17344846|17324517|17225181|16572171|16243488|15489334|14702039|14654223|12477932|11347906|8889548|8125298
https://pharos.nih.gov/idg/targets/Q02779,Q02779,MAP3K10,"Mitogen-activated protein kinase kinase kinase 10","Activates the JUN N-terminal pathway.",Tchem,"MLK subfamily",,-1.200479772527343,Kinase,36184,221,31,35.72,15.12,30.55,28947795|28214207|23760366|23178452|21979919|21678419|20596961|19801649|19690332|19369195|19332348|18455992|17584736|17344846|17121608|15753034|15062575|14504284|12477932|12105200|11850617|11416147|11152698|11076863|10801775|9742220|9629920|9516438|9427749|9182538|8536694|8477742|8195146|7731697
