"URL","Uniprot ID","DOID","Name","Description","ZScore","Confidence","Source"
https://pharos.nih.gov/idg/targets/P41229,P41229,DOID:1059,"Intellectual disability",,4.963,2.5,CTD
https://pharos.nih.gov/idg/targets/P41229,P41229,IDG:D717,"Autistic Disorder",,0.0,0.0,CTD
https://pharos.nih.gov/idg/targets/P41229,P41229,DOID:4473,"Carcinoma, Renal Cell",,0.0,0.0,CTD
https://pharos.nih.gov/idg/targets/P41229,P41229,IDG:D6796,"Mental Retardation, X-Linked, Syndromic, Jarid1c-Related",,0.0,0.0,CTD
https://pharos.nih.gov/idg/targets/P41229,P41229,IDG:D2344,"Renal Cell Carcinoma",,4.133,2.1,DisGeNET
https://pharos.nih.gov/idg/targets/P41229,P41229,IDG:D470,"Aggressive behavior",,0.0,0.0,DisGeNET
https://pharos.nih.gov/idg/targets/P41229,P41229,IDG:D479,"Aggressive reaction",,0.0,0.0,DisGeNET
https://pharos.nih.gov/idg/targets/P41229,P41229,DOID:986,"Alopecia areata",,0.0,0.0,DisGeNET
https://pharos.nih.gov/idg/targets/P41229,P41229,IDG:D6795,"Atony of facial musculature",,0.0,0.0,DisGeNET
https://pharos.nih.gov/idg/targets/P41229,P41229,IDG:D850,"Babinski Reflex",,0.0,0.0,DisGeNET
https://pharos.nih.gov/idg/targets/P41229,P41229,IDG:D1224,"Big calvaria",,0.0,0.0,DisGeNET
https://pharos.nih.gov/idg/targets/P41229,P41229,DOID:0050581,Brachydactyly,,0.0,0.0,DisGeNET
https://pharos.nih.gov/idg/targets/P41229,P41229,IDG:D1765,"Class III malocclusion",,0.0,0.0,DisGeNET
https://pharos.nih.gov/idg/targets/P41229,P41229,IDG:D841,"Congenital clubfoot",,0.0,0.0,DisGeNET
https://pharos.nih.gov/idg/targets/P41229,P41229,IDG:D66,"Congenital hypoplasia of penis",,0.0,0.0,DisGeNET
https://pharos.nih.gov/idg/targets/P41229,P41229,DOID:11383,Cryptorchidism,,0.0,0.0,DisGeNET
https://pharos.nih.gov/idg/targets/P41229,P41229,IDG:D2200,"Decreased projection of maxilla",,0.0,0.0,DisGeNET
https://pharos.nih.gov/idg/targets/P41229,P41229,IDG:D2199,"Deficiency of upper jaw bones",,0.0,0.0,DisGeNET
https://pharos.nih.gov/idg/targets/P41229,P41229,IDG:D477,"Delayed speech and language development",,0.0,0.0,DisGeNET
https://pharos.nih.gov/idg/targets/P41229,P41229,IDG:D5078,"Diastema of Teeth",,0.0,0.0,DisGeNET
https://pharos.nih.gov/idg/targets/P41229,P41229,IDG:D2180,Enophthalmos,,0.0,0.0,DisGeNET
https://pharos.nih.gov/idg/targets/P41229,P41229,IDG:D316,Epilepsy,,0.0,0.0,DisGeNET
https://pharos.nih.gov/idg/targets/P41229,P41229,IDG:D6791,"Facial hypotonia",,0.0,0.0,DisGeNET
https://pharos.nih.gov/idg/targets/P41229,P41229,IDG:D6783,"Fissured tongue",,0.0,0.0,DisGeNET
https://pharos.nih.gov/idg/targets/P41229,P41229,IDG:D6784,"Gait, Shuffling",,0.0,0.0,DisGeNET
https://pharos.nih.gov/idg/targets/P41229,P41229,IDG:D965,"High, narrow palate",,0.0,0.0,DisGeNET
https://pharos.nih.gov/idg/targets/P41229,P41229,DOID:9834,Hyperopia,,0.0,0.0,DisGeNET
https://pharos.nih.gov/idg/targets/P41229,P41229,IDG:D575,Hyperreflexia,,0.0,0.0,DisGeNET
https://pharos.nih.gov/idg/targets/P41229,P41229,IDG:D1771,"Hypertrophy of lower jaw",,0.0,0.0,DisGeNET
https://pharos.nih.gov/idg/targets/P41229,P41229,IDG:D6794,"Hypoplasia of forehead",,0.0,0.0,DisGeNET
https://pharos.nih.gov/idg/targets/P41229,P41229,IDG:D2184,"Hypoplasia of the maxilla",,0.0,0.0,DisGeNET
https://pharos.nih.gov/idg/targets/P41229,P41229,IDG:D2247,"Hypoplastic feet",,0.0,0.0,DisGeNET
https://pharos.nih.gov/idg/targets/P41229,P41229,IDG:D114,"Hypoplastic mandible condyle",,0.0,0.0,DisGeNET
https://pharos.nih.gov/idg/targets/P41229,P41229,IDG:D6793,"Hypotrophic forehead",,0.0,0.0,DisGeNET
https://pharos.nih.gov/idg/targets/P41229,P41229,IDG:D2198,"Hypotrophic maxilla",,0.0,0.0,DisGeNET
https://pharos.nih.gov/idg/targets/P41229,P41229,IDG:D1215,"Increased head circumference",,0.0,0.0,DisGeNET
https://pharos.nih.gov/idg/targets/P41229,P41229,IDG:D1223,"Increased size of cranium",,0.0,0.0,DisGeNET
https://pharos.nih.gov/idg/targets/P41229,P41229,IDG:D1770,"Increased size of mandible",,0.0,0.0,DisGeNET
https://pharos.nih.gov/idg/targets/P41229,P41229,IDG:D1216,"Increased size of skull",,0.0,0.0,DisGeNET
https://pharos.nih.gov/idg/targets/P41229,P41229,IDG:D471,"Language Delay",,0.0,0.0,DisGeNET
https://pharos.nih.gov/idg/targets/P41229,P41229,IDG:D874,"Large auricle",,0.0,0.0,DisGeNET
https://pharos.nih.gov/idg/targets/P41229,P41229,IDG:D897,"Large dysplastic ears",,0.0,0.0,DisGeNET
https://pharos.nih.gov/idg/targets/P41229,P41229,IDG:D6786,"Large hand",,0.0,0.0,DisGeNET
https://pharos.nih.gov/idg/targets/P41229,P41229,IDG:D895,"Large pinnae",,0.0,0.0,DisGeNET
https://pharos.nih.gov/idg/targets/P41229,P41229,IDG:D899,"Large prominent ears",,0.0,0.0,DisGeNET
https://pharos.nih.gov/idg/targets/P41229,P41229,IDG:D884,"Large protruding ears",,0.0,0.0,DisGeNET
https://pharos.nih.gov/idg/targets/P41229,P41229,IDG:D892,"Large, floppy ears",,0.0,0.0,DisGeNET
https://pharos.nih.gov/idg/targets/P41229,P41229,IDG:D6787,"Low frustration tolerance",,0.0,0.0,DisGeNET
https://pharos.nih.gov/idg/targets/P41229,P41229,IDG:D1419,"Lower limb atrophy",,0.0,0.0,DisGeNET
https://pharos.nih.gov/idg/targets/P41229,P41229,IDG:D3898,"Lower limb hyperreflexia",,0.0,0.0,DisGeNET
https://pharos.nih.gov/idg/targets/P41229,P41229,IDG:D6789,"Lower limb hypertonia",,0.0,0.0,DisGeNET
https://pharos.nih.gov/idg/targets/P41229,P41229,IDG:D1423,"Lower limb muscle hypotrophy",,0.0,0.0,DisGeNET
https://pharos.nih.gov/idg/targets/P41229,P41229,IDG:D854,Macrotia,,0.0,0.0,DisGeNET
https://pharos.nih.gov/idg/targets/P41229,P41229,IDG:D1764,"Mandibular hyperplasia",,0.0,0.0,DisGeNET
https://pharos.nih.gov/idg/targets/P41229,P41229,IDG:D61,"Mandibular hypoplasia",,0.0,0.0,DisGeNET
https://pharos.nih.gov/idg/targets/P41229,P41229,IDG:D2196,"Maxillary retrognathia",,0.0,0.0,DisGeNET
https://pharos.nih.gov/idg/targets/P41229,P41229,IDG:D43,Micrognathism,,0.0,0.0,DisGeNET
https://pharos.nih.gov/idg/targets/P41229,P41229,IDG:D573,"Muscle Spasticity",,0.0,0.0,DisGeNET
https://pharos.nih.gov/idg/targets/P41229,P41229,IDG:D1412,"Muscle atrophy, lower limb, distal",,0.0,0.0,DisGeNET
https://pharos.nih.gov/idg/targets/P41229,P41229,IDG:D744,Myopia,,0.0,0.0,DisGeNET
https://pharos.nih.gov/idg/targets/P41229,P41229,IDG:D361,"Pectus excavatum",,0.0,0.0,DisGeNET
https://pharos.nih.gov/idg/targets/P41229,P41229,IDG:D476,"Physical aggression",,0.0,0.0,DisGeNET
https://pharos.nih.gov/idg/targets/P41229,P41229,IDG:D3074,"Progressive mental retardation",,0.0,0.0,DisGeNET
https://pharos.nih.gov/idg/targets/P41229,P41229,IDG:D6792,"Progressive spastic paraplegia",,0.0,0.0,DisGeNET
https://pharos.nih.gov/idg/targets/P41229,P41229,IDG:D4479,Restlessness,,0.0,0.0,DisGeNET
https://pharos.nih.gov/idg/targets/P41229,P41229,IDG:D2197,"Retrusion of upper jaw bones",,0.0,0.0,DisGeNET
https://pharos.nih.gov/idg/targets/P41229,P41229,IDG:D322,Seizures,,0.0,0.0,DisGeNET
https://pharos.nih.gov/idg/targets/P41229,P41229,IDG:D748,"Severe mental retardation (I.Q. 20-34)",,0.0,0.0,DisGeNET
https://pharos.nih.gov/idg/targets/P41229,P41229,IDG:D3959,"Short distal phalanges",,0.0,0.0,DisGeNET
https://pharos.nih.gov/idg/targets/P41229,P41229,IDG:D72,"Short stature",,0.0,0.0,DisGeNET
https://pharos.nih.gov/idg/targets/P41229,P41229,IDG:D6790,"Small forehead",,0.0,0.0,DisGeNET
https://pharos.nih.gov/idg/targets/P41229,P41229,IDG:D345,"Smooth philtrum",,0.0,0.0,DisGeNET
https://pharos.nih.gov/idg/targets/P41229,P41229,IDG:D475,"Speech Delay",,0.0,0.0,DisGeNET
https://pharos.nih.gov/idg/targets/P41229,P41229,IDG:D474,"Speech impairment",,0.0,0.0,DisGeNET
https://pharos.nih.gov/idg/targets/P41229,P41229,IDG:D2186,"Sunken eyes",,0.0,0.0,DisGeNET
https://pharos.nih.gov/idg/targets/P41229,P41229,IDG:D6785,"Talipes Calcaneovarus",,0.0,0.0,DisGeNET
https://pharos.nih.gov/idg/targets/P41229,P41229,IDG:D1852,"Thin upper lip vermilion",,0.0,0.0,DisGeNET
https://pharos.nih.gov/idg/targets/P41229,P41229,IDG:D334,"Upward slant of palpebral fissure",,0.0,0.0,DisGeNET
https://pharos.nih.gov/idg/targets/P41229,P41229,IDG:D2849,"X- linked recessive",,0.0,0.0,DisGeNET
https://pharos.nih.gov/idg/targets/P41229,P41229,IDG:D1767,"mandibular excess (physical finding)",,0.0,0.0,DisGeNET
https://pharos.nih.gov/idg/targets/P41229,P41229,DOID:2394,"ovarian cancer",,0.0,1.12147690936233E-6,"Expression Atlas"
https://pharos.nih.gov/idg/targets/P41229,P41229,DOID:8893,psoriasis,,0.0,5.64834915131773E-5,"Expression Atlas"
https://pharos.nih.gov/idg/targets/P41229,P41229,DOID:3347,osteosarcoma,,0.0,7.87163704266942E-5,"Expression Atlas"
https://pharos.nih.gov/idg/targets/P41229,P41229,DOID:1324,"lung cancer",,0.0,0.00535470777657053,"Expression Atlas"
https://pharos.nih.gov/idg/targets/P41229,P41229,DOID:305,Carcinoma,,0.0,1.4,"JensenLab Experiment COSMIC"
https://pharos.nih.gov/idg/targets/P41229,P41229,DOID:263,"Kidney cancer",,0.0,0.8,"JensenLab Experiment COSMIC"
https://pharos.nih.gov/idg/targets/P41229,P41229,DOID:5672,"Large intestine cancer",,0.0,1.0,"JensenLab Experiment COSMIC"
https://pharos.nih.gov/idg/targets/P41229,P41229,DOID:0050867,"Jensen syndrome",,4.287,2.1,"JensenLab Text Mining"
https://pharos.nih.gov/idg/targets/P41229,P41229,IDG:D6788,"MENTAL RETARDATION, X-LINKED, SYNDROMIC, CLAES-JENSEN TYPE",,0.0,0.0,Monarch
https://pharos.nih.gov/idg/targets/Q9UIF9,Q9UIF9,IDG:D196,"Prostatic Neoplasms",,0.0,0.0,CTD
https://pharos.nih.gov/idg/targets/Q9UIF9,Q9UIF9,DOID:1790,"malignant mesothelioma",,0.0,1.29053826680012E-6,"Expression Atlas"
https://pharos.nih.gov/idg/targets/Q9UIF9,Q9UIF9,DOID:8893,psoriasis,,0.0,3.1564801959766E-5,"Expression Atlas"
https://pharos.nih.gov/idg/targets/Q9UIF9,Q9UIF9,DOID:1324,"lung cancer",,0.0,9.23128249998279E-5,"Expression Atlas"
https://pharos.nih.gov/idg/targets/Q9UIF9,Q9UIF9,DOID:3347,osteosarcoma,,0.0,2.32934396875592E-4,"Expression Atlas"
https://pharos.nih.gov/idg/targets/Q9UIF9,Q9UIF9,DOID:9119,"acute myeloid leukemia",,0.0,0.0181556883222468,"Expression Atlas"
https://pharos.nih.gov/idg/targets/Q9UIF9,Q9UIF9,DOID:305,Carcinoma,,0.0,1.0,"JensenLab Experiment COSMIC"
https://pharos.nih.gov/idg/targets/Q9UIF9,Q9UIF9,DOID:0060451,"Meesmann corneal dystrophy",,4.18,2.1,"JensenLab Text Mining"
https://pharos.nih.gov/idg/targets/Q86U86,Q86U86,DOID:4473,"Carcinoma, Renal Cell",,0.0,0.0,CTD
https://pharos.nih.gov/idg/targets/Q86U86,Q86U86,DOID:4947,Cholangiocarcinoma,,0.0,5.0,CTD
https://pharos.nih.gov/idg/targets/Q86U86,Q86U86,IDG:D4286,Thymoma,,0.0,0.0,CTD
https://pharos.nih.gov/idg/targets/Q86U86,Q86U86,IDG:D2344,"Renal Cell Carcinoma",,5.443,2.7,DisGeNET
https://pharos.nih.gov/idg/targets/Q86U86,Q86U86,IDG:D224,"Bipolar Disorder",,0.0,0.0,DisGeNET
https://pharos.nih.gov/idg/targets/Q86U86,Q86U86,IDG:D3073,"Nonorganic psychosis",,0.0,0.0,DisGeNET
https://pharos.nih.gov/idg/targets/Q86U86,Q86U86,IDG:D427,"Psychotic Disorders",,0.0,0.0,DisGeNET
https://pharos.nih.gov/idg/targets/Q86U86,Q86U86,IDG:D190,Schizophrenia,,0.0,0.0,DisGeNET
https://pharos.nih.gov/idg/targets/Q86U86,Q86U86,DOID:171,"primitive neuroectodermal tumor",,0.0,4.6593909201154E-6,"Expression Atlas"
https://pharos.nih.gov/idg/targets/Q86U86,Q86U86,DOID:3347,osteosarcoma,,0.0,3.25161962449309E-5,"Expression Atlas"
https://pharos.nih.gov/idg/targets/Q86U86,Q86U86,DOID:3857,"medulloblastoma, large-cell",,0.0,3.78066191828755E-5,"Expression Atlas"
https://pharos.nih.gov/idg/targets/Q86U86,Q86U86,DOID:2394,"ovarian cancer",,0.0,7.35698170949467E-5,"Expression Atlas"
https://pharos.nih.gov/idg/targets/Q86U86,Q86U86,DOID:0050902,"group 3 medulloblastoma",,0.0,1.03507301790574E-4,"Expression Atlas"
https://pharos.nih.gov/idg/targets/Q86U86,Q86U86,DOID:3070,"pediatric high grade glioma",,0.0,2.28953096122668E-4,"Expression Atlas"
https://pharos.nih.gov/idg/targets/Q86U86,Q86U86,DOID:2129,"atypical teratoid / rhabdoid tumor",,0.0,7.1117439174539E-4,"Expression Atlas"
https://pharos.nih.gov/idg/targets/Q86U86,Q86U86,DOID:3068,glioblastoma,,0.0,0.00220311876428652,"Expression Atlas"
https://pharos.nih.gov/idg/targets/Q86U86,Q86U86,DOID:5074,ependymoma,,0.0,0.00289759629426669,"Expression Atlas"
https://pharos.nih.gov/idg/targets/Q86U86,Q86U86,DOID:7851,"intraductal papillary-mucinous adenoma (IPMA)",,0.0,0.00692689296745607,"Expression Atlas"
https://pharos.nih.gov/idg/targets/Q86U86,Q86U86,DOID:7574,"intraductal papillary-mucinous carcinoma (IPMC)",,0.0,0.00765761782972005,"Expression Atlas"
https://pharos.nih.gov/idg/targets/Q86U86,Q86U86,DOID:657,"aldosterone-producing adenoma",,0.0,0.0106329422961555,"Expression Atlas"
https://pharos.nih.gov/idg/targets/Q86U86,Q86U86,DOID:7148,"Rheumatoid arthritis",,0.0,0.0134457036392453,"Expression Atlas"
https://pharos.nih.gov/idg/targets/Q86U86,Q86U86,DOID:305,Carcinoma,,0.0,1.9,"JensenLab Experiment COSMIC"
https://pharos.nih.gov/idg/targets/Q86U86,Q86U86,DOID:263,"Kidney cancer",,0.0,0.6,"JensenLab Experiment COSMIC"
https://pharos.nih.gov/idg/targets/Q86U86,Q86U86,DOID:5672,"Large intestine cancer",,0.0,1.8,"JensenLab Experiment COSMIC"
https://pharos.nih.gov/idg/targets/Q86U86,Q86U86,DOID:3324,"Mood disorder",,0.0,3.0,"JensenLab Experiment DistiLD"
https://pharos.nih.gov/idg/targets/Q86U86,Q86U86,DOID:162,Cancer,,0.0,4.0,"JensenLab Knowledge UniProtKB-KW"
https://pharos.nih.gov/idg/targets/Q9UGL1,Q9UGL1,IDG:D526,"Colonic Neoplasms",,0.0,0.0,CTD
https://pharos.nih.gov/idg/targets/Q9UGL1,Q9UGL1,DOID:3908,"non-small cell lung cancer",,0.0,5.69105398849867E-26,"Expression Atlas"
https://pharos.nih.gov/idg/targets/Q9UGL1,Q9UGL1,DOID:1790,"malignant mesothelioma",,0.0,1.56035850165709E-8,"Expression Atlas"
https://pharos.nih.gov/idg/targets/Q9UGL1,Q9UGL1,DOID:3910,"lung adenocarcinoma",,0.0,2.49711182061358E-7,"Expression Atlas"
https://pharos.nih.gov/idg/targets/Q9UGL1,Q9UGL1,DOID:2394,"ovarian cancer",,0.0,3.62915699208811E-5,"Expression Atlas"
https://pharos.nih.gov/idg/targets/Q9UGL1,Q9UGL1,DOID:1324,"lung cancer",,0.0,1.0221595803867E-4,"Expression Atlas"
https://pharos.nih.gov/idg/targets/Q9UGL1,Q9UGL1,DOID:7851,"intraductal papillary-mucinous adenoma (IPMA)",,0.0,4.34914950923295E-4,"Expression Atlas"
https://pharos.nih.gov/idg/targets/Q9UGL1,Q9UGL1,DOID:0060074,"ductal carcinoma in situ",,0.0,5.21771186286023E-4,"Expression Atlas"
https://pharos.nih.gov/idg/targets/Q9UGL1,Q9UGL1,DOID:0050902,"group 3 medulloblastoma",,0.0,0.00104553316154278,"Expression Atlas"
https://pharos.nih.gov/idg/targets/Q9UGL1,Q9UGL1,DOID:7574,"intraductal papillary-mucinous carcinoma (IPMC)",,0.0,0.00232366390433221,"Expression Atlas"
https://pharos.nih.gov/idg/targets/Q9UGL1,Q9UGL1,DOID:1793,"pancreatic cancer",,0.0,0.00349712561602737,"Expression Atlas"
https://pharos.nih.gov/idg/targets/Q9UGL1,Q9UGL1,DOID:3008,"invasive ductal carcinoma",,0.0,0.00353530401738296,"Expression Atlas"
https://pharos.nih.gov/idg/targets/Q9UGL1,Q9UGL1,DOID:3498,"primary pancreatic ductal adenocarcinoma",,0.0,0.00535661010973335,"Expression Atlas"
https://pharos.nih.gov/idg/targets/Q9UGL1,Q9UGL1,DOID:7575,"intraductal papillary-mucinous neoplasm (IPMN)",,0.0,0.00744015642219037,"Expression Atlas"
https://pharos.nih.gov/idg/targets/Q9UGL1,Q9UGL1,DOID:171,"primitive neuroectodermal tumor",,0.0,0.0075962370659751,"Expression Atlas"
https://pharos.nih.gov/idg/targets/Q9UGL1,Q9UGL1,DOID:0080016,"spina bifida",,0.0,0.040058767532653,"Expression Atlas"
https://pharos.nih.gov/idg/targets/Q9UGL1,Q9UGL1,DOID:305,Carcinoma,,0.0,1.1,"JensenLab Experiment COSMIC"
https://pharos.nih.gov/idg/targets/Q9UGL1,Q9UGL1,DOID:263,"Kidney cancer",,0.0,0.8,"JensenLab Experiment COSMIC"
https://pharos.nih.gov/idg/targets/Q9UGL1,Q9UGL1,DOID:0060041,"Autism spectrum disorder",,0.0,5.0,"JensenLab Knowledge GHR"
https://pharos.nih.gov/idg/targets/Q9UGL1,Q9UGL1,DOID:162,Cancer,,3.93,2.0,"JensenLab Text Mining"
https://pharos.nih.gov/idg/targets/P29375,P29375,DOID:1059,"Intellectual disability",,0.0,0.0,CTD
https://pharos.nih.gov/idg/targets/P29375,P29375,DOID:5074,ependymoma,,0.0,9.41749277691615E-10,"Expression Atlas"
https://pharos.nih.gov/idg/targets/P29375,P29375,DOID:11870,"Pick disease",,0.0,3.83799860053365E-7,"Expression Atlas"
https://pharos.nih.gov/idg/targets/P29375,P29375,DOID:3347,osteosarcoma,,0.0,9.83119677101036E-7,"Expression Atlas"
https://pharos.nih.gov/idg/targets/P29375,P29375,DOID:2129,"atypical teratoid / rhabdoid tumor",,0.0,4.55502194689325E-6,"Expression Atlas"
https://pharos.nih.gov/idg/targets/P29375,P29375,DOID:2394,"ovarian cancer",,0.0,9.00040485852068E-6,"Expression Atlas"
https://pharos.nih.gov/idg/targets/P29375,P29375,DOID:3068,glioblastoma,,0.0,2.32715934246024E-5,"Expression Atlas"
https://pharos.nih.gov/idg/targets/P29375,P29375,DOID:171,"primitive neuroectodermal tumor",,0.0,8.61127233707756E-5,"Expression Atlas"
https://pharos.nih.gov/idg/targets/P29375,P29375,DOID:8893,psoriasis,,0.0,8.92464460390109E-5,"Expression Atlas"
https://pharos.nih.gov/idg/targets/P29375,P29375,DOID:684,"hepatocellular carcinoma",,0.0,1.09734794142473E-4,"Expression Atlas"
https://pharos.nih.gov/idg/targets/P29375,P29375,DOID:7574,"intraductal papillary-mucinous carcinoma (IPMC)",,0.0,8.57383382712559E-4,"Expression Atlas"
https://pharos.nih.gov/idg/targets/P29375,P29375,DOID:10223,dermatomyositis,,0.0,0.00125364191165388,"Expression Atlas"
https://pharos.nih.gov/idg/targets/P29375,P29375,DOID:3069,astrocytoma,,0.0,0.00161589224235856,"Expression Atlas"
https://pharos.nih.gov/idg/targets/P29375,P29375,DOID:7851,"intraductal papillary-mucinous adenoma (IPMA)",,0.0,0.0016232601672106,"Expression Atlas"
https://pharos.nih.gov/idg/targets/P29375,P29375,DOID:399,tuberculosis,,0.0,0.00217643291916289,"Expression Atlas"
https://pharos.nih.gov/idg/targets/P29375,P29375,DOID:3857,"medulloblastoma, large-cell",,0.0,0.00347867876796177,"Expression Atlas"
https://pharos.nih.gov/idg/targets/P29375,P29375,DOID:8577,"ulcerative colitis",,0.0,0.00495358047948317,"Expression Atlas"
https://pharos.nih.gov/idg/targets/P29375,P29375,DOID:3070,"adult high grade glioma",,0.0,0.00508584812320914,"Expression Atlas"
https://pharos.nih.gov/idg/targets/P29375,P29375,DOID:3498,"pancreatic ductal adenocarcinoma liver metastasis",,0.0,0.0185252449532747,"Expression Atlas"
https://pharos.nih.gov/idg/targets/P29375,P29375,DOID:0050902,"group 3 medulloblastoma",,0.0,0.0185367376233674,"Expression Atlas"
https://pharos.nih.gov/idg/targets/P29375,P29375,DOID:7575,"intraductal papillary-mucinous neoplasm (IPMN)",,0.0,0.0207287517244379,"Expression Atlas"
https://pharos.nih.gov/idg/targets/P29375,P29375,DOID:7148,"Rheumatoid arthritis",,0.0,0.0219958965406869,"Expression Atlas"
https://pharos.nih.gov/idg/targets/P29375,P29375,DOID:10652,"Alzheimer's disease",,0.0,0.0235841607302653,"Expression Atlas"
https://pharos.nih.gov/idg/targets/P29375,P29375,DOID:1612,"Breast cancer",,0.0,0.0465152711029208,"Expression Atlas"
https://pharos.nih.gov/idg/targets/P29375,P29375,DOID:305,Carcinoma,,0.0,1.1,"JensenLab Experiment COSMIC"
https://pharos.nih.gov/idg/targets/P29375,P29375,DOID:263,"Kidney cancer",,0.0,0.7,"JensenLab Experiment COSMIC"
https://pharos.nih.gov/idg/targets/P29375,P29375,DOID:162,Cancer,,3.346,1.7,"JensenLab Text Mining"
https://pharos.nih.gov/idg/targets/Q9UIF8,Q9UIF8,DOID:1790,"malignant mesothelioma",,0.0,2.75765689055567E-8,"Expression Atlas"
https://pharos.nih.gov/idg/targets/Q9UIF8,Q9UIF8,DOID:2394,"ovarian cancer",,0.0,3.25864862185293E-6,"Expression Atlas"
https://pharos.nih.gov/idg/targets/Q9UIF8,Q9UIF8,DOID:11870,"Pick disease",,0.0,2.03181635543657E-4,"Expression Atlas"
https://pharos.nih.gov/idg/targets/Q9UIF8,Q9UIF8,DOID:3069,"astrocytic glioma",,0.0,0.00299095623519042,"Expression Atlas"
https://pharos.nih.gov/idg/targets/Q9UIF8,Q9UIF8,DOID:678,"progressive supranuclear palsy",,0.0,0.00742300225266334,"Expression Atlas"
https://pharos.nih.gov/idg/targets/Q9UIF8,Q9UIF8,DOID:171,"primitive neuroectodermal tumor",,0.0,0.0166470844339391,"Expression Atlas"
https://pharos.nih.gov/idg/targets/Q9UIF8,Q9UIF8,DOID:5074,ependymoma,,0.0,0.0233084720601355,"Expression Atlas"
https://pharos.nih.gov/idg/targets/Q9UIF8,Q9UIF8,DOID:0050902,"group 3 medulloblastoma",,0.0,0.0256157712724272,"Expression Atlas"
https://pharos.nih.gov/idg/targets/Q9UIF8,Q9UIF8,DOID:305,Carcinoma,,0.0,1.2,"JensenLab Experiment COSMIC"
https://pharos.nih.gov/idg/targets/Q9UIF8,Q9UIF8,DOID:263,"Kidney cancer",,0.0,0.6,"JensenLab Experiment COSMIC"
https://pharos.nih.gov/idg/targets/Q9UIF8,Q9UIF8,DOID:3571,"Liver cancer",,0.0,0.6,"JensenLab Experiment COSMIC"
https://pharos.nih.gov/idg/targets/Q9UIF8,Q9UIF8,DOID:114,"Heart disease",,0.0,3.0,"JensenLab Experiment DistiLD"
https://pharos.nih.gov/idg/targets/Q9UIF8,Q9UIF8,DOID:9505,"Cannabis abuse",,4.13,2.1,"JensenLab Text Mining"
https://pharos.nih.gov/idg/targets/Q9UIF8,Q9UIF8,DOID:8596,"Scarlet fever",,3.037,1.5,"JensenLab Text Mining"
https://pharos.nih.gov/idg/targets/Q9Y468,Q9Y468,DOID:2394,"ovarian cancer",,0.0,6.45523984405891E-7,"Expression Atlas"
https://pharos.nih.gov/idg/targets/Q9Y468,Q9Y468,DOID:3347,osteosarcoma,,0.0,1.88663195717914E-5,"Expression Atlas"
https://pharos.nih.gov/idg/targets/Q9Y468,Q9Y468,DOID:3910,"lung adenocarcinoma",,0.0,4.09467598066763E-5,"Expression Atlas"
https://pharos.nih.gov/idg/targets/Q9Y468,Q9Y468,DOID:3068,glioblastoma,,0.0,2.19172173585664E-4,"Expression Atlas"
https://pharos.nih.gov/idg/targets/Q9Y468,Q9Y468,DOID:3857,"medulloblastoma, large-cell",,0.0,5.33639805122496E-4,"Expression Atlas"
https://pharos.nih.gov/idg/targets/Q9Y468,Q9Y468,DOID:0050902,"group 4 medulloblastoma",,0.0,6.93763522810472E-4,"Expression Atlas"
https://pharos.nih.gov/idg/targets/Q9Y468,Q9Y468,DOID:3181,oligodendroglioma,,0.0,0.00290514586225924,"Expression Atlas"
https://pharos.nih.gov/idg/targets/Q9Y468,Q9Y468,DOID:3070,"adult high grade glioma",,0.0,0.00646821423495172,"Expression Atlas"
https://pharos.nih.gov/idg/targets/Q9Y468,Q9Y468,DOID:5074,ependymoma,,0.0,0.0120167197272391,"Expression Atlas"
https://pharos.nih.gov/idg/targets/Q9Y468,Q9Y468,DOID:1324,"lung cancer",,0.0,0.0161489369905943,"Expression Atlas"
https://pharos.nih.gov/idg/targets/Q9Y468,Q9Y468,DOID:2129,"atypical teratoid / rhabdoid tumor",,0.0,0.0206593561903541,"Expression Atlas"
https://pharos.nih.gov/idg/targets/Q9Y468,Q9Y468,DOID:305,Carcinoma,,0.0,0.7,"JensenLab Experiment COSMIC"
https://pharos.nih.gov/idg/targets/Q9Y468,Q9Y468,DOID:0060479,"Shwachman-Diamond syndrome",,3.472,1.7,"JensenLab Text Mining"
