"URL","Uniprot ID","Source","Tissue","NumericValue","QualitativeValue","Confidence","Evidence"
https://pharos.nih.gov/idg/targets/P41229,P41229,Consensus,"Liver and Pancreas",0.0,Low,0.0,,
https://pharos.nih.gov/idg/targets/P41229,P41229,Consensus,"Digestive Tract",0.0,Medium,0.0,,
https://pharos.nih.gov/idg/targets/P41229,P41229,Consensus,"Urinary Tract",0.0,Low,0.0,,
https://pharos.nih.gov/idg/targets/P41229,P41229,Consensus,"Endocrine System",0.0,Medium,0.0,,
https://pharos.nih.gov/idg/targets/P41229,P41229,Consensus,"Blood and immune system",0.0,Medium,0.0,,
https://pharos.nih.gov/idg/targets/P41229,P41229,Consensus,"Respiratory system",0.0,Medium,0.0,,
https://pharos.nih.gov/idg/targets/P41229,P41229,Consensus,"Female tissues",0.0,High,0.0,,
https://pharos.nih.gov/idg/targets/P41229,P41229,Consensus,"Male tissues",0.0,Medium,0.0,,
https://pharos.nih.gov/idg/targets/P41229,P41229,Consensus,"Skin and soft tissues",0.0,High,0.0,,
https://pharos.nih.gov/idg/targets/P41229,P41229,Consensus,"Nervous System",0.0,Medium,0.0,,
https://pharos.nih.gov/idg/targets/P41229,P41229,Consensus,"Cardiovascular System",0.0,Low,0.0,,
https://pharos.nih.gov/idg/targets/P41229,P41229,GTEx,Uterus,1.989517,High,0.0,,
https://pharos.nih.gov/idg/targets/P41229,P41229,GTEx,Ovary,1.946551,High,0.0,,
https://pharos.nih.gov/idg/targets/P41229,P41229,GTEx,Spleen,1.861206,High,0.0,,
https://pharos.nih.gov/idg/targets/P41229,P41229,GTEx,Vagina,1.858206,High,0.0,,
https://pharos.nih.gov/idg/targets/P41229,P41229,GTEx,"Brain - Cerebellum",1.813848,High,0.0,,
https://pharos.nih.gov/idg/targets/P41229,P41229,GTEx,"Brain - Cerebellar Hemisphere",1.804208,High,0.0,,
https://pharos.nih.gov/idg/targets/P41229,P41229,GTEx,Lung,1.766636,High,0.0,,
https://pharos.nih.gov/idg/targets/P41229,P41229,GTEx,Thyroid,1.734119,High,0.0,,
https://pharos.nih.gov/idg/targets/P41229,P41229,GTEx,Pituitary,1.710456,High,0.0,,
https://pharos.nih.gov/idg/targets/P41229,P41229,GTEx,"Skin - Sun Exposed (Lower leg)",1.68106,High,0.0,,
https://pharos.nih.gov/idg/targets/P41229,P41229,GTEx,"Skin - Not Sun Exposed (Suprapubic)",1.678609,High,0.0,,
https://pharos.nih.gov/idg/targets/P41229,P41229,GTEx,"Nerve - Tibial",1.66483,High,0.0,,
https://pharos.nih.gov/idg/targets/P41229,P41229,GTEx,"Artery - Aorta",1.657056,High,0.0,,
https://pharos.nih.gov/idg/targets/P41229,P41229,GTEx,"Artery - Coronary",1.654465,Medium,0.0,,
https://pharos.nih.gov/idg/targets/P41229,P41229,GTEx,"Esophagus - Mucosa",1.648262,Medium,0.0,,
https://pharos.nih.gov/idg/targets/P41229,P41229,GTEx,"Cells - EBV-transformed lymphocytes",1.626853,Medium,0.0,,
https://pharos.nih.gov/idg/targets/P41229,P41229,GTEx,"Small Intestine - Terminal Ileum",1.606059,Medium,0.0,,
https://pharos.nih.gov/idg/targets/P41229,P41229,GTEx,"Artery - Tibial",1.588384,Medium,0.0,,
https://pharos.nih.gov/idg/targets/P41229,P41229,GTEx,Prostate,1.56632,Medium,0.0,,
https://pharos.nih.gov/idg/targets/P41229,P41229,GTEx,"Cells - Transformed fibroblasts",1.557026,Medium,0.0,,
https://pharos.nih.gov/idg/targets/P41229,P41229,GTEx,"Colon - Sigmoid",1.54083,Medium,0.0,,
https://pharos.nih.gov/idg/targets/P41229,P41229,GTEx,"Minor Salivary Gland",1.538259,Medium,0.0,,
https://pharos.nih.gov/idg/targets/P41229,P41229,GTEx,"Esophagus - Muscularis",1.535737,Medium,0.0,,
https://pharos.nih.gov/idg/targets/P41229,P41229,GTEx,"Esophagus - Gastroesophageal Junction",1.530264,Medium,0.0,,
https://pharos.nih.gov/idg/targets/P41229,P41229,GTEx,"Breast - Mammary Tissue",1.52866,Medium,0.0,,
https://pharos.nih.gov/idg/targets/P41229,P41229,GTEx,"Adipose - Visceral (Omentum)",1.514149,Medium,0.0,,
https://pharos.nih.gov/idg/targets/P41229,P41229,GTEx,"Adipose - Subcutaneous",1.503791,Medium,0.0,,
https://pharos.nih.gov/idg/targets/P41229,P41229,GTEx,Stomach,1.496653,Medium,0.0,,
https://pharos.nih.gov/idg/targets/P41229,P41229,GTEx,"Colon - Transverse",1.482659,Medium,0.0,,
https://pharos.nih.gov/idg/targets/P41229,P41229,GTEx,"Whole Blood",1.462248,Medium,0.0,,
https://pharos.nih.gov/idg/targets/P41229,P41229,GTEx,"Adrenal Gland",1.450095,Medium,0.0,,
https://pharos.nih.gov/idg/targets/P41229,P41229,GTEx,Testis,1.388368,Medium,0.0,,
https://pharos.nih.gov/idg/targets/P41229,P41229,GTEx,"Brain - Cortex",1.358601,Medium,0.0,,
https://pharos.nih.gov/idg/targets/P41229,P41229,GTEx,"Brain - Frontal Cortex (BA9)",1.353339,Medium,0.0,,
https://pharos.nih.gov/idg/targets/P41229,P41229,GTEx,"Brain - Spinal cord (cervical c-1)",1.280465,Medium,0.0,,
https://pharos.nih.gov/idg/targets/P41229,P41229,GTEx,"Brain - Hypothalamus",1.279553,Medium,0.0,,
https://pharos.nih.gov/idg/targets/P41229,P41229,GTEx,"Brain - Nucleus accumbens (basal ganglia)",1.236663,Medium,0.0,,
https://pharos.nih.gov/idg/targets/P41229,P41229,GTEx,"Heart - Atrial Appendage",1.235402,Low,0.0,,
https://pharos.nih.gov/idg/targets/P41229,P41229,GTEx,"Muscle - Skeletal",1.234391,Low,0.0,,
https://pharos.nih.gov/idg/targets/P41229,P41229,GTEx,"Brain - Anterior cingulate cortex (BA24)",1.18949,Low,0.0,,
https://pharos.nih.gov/idg/targets/P41229,P41229,GTEx,"Brain - Caudate (basal ganglia)",1.15137,Low,0.0,,
https://pharos.nih.gov/idg/targets/P41229,P41229,GTEx,Pancreas,1.122871,Low,0.0,,
https://pharos.nih.gov/idg/targets/P41229,P41229,GTEx,"Brain - Substantia nigra",1.12156,Low,0.0,,
https://pharos.nih.gov/idg/targets/P41229,P41229,GTEx,"Brain - Hippocampus",1.113275,Low,0.0,,
https://pharos.nih.gov/idg/targets/P41229,P41229,GTEx,"Brain - Amygdala",1.102777,Low,0.0,,
https://pharos.nih.gov/idg/targets/P41229,P41229,GTEx,"Brain - Putamen (basal ganglia)",1.093071,Low,0.0,,
https://pharos.nih.gov/idg/targets/P41229,P41229,GTEx,Liver,1.079904,Low,0.0,,
https://pharos.nih.gov/idg/targets/P41229,P41229,GTEx,"Kidney - Cortex",1.042694,Low,0.0,,
https://pharos.nih.gov/idg/targets/P41229,P41229,GTEx,"Heart - Left Ventricle",0.89545,Low,0.0,,
https://pharos.nih.gov/idg/targets/P41229,P41229,"HPM Protein","Fetal Ovary",0.820051,High,0.0,,
https://pharos.nih.gov/idg/targets/P41229,P41229,"HPM Protein","Adult Colon",0.720589,High,0.0,,
https://pharos.nih.gov/idg/targets/P41229,P41229,"HPM Protein","Adult Retina",0.655028,High,0.0,,
https://pharos.nih.gov/idg/targets/P41229,P41229,"HPM Protein",Monocytes,0.65233,High,0.0,,
https://pharos.nih.gov/idg/targets/P41229,P41229,"HPM Protein","Adult Gallbladder",0.547396,High,0.0,,
https://pharos.nih.gov/idg/targets/P41229,P41229,"HPM Protein","Adult Esophagus",0.542162,High,0.0,,
https://pharos.nih.gov/idg/targets/P41229,P41229,"HPM Protein","CD4 Cells",0.516501,Medium,0.0,,
https://pharos.nih.gov/idg/targets/P41229,P41229,"HPM Protein","Fetal Liver",0.515958,Medium,0.0,,
https://pharos.nih.gov/idg/targets/P41229,P41229,"HPM Protein","Adult Rectum",0.512941,Medium,0.0,,
https://pharos.nih.gov/idg/targets/P41229,P41229,"HPM Protein","Fetal Testis",0.407768,Medium,0.0,,
https://pharos.nih.gov/idg/targets/P41229,P41229,"HPM Protein","Adult Liver",0.405968,Medium,0.0,,
https://pharos.nih.gov/idg/targets/P41229,P41229,"HPM Protein","Adult Adrenal",0.382666,Medium,0.0,,
https://pharos.nih.gov/idg/targets/P41229,P41229,"HPM Protein","Adult Heart",0.368301,Medium,0.0,,
https://pharos.nih.gov/idg/targets/P41229,P41229,"HPM Protein","CD8 Cells",0.275041,Medium,0.0,,
https://pharos.nih.gov/idg/targets/P41229,P41229,"HPM Protein","Fetal Heart",0.252474,Medium,0.0,,
https://pharos.nih.gov/idg/targets/P41229,P41229,"HPM Protein","NK Cells",0.226811,Medium,0.0,,
https://pharos.nih.gov/idg/targets/P41229,P41229,"HPM Protein","Adult Spinal Cord",0.222975,Medium,0.0,,
https://pharos.nih.gov/idg/targets/P41229,P41229,"HPM Protein","Adult Lung",0.208004,Medium,0.0,,
https://pharos.nih.gov/idg/targets/P41229,P41229,"HPM Protein","Adult Testis",0.163292,Medium,0.0,,
https://pharos.nih.gov/idg/targets/P41229,P41229,"HPM Protein","Adult Pancreas",0.155063,Medium,0.0,,
https://pharos.nih.gov/idg/targets/P41229,P41229,"HPM Protein","Adult Ovary",0.147698,Medium,0.0,,
https://pharos.nih.gov/idg/targets/P41229,P41229,"HPM Protein","Fetal Brain",0.144627,Low,0.0,,
https://pharos.nih.gov/idg/targets/P41229,P41229,"HPM Protein","B Cells",0.104059,Low,0.0,,
https://pharos.nih.gov/idg/targets/P41229,P41229,"HPM Protein","Adult Prostate",0.088345,Low,0.0,,
https://pharos.nih.gov/idg/targets/P41229,P41229,"HPM Protein","Adult Frontal Cortex",0.079475,Low,0.0,,
https://pharos.nih.gov/idg/targets/P41229,P41229,"HPM Protein","Adult Urinary Bladder",0.06083,Low,0.0,,
https://pharos.nih.gov/idg/targets/P41229,P41229,"HPM Protein","Fetal Gut",0.033892,Low,0.0,,
https://pharos.nih.gov/idg/targets/P41229,P41229,"JensenLab Experiment HPM","Adrenal gland",0.0,null,0.6,,
https://pharos.nih.gov/idg/targets/P41229,P41229,"JensenLab Experiment HPM",Brain,0.0,null,0.5,,
https://pharos.nih.gov/idg/targets/P41229,P41229,"JensenLab Experiment HPM",Colon,0.0,null,0.6,,
https://pharos.nih.gov/idg/targets/P41229,P41229,"JensenLab Experiment HPM","Gall bladder",0.0,null,0.5,,
https://pharos.nih.gov/idg/targets/P41229,P41229,"JensenLab Experiment HPM",Gut,0.0,null,0.5,,
https://pharos.nih.gov/idg/targets/P41229,P41229,"JensenLab Experiment HPM",Heart,0.0,null,0.6,,
https://pharos.nih.gov/idg/targets/P41229,P41229,"JensenLab Experiment HPM",Liver,0.0,null,0.5,,
https://pharos.nih.gov/idg/targets/P41229,P41229,"JensenLab Experiment HPM",Lung,0.0,null,0.5,,
https://pharos.nih.gov/idg/targets/P41229,P41229,"JensenLab Experiment HPM","Natural killer cell",0.0,null,0.5,,
https://pharos.nih.gov/idg/targets/P41229,P41229,"JensenLab Experiment HPM",Esophagus,0.0,null,0.6,,
https://pharos.nih.gov/idg/targets/P41229,P41229,"JensenLab Experiment HPM",Ovary,0.0,null,0.7,,
https://pharos.nih.gov/idg/targets/P41229,P41229,"JensenLab Experiment HPM","Prostate gland",0.0,null,0.5,,
https://pharos.nih.gov/idg/targets/P41229,P41229,"JensenLab Experiment HPM",Retina,0.0,null,0.8,,
https://pharos.nih.gov/idg/targets/P41229,P41229,"JensenLab Experiment HPM","Spinal cord",0.0,null,0.5,,
https://pharos.nih.gov/idg/targets/P41229,P41229,"JensenLab Experiment HPM",Testis,0.0,null,0.6,,
https://pharos.nih.gov/idg/targets/P41229,P41229,"JensenLab Experiment HPM","Urinary bladder",0.0,null,0.6,,
https://pharos.nih.gov/idg/targets/P41229,P41229,"JensenLab Experiment HPM",BTO:0004410,0.0,null,0.5,,
https://pharos.nih.gov/idg/targets/P41229,P41229,"JensenLab Experiment HPM",BTO:0005453,0.0,null,0.5,,
https://pharos.nih.gov/idg/targets/P41229,P41229,"HPA RNA","adipose tissue",0.0,Medium,0.0,,
https://pharos.nih.gov/idg/targets/P41229,P41229,"HPA RNA","adrenal gland",0.0,Medium,0.0,,
https://pharos.nih.gov/idg/targets/P41229,P41229,"HPA RNA",appendix,0.0,High,0.0,,
https://pharos.nih.gov/idg/targets/P41229,P41229,"HPA RNA","bone marrow",0.0,Medium,0.0,,
https://pharos.nih.gov/idg/targets/P41229,P41229,"HPA RNA",breast,0.0,Medium,0.0,,
https://pharos.nih.gov/idg/targets/P41229,P41229,"HPA RNA","cerebral cortex",0.0,Medium,0.0,,
https://pharos.nih.gov/idg/targets/P41229,P41229,"HPA RNA","cervix, uterine",0.0,High,0.0,,
https://pharos.nih.gov/idg/targets/P41229,P41229,"HPA RNA",colon,0.0,Medium,0.0,,
https://pharos.nih.gov/idg/targets/P41229,P41229,"HPA RNA",duodenum,0.0,Medium,0.0,,
https://pharos.nih.gov/idg/targets/P41229,P41229,"HPA RNA",endometrium,0.0,High,0.0,,
https://pharos.nih.gov/idg/targets/P41229,P41229,"HPA RNA",epididymis,0.0,Low,0.0,,
https://pharos.nih.gov/idg/targets/P41229,P41229,"HPA RNA",esophagus,0.0,Medium,0.0,,
https://pharos.nih.gov/idg/targets/P41229,P41229,"HPA RNA","fallopian tube",0.0,High,0.0,,
https://pharos.nih.gov/idg/targets/P41229,P41229,"HPA RNA",gallbladder,0.0,Medium,0.0,,
https://pharos.nih.gov/idg/targets/P41229,P41229,"HPA RNA","heart muscle",0.0,Low,0.0,,
https://pharos.nih.gov/idg/targets/P41229,P41229,"HPA RNA",kidney,0.0,Low,0.0,,
https://pharos.nih.gov/idg/targets/P41229,P41229,"HPA RNA",liver,0.0,Low,0.0,,
https://pharos.nih.gov/idg/targets/P41229,P41229,"HPA RNA",lung,0.0,Medium,0.0,,
https://pharos.nih.gov/idg/targets/P41229,P41229,"HPA RNA","lymph node",0.0,High,0.0,,
https://pharos.nih.gov/idg/targets/P41229,P41229,"HPA RNA",ovary,0.0,High,0.0,,
https://pharos.nih.gov/idg/targets/P41229,P41229,"HPA RNA",pancreas,0.0,Low,0.0,,
https://pharos.nih.gov/idg/targets/P41229,P41229,"HPA RNA","parathyroid gland",0.0,High,0.0,,
https://pharos.nih.gov/idg/targets/P41229,P41229,"HPA RNA",placenta,0.0,Medium,0.0,,
https://pharos.nih.gov/idg/targets/P41229,P41229,"HPA RNA",prostate,0.0,Medium,0.0,,
https://pharos.nih.gov/idg/targets/P41229,P41229,"HPA RNA",rectum,0.0,Low,0.0,,
https://pharos.nih.gov/idg/targets/P41229,P41229,"HPA RNA","salivary gland",0.0,Low,0.0,,
https://pharos.nih.gov/idg/targets/P41229,P41229,"HPA RNA","seminal vesicle",0.0,Medium,0.0,,
https://pharos.nih.gov/idg/targets/P41229,P41229,"HPA RNA","skeletal muscle",0.0,Low,0.0,,
https://pharos.nih.gov/idg/targets/P41229,P41229,"HPA RNA",skin,0.0,High,0.0,,
https://pharos.nih.gov/idg/targets/P41229,P41229,"HPA RNA","small intestine",0.0,Medium,0.0,,
https://pharos.nih.gov/idg/targets/P41229,P41229,"HPA RNA","smooth muscle",0.0,High,0.0,,
https://pharos.nih.gov/idg/targets/P41229,P41229,"HPA RNA",spleen,0.0,High,0.0,,
https://pharos.nih.gov/idg/targets/P41229,P41229,"HPA RNA",stomach,0.0,Medium,0.0,,
https://pharos.nih.gov/idg/targets/P41229,P41229,"HPA RNA",testis,0.0,Medium,0.0,,
https://pharos.nih.gov/idg/targets/P41229,P41229,"HPA RNA","thyroid gland",0.0,Medium,0.0,,
https://pharos.nih.gov/idg/targets/P41229,P41229,"HPA RNA",tonsil,0.0,Medium,0.0,,
https://pharos.nih.gov/idg/targets/P41229,P41229,"HPA RNA","urinary bladder",0.0,Low,0.0,,
https://pharos.nih.gov/idg/targets/Q9UIF9,Q9UIF9,Consensus,"Liver and Pancreas",0.0,Low,0.0,,
https://pharos.nih.gov/idg/targets/Q9UIF9,Q9UIF9,Consensus,"Digestive Tract",0.0,Medium,0.0,,
https://pharos.nih.gov/idg/targets/Q9UIF9,Q9UIF9,Consensus,"Urinary Tract",0.0,Low,0.0,,
https://pharos.nih.gov/idg/targets/Q9UIF9,Q9UIF9,Consensus,"Endocrine System",0.0,High,0.0,,
https://pharos.nih.gov/idg/targets/Q9UIF9,Q9UIF9,Consensus,"Blood and immune system",0.0,Medium,0.0,,
https://pharos.nih.gov/idg/targets/Q9UIF9,Q9UIF9,Consensus,"Respiratory system",0.0,High,0.0,,
https://pharos.nih.gov/idg/targets/Q9UIF9,Q9UIF9,Consensus,"Female tissues",0.0,Medium,0.0,,
https://pharos.nih.gov/idg/targets/Q9UIF9,Q9UIF9,Consensus,"Male tissues",0.0,Medium,0.0,,
https://pharos.nih.gov/idg/targets/Q9UIF9,Q9UIF9,Consensus,"Skin and soft tissues",0.0,Medium,0.0,,
https://pharos.nih.gov/idg/targets/Q9UIF9,Q9UIF9,Consensus,"Nervous System",0.0,Low,0.0,,
https://pharos.nih.gov/idg/targets/Q9UIF9,Q9UIF9,Consensus,"Cardiovascular System",0.0,Low,0.0,,
https://pharos.nih.gov/idg/targets/Q9UIF9,Q9UIF9,GTEx,Lung,1.974696,High,0.0,,
https://pharos.nih.gov/idg/targets/Q9UIF9,Q9UIF9,GTEx,Spleen,1.904689,High,0.0,,
https://pharos.nih.gov/idg/targets/Q9UIF9,Q9UIF9,GTEx,"Nerve - Tibial",1.855882,High,0.0,,
https://pharos.nih.gov/idg/targets/Q9UIF9,Q9UIF9,GTEx,Uterus,1.853211,High,0.0,,
https://pharos.nih.gov/idg/targets/Q9UIF9,Q9UIF9,GTEx,Ovary,1.822233,High,0.0,,
https://pharos.nih.gov/idg/targets/Q9UIF9,Q9UIF9,GTEx,Testis,1.799375,High,0.0,,
https://pharos.nih.gov/idg/targets/Q9UIF9,Q9UIF9,GTEx,"Cells - EBV-transformed lymphocytes",1.782042,High,0.0,,
https://pharos.nih.gov/idg/targets/Q9UIF9,Q9UIF9,GTEx,Vagina,1.758761,High,0.0,,
https://pharos.nih.gov/idg/targets/Q9UIF9,Q9UIF9,GTEx,Thyroid,1.746907,High,0.0,,
https://pharos.nih.gov/idg/targets/Q9UIF9,Q9UIF9,GTEx,"Brain - Cerebellum",1.71792,High,0.0,,
https://pharos.nih.gov/idg/targets/Q9UIF9,Q9UIF9,GTEx,"Small Intestine - Terminal Ileum",1.712986,High,0.0,,
https://pharos.nih.gov/idg/targets/Q9UIF9,Q9UIF9,GTEx,Pituitary,1.712944,High,0.0,,
https://pharos.nih.gov/idg/targets/Q9UIF9,Q9UIF9,GTEx,"Adipose - Subcutaneous",1.680879,High,0.0,,
https://pharos.nih.gov/idg/targets/Q9UIF9,Q9UIF9,GTEx,"Breast - Mammary Tissue",1.658107,Medium,0.0,,
https://pharos.nih.gov/idg/targets/Q9UIF9,Q9UIF9,GTEx,"Skin - Sun Exposed (Lower leg)",1.654946,Medium,0.0,,
https://pharos.nih.gov/idg/targets/Q9UIF9,Q9UIF9,GTEx,"Skin - Not Sun Exposed (Suprapubic)",1.652343,Medium,0.0,,
https://pharos.nih.gov/idg/targets/Q9UIF9,Q9UIF9,GTEx,"Brain - Cerebellar Hemisphere",1.640779,Medium,0.0,,
https://pharos.nih.gov/idg/targets/Q9UIF9,Q9UIF9,GTEx,"Artery - Aorta",1.640183,Medium,0.0,,
https://pharos.nih.gov/idg/targets/Q9UIF9,Q9UIF9,GTEx,"Artery - Coronary",1.63729,Medium,0.0,,
https://pharos.nih.gov/idg/targets/Q9UIF9,Q9UIF9,GTEx,"Artery - Tibial",1.615897,Medium,0.0,,
https://pharos.nih.gov/idg/targets/Q9UIF9,Q9UIF9,GTEx,"Esophagus - Mucosa",1.604982,Medium,0.0,,
https://pharos.nih.gov/idg/targets/Q9UIF9,Q9UIF9,GTEx,"Adipose - Visceral (Omentum)",1.587037,Medium,0.0,,
https://pharos.nih.gov/idg/targets/Q9UIF9,Q9UIF9,GTEx,"Whole Blood",1.581779,Medium,0.0,,
https://pharos.nih.gov/idg/targets/Q9UIF9,Q9UIF9,GTEx,Prostate,1.573742,Medium,0.0,,
https://pharos.nih.gov/idg/targets/Q9UIF9,Q9UIF9,GTEx,"Colon - Transverse",1.553883,Medium,0.0,,
https://pharos.nih.gov/idg/targets/Q9UIF9,Q9UIF9,GTEx,"Esophagus - Gastroesophageal Junction",1.55358,Medium,0.0,,
https://pharos.nih.gov/idg/targets/Q9UIF9,Q9UIF9,GTEx,"Esophagus - Muscularis",1.553033,Medium,0.0,,
https://pharos.nih.gov/idg/targets/Q9UIF9,Q9UIF9,GTEx,"Colon - Sigmoid",1.551328,Medium,0.0,,
https://pharos.nih.gov/idg/targets/Q9UIF9,Q9UIF9,GTEx,"Minor Salivary Gland",1.525757,Medium,0.0,,
https://pharos.nih.gov/idg/targets/Q9UIF9,Q9UIF9,GTEx,"Cells - Transformed fibroblasts",1.511883,Medium,0.0,,
https://pharos.nih.gov/idg/targets/Q9UIF9,Q9UIF9,GTEx,Stomach,1.426674,Medium,0.0,,
https://pharos.nih.gov/idg/targets/Q9UIF9,Q9UIF9,GTEx,"Adrenal Gland",1.41162,Medium,0.0,,
https://pharos.nih.gov/idg/targets/Q9UIF9,Q9UIF9,GTEx,Pancreas,1.240549,Medium,0.0,,
https://pharos.nih.gov/idg/targets/Q9UIF9,Q9UIF9,GTEx,"Heart - Atrial Appendage",1.182985,Medium,0.0,,
https://pharos.nih.gov/idg/targets/Q9UIF9,Q9UIF9,GTEx,"Brain - Spinal cord (cervical c-1)",1.158815,Medium,0.0,,
https://pharos.nih.gov/idg/targets/Q9UIF9,Q9UIF9,GTEx,"Brain - Cortex",1.151217,Medium,0.0,,
https://pharos.nih.gov/idg/targets/Q9UIF9,Q9UIF9,GTEx,"Kidney - Cortex",1.128868,Medium,0.0,,
https://pharos.nih.gov/idg/targets/Q9UIF9,Q9UIF9,GTEx,"Brain - Hypothalamus",1.087781,Low,0.0,,
https://pharos.nih.gov/idg/targets/Q9UIF9,Q9UIF9,GTEx,"Brain - Frontal Cortex (BA9)",1.083861,Low,0.0,,
https://pharos.nih.gov/idg/targets/Q9UIF9,Q9UIF9,GTEx,"Muscle - Skeletal",1.057856,Low,0.0,,
https://pharos.nih.gov/idg/targets/Q9UIF9,Q9UIF9,GTEx,Liver,1.050959,Low,0.0,,
https://pharos.nih.gov/idg/targets/Q9UIF9,Q9UIF9,GTEx,"Brain - Nucleus accumbens (basal ganglia)",1.021809,Low,0.0,,
https://pharos.nih.gov/idg/targets/Q9UIF9,Q9UIF9,GTEx,"Brain - Substantia nigra",1.0086,Low,0.0,,
https://pharos.nih.gov/idg/targets/Q9UIF9,Q9UIF9,GTEx,"Brain - Caudate (basal ganglia)",0.98704,Low,0.0,,
https://pharos.nih.gov/idg/targets/Q9UIF9,Q9UIF9,GTEx,"Brain - Hippocampus",0.978226,Low,0.0,,
https://pharos.nih.gov/idg/targets/Q9UIF9,Q9UIF9,GTEx,"Brain - Anterior cingulate cortex (BA24)",0.974788,Low,0.0,,
https://pharos.nih.gov/idg/targets/Q9UIF9,Q9UIF9,GTEx,"Brain - Amygdala",0.956265,Low,0.0,,
https://pharos.nih.gov/idg/targets/Q9UIF9,Q9UIF9,GTEx,"Heart - Left Ventricle",0.947752,Low,0.0,,
https://pharos.nih.gov/idg/targets/Q9UIF9,Q9UIF9,GTEx,"Brain - Putamen (basal ganglia)",0.933031,Low,0.0,,
https://pharos.nih.gov/idg/targets/Q9UIF9,Q9UIF9,"HPM Protein","Adult Retina",1.291261,High,0.0,,
https://pharos.nih.gov/idg/targets/Q9UIF9,Q9UIF9,"HPM Protein","Adult Testis",1.276472,High,0.0,,
https://pharos.nih.gov/idg/targets/Q9UIF9,Q9UIF9,"HPM Protein","B Cells",0.949158,High,0.0,,
https://pharos.nih.gov/idg/targets/Q9UIF9,Q9UIF9,"HPM Protein","CD8 Cells",0.870757,Medium,0.0,,
https://pharos.nih.gov/idg/targets/Q9UIF9,Q9UIF9,"HPM Protein","Adult Ovary",0.776438,Medium,0.0,,
https://pharos.nih.gov/idg/targets/Q9UIF9,Q9UIF9,"HPM Protein","Fetal Ovary",0.776364,Medium,0.0,,
https://pharos.nih.gov/idg/targets/Q9UIF9,Q9UIF9,"HPM Protein","Fetal Testis",0.677237,Medium,0.0,,
https://pharos.nih.gov/idg/targets/Q9UIF9,Q9UIF9,"HPM Protein","Adult Pancreas",0.632185,Medium,0.0,,
https://pharos.nih.gov/idg/targets/Q9UIF9,Q9UIF9,"HPM Protein","Adult Adrenal",0.535868,Medium,0.0,,
https://pharos.nih.gov/idg/targets/Q9UIF9,Q9UIF9,"HPM Protein","CD4 Cells",0.392493,Medium,0.0,,
https://pharos.nih.gov/idg/targets/Q9UIF9,Q9UIF9,"HPM Protein","Fetal Heart",0.329516,Low,0.0,,
https://pharos.nih.gov/idg/targets/Q9UIF9,Q9UIF9,"HPM Protein","Adult Liver",0.104938,Low,0.0,,
https://pharos.nih.gov/idg/targets/Q9UIF9,Q9UIF9,"HPM Protein","NK Cells",0.070764,Low,0.0,,
https://pharos.nih.gov/idg/targets/Q9UIF9,Q9UIF9,"JensenLab Experiment HPM",Heart,0.0,null,0.6,,
https://pharos.nih.gov/idg/targets/Q9UIF9,Q9UIF9,"JensenLab Experiment HPM",B-lymphocyte,0.0,null,0.7,,
https://pharos.nih.gov/idg/targets/Q9UIF9,Q9UIF9,"JensenLab Experiment HPM","Natural killer cell",0.0,null,0.5,,
https://pharos.nih.gov/idg/targets/Q9UIF9,Q9UIF9,"JensenLab Experiment HPM",Ovary,0.0,null,0.8,,
https://pharos.nih.gov/idg/targets/Q9UIF9,Q9UIF9,"JensenLab Experiment HPM",Pancreas,0.0,null,0.6,,
https://pharos.nih.gov/idg/targets/Q9UIF9,Q9UIF9,"JensenLab Experiment HPM",Retina,0.0,null,0.9,,
https://pharos.nih.gov/idg/targets/Q9UIF9,Q9UIF9,"JensenLab Experiment HPM",Testis,0.0,null,0.8,,
https://pharos.nih.gov/idg/targets/Q9UIF9,Q9UIF9,"JensenLab Experiment HPM",BTO:0004410,0.0,null,0.9,,
https://pharos.nih.gov/idg/targets/Q9UIF9,Q9UIF9,"JensenLab Experiment HPM",BTO:0005453,0.0,null,0.6,,
https://pharos.nih.gov/idg/targets/Q9UIF9,Q9UIF9,"HPA RNA","adipose tissue",0.0,Medium,0.0,,
https://pharos.nih.gov/idg/targets/Q9UIF9,Q9UIF9,"HPA RNA","adrenal gland",0.0,Medium,0.0,,
https://pharos.nih.gov/idg/targets/Q9UIF9,Q9UIF9,"HPA RNA",appendix,0.0,High,0.0,,
https://pharos.nih.gov/idg/targets/Q9UIF9,Q9UIF9,"HPA RNA","bone marrow",0.0,High,0.0,,
https://pharos.nih.gov/idg/targets/Q9UIF9,Q9UIF9,"HPA RNA",breast,0.0,Low,0.0,,
https://pharos.nih.gov/idg/targets/Q9UIF9,Q9UIF9,"HPA RNA","cerebral cortex",0.0,Low,0.0,,
https://pharos.nih.gov/idg/targets/Q9UIF9,Q9UIF9,"HPA RNA","cervix, uterine",0.0,Medium,0.0,,
https://pharos.nih.gov/idg/targets/Q9UIF9,Q9UIF9,"HPA RNA",colon,0.0,Medium,0.0,,
https://pharos.nih.gov/idg/targets/Q9UIF9,Q9UIF9,"HPA RNA",duodenum,0.0,Medium,0.0,,
https://pharos.nih.gov/idg/targets/Q9UIF9,Q9UIF9,"HPA RNA",endometrium,0.0,Medium,0.0,,
https://pharos.nih.gov/idg/targets/Q9UIF9,Q9UIF9,"HPA RNA",epididymis,0.0,Medium,0.0,,
https://pharos.nih.gov/idg/targets/Q9UIF9,Q9UIF9,"HPA RNA",esophagus,0.0,Medium,0.0,,
https://pharos.nih.gov/idg/targets/Q9UIF9,Q9UIF9,"HPA RNA","fallopian tube",0.0,High,0.0,,
https://pharos.nih.gov/idg/targets/Q9UIF9,Q9UIF9,"HPA RNA",gallbladder,0.0,Medium,0.0,,
https://pharos.nih.gov/idg/targets/Q9UIF9,Q9UIF9,"HPA RNA","heart muscle",0.0,Low,0.0,,
https://pharos.nih.gov/idg/targets/Q9UIF9,Q9UIF9,"HPA RNA",kidney,0.0,Low,0.0,,
https://pharos.nih.gov/idg/targets/Q9UIF9,Q9UIF9,"HPA RNA",liver,0.0,Low,0.0,,
https://pharos.nih.gov/idg/targets/Q9UIF9,Q9UIF9,"HPA RNA",lung,0.0,High,0.0,,
https://pharos.nih.gov/idg/targets/Q9UIF9,Q9UIF9,"HPA RNA","lymph node",0.0,Medium,0.0,,
https://pharos.nih.gov/idg/targets/Q9UIF9,Q9UIF9,"HPA RNA",ovary,0.0,High,0.0,,
https://pharos.nih.gov/idg/targets/Q9UIF9,Q9UIF9,"HPA RNA",pancreas,0.0,Low,0.0,,
https://pharos.nih.gov/idg/targets/Q9UIF9,Q9UIF9,"HPA RNA","parathyroid gland",0.0,High,0.0,,
https://pharos.nih.gov/idg/targets/Q9UIF9,Q9UIF9,"HPA RNA",placenta,0.0,High,0.0,,
https://pharos.nih.gov/idg/targets/Q9UIF9,Q9UIF9,"HPA RNA",prostate,0.0,Medium,0.0,,
https://pharos.nih.gov/idg/targets/Q9UIF9,Q9UIF9,"HPA RNA",rectum,0.0,Medium,0.0,,
https://pharos.nih.gov/idg/targets/Q9UIF9,Q9UIF9,"HPA RNA","salivary gland",0.0,Low,0.0,,
https://pharos.nih.gov/idg/targets/Q9UIF9,Q9UIF9,"HPA RNA","seminal vesicle",0.0,Medium,0.0,,
https://pharos.nih.gov/idg/targets/Q9UIF9,Q9UIF9,"HPA RNA","skeletal muscle",0.0,Low,0.0,,
https://pharos.nih.gov/idg/targets/Q9UIF9,Q9UIF9,"HPA RNA",skin,0.0,Medium,0.0,,
https://pharos.nih.gov/idg/targets/Q9UIF9,Q9UIF9,"HPA RNA","small intestine",0.0,Medium,0.0,,
https://pharos.nih.gov/idg/targets/Q9UIF9,Q9UIF9,"HPA RNA","smooth muscle",0.0,Medium,0.0,,
https://pharos.nih.gov/idg/targets/Q9UIF9,Q9UIF9,"HPA RNA",spleen,0.0,High,0.0,,
https://pharos.nih.gov/idg/targets/Q9UIF9,Q9UIF9,"HPA RNA",stomach,0.0,Low,0.0,,
https://pharos.nih.gov/idg/targets/Q9UIF9,Q9UIF9,"HPA RNA",testis,0.0,High,0.0,,
https://pharos.nih.gov/idg/targets/Q9UIF9,Q9UIF9,"HPA RNA","thyroid gland",0.0,High,0.0,,
https://pharos.nih.gov/idg/targets/Q9UIF9,Q9UIF9,"HPA RNA",tonsil,0.0,Medium,0.0,,
https://pharos.nih.gov/idg/targets/Q9UIF9,Q9UIF9,"HPA RNA","urinary bladder",0.0,Medium,0.0,,
https://pharos.nih.gov/idg/targets/Q86U86,Q86U86,Consensus,"Liver and Pancreas",0.0,Low,0.0,,
https://pharos.nih.gov/idg/targets/Q86U86,Q86U86,Consensus,"Digestive Tract",0.0,Medium,0.0,,
https://pharos.nih.gov/idg/targets/Q86U86,Q86U86,Consensus,"Urinary Tract",0.0,Low,0.0,,
https://pharos.nih.gov/idg/targets/Q86U86,Q86U86,Consensus,"Endocrine System",0.0,High,0.0,,
https://pharos.nih.gov/idg/targets/Q86U86,Q86U86,Consensus,"Blood and immune system",0.0,Medium,0.0,,
https://pharos.nih.gov/idg/targets/Q86U86,Q86U86,Consensus,"Respiratory system",0.0,Medium,0.0,,
https://pharos.nih.gov/idg/targets/Q86U86,Q86U86,Consensus,"Female tissues",0.0,High,0.0,,
https://pharos.nih.gov/idg/targets/Q86U86,Q86U86,Consensus,"Male tissues",0.0,Medium,0.0,,
https://pharos.nih.gov/idg/targets/Q86U86,Q86U86,Consensus,"Skin and soft tissues",0.0,Medium,0.0,,
https://pharos.nih.gov/idg/targets/Q86U86,Q86U86,Consensus,"Nervous System",0.0,Medium,0.0,,
https://pharos.nih.gov/idg/targets/Q86U86,Q86U86,Consensus,"Cardiovascular System",0.0,Low,0.0,,
https://pharos.nih.gov/idg/targets/Q86U86,Q86U86,GTEx,Ovary,1.486005,High,0.0,,
https://pharos.nih.gov/idg/targets/Q86U86,Q86U86,GTEx,"Nerve - Tibial",1.41397,High,0.0,,
https://pharos.nih.gov/idg/targets/Q86U86,Q86U86,GTEx,"Artery - Tibial",1.390935,High,0.0,,
https://pharos.nih.gov/idg/targets/Q86U86,Q86U86,GTEx,Uterus,1.377397,High,0.0,,
https://pharos.nih.gov/idg/targets/Q86U86,Q86U86,GTEx,"Cells - EBV-transformed lymphocytes",1.376394,High,0.0,,
https://pharos.nih.gov/idg/targets/Q86U86,Q86U86,GTEx,"Cells - Transformed fibroblasts",1.36427,High,0.0,,
https://pharos.nih.gov/idg/targets/Q86U86,Q86U86,GTEx,"Adipose - Subcutaneous",1.322633,High,0.0,,
https://pharos.nih.gov/idg/targets/Q86U86,Q86U86,GTEx,Thyroid,1.320977,High,0.0,,
https://pharos.nih.gov/idg/targets/Q86U86,Q86U86,GTEx,Spleen,1.320769,High,0.0,,
https://pharos.nih.gov/idg/targets/Q86U86,Q86U86,GTEx,"Skin - Not Sun Exposed (Suprapubic)",1.304921,High,0.0,,
https://pharos.nih.gov/idg/targets/Q86U86,Q86U86,GTEx,"Adipose - Visceral (Omentum)",1.288137,High,0.0,,
https://pharos.nih.gov/idg/targets/Q86U86,Q86U86,GTEx,Vagina,1.281488,High,0.0,,
https://pharos.nih.gov/idg/targets/Q86U86,Q86U86,GTEx,"Skin - Sun Exposed (Lower leg)",1.273696,High,0.0,,
https://pharos.nih.gov/idg/targets/Q86U86,Q86U86,GTEx,"Artery - Coronary",1.271144,Medium,0.0,,
https://pharos.nih.gov/idg/targets/Q86U86,Q86U86,GTEx,"Breast - Mammary Tissue",1.261976,Medium,0.0,,
https://pharos.nih.gov/idg/targets/Q86U86,Q86U86,GTEx,"Colon - Sigmoid",1.249687,Medium,0.0,,
https://pharos.nih.gov/idg/targets/Q86U86,Q86U86,GTEx,"Brain - Cerebellar Hemisphere",1.238297,Medium,0.0,,
https://pharos.nih.gov/idg/targets/Q86U86,Q86U86,GTEx,"Artery - Aorta",1.222716,Medium,0.0,,
https://pharos.nih.gov/idg/targets/Q86U86,Q86U86,GTEx,Lung,1.208173,Medium,0.0,,
https://pharos.nih.gov/idg/targets/Q86U86,Q86U86,GTEx,Pituitary,1.194376,Medium,0.0,,
https://pharos.nih.gov/idg/targets/Q86U86,Q86U86,GTEx,"Esophagus - Muscularis",1.16331,Medium,0.0,,
https://pharos.nih.gov/idg/targets/Q86U86,Q86U86,GTEx,Testis,1.162564,Medium,0.0,,
https://pharos.nih.gov/idg/targets/Q86U86,Q86U86,GTEx,Prostate,1.162266,Medium,0.0,,
https://pharos.nih.gov/idg/targets/Q86U86,Q86U86,GTEx,"Esophagus - Mucosa",1.15791,Medium,0.0,,
https://pharos.nih.gov/idg/targets/Q86U86,Q86U86,GTEx,"Brain - Cerebellum",1.145818,Medium,0.0,,
https://pharos.nih.gov/idg/targets/Q86U86,Q86U86,GTEx,"Esophagus - Gastroesophageal Junction",1.141607,Medium,0.0,,
https://pharos.nih.gov/idg/targets/Q86U86,Q86U86,GTEx,"Small Intestine - Terminal Ileum",1.138618,Medium,0.0,,
https://pharos.nih.gov/idg/targets/Q86U86,Q86U86,GTEx,"Minor Salivary Gland",1.061452,Medium,0.0,,
https://pharos.nih.gov/idg/targets/Q86U86,Q86U86,GTEx,Stomach,1.022016,Medium,0.0,,
https://pharos.nih.gov/idg/targets/Q86U86,Q86U86,GTEx,"Adrenal Gland",1.003029,Medium,0.0,,
https://pharos.nih.gov/idg/targets/Q86U86,Q86U86,GTEx,"Colon - Transverse",0.991935,Medium,0.0,,
https://pharos.nih.gov/idg/targets/Q86U86,Q86U86,GTEx,"Brain - Spinal cord (cervical c-1)",0.983874,Medium,0.0,,
https://pharos.nih.gov/idg/targets/Q86U86,Q86U86,GTEx,"Heart - Atrial Appendage",0.881641,Medium,0.0,,
https://pharos.nih.gov/idg/targets/Q86U86,Q86U86,GTEx,"Muscle - Skeletal",0.819774,Medium,0.0,,
https://pharos.nih.gov/idg/targets/Q86U86,Q86U86,GTEx,"Brain - Hypothalamus",0.780353,Medium,0.0,,
https://pharos.nih.gov/idg/targets/Q86U86,Q86U86,GTEx,"Brain - Frontal Cortex (BA9)",0.735918,Medium,0.0,,
https://pharos.nih.gov/idg/targets/Q86U86,Q86U86,GTEx,Liver,0.727175,Medium,0.0,,
https://pharos.nih.gov/idg/targets/Q86U86,Q86U86,GTEx,Pancreas,0.723374,Low,0.0,,
https://pharos.nih.gov/idg/targets/Q86U86,Q86U86,GTEx,"Brain - Nucleus accumbens (basal ganglia)",0.722469,Low,0.0,,
https://pharos.nih.gov/idg/targets/Q86U86,Q86U86,GTEx,"Brain - Substantia nigra",0.696618,Low,0.0,,
https://pharos.nih.gov/idg/targets/Q86U86,Q86U86,GTEx,"Brain - Cortex",0.672005,Low,0.0,,
https://pharos.nih.gov/idg/targets/Q86U86,Q86U86,GTEx,"Brain - Caudate (basal ganglia)",0.65273,Low,0.0,,
https://pharos.nih.gov/idg/targets/Q86U86,Q86U86,GTEx,"Brain - Hippocampus",0.613419,Low,0.0,,
https://pharos.nih.gov/idg/targets/Q86U86,Q86U86,GTEx,"Brain - Amygdala",0.593618,Low,0.0,,
https://pharos.nih.gov/idg/targets/Q86U86,Q86U86,GTEx,"Brain - Anterior cingulate cortex (BA24)",0.5867,Low,0.0,,
https://pharos.nih.gov/idg/targets/Q86U86,Q86U86,GTEx,"Kidney - Cortex",0.576572,Low,0.0,,
https://pharos.nih.gov/idg/targets/Q86U86,Q86U86,GTEx,"Brain - Putamen (basal ganglia)",0.57461,Low,0.0,,
https://pharos.nih.gov/idg/targets/Q86U86,Q86U86,GTEx,"Heart - Left Ventricle",0.520876,Low,0.0,,
https://pharos.nih.gov/idg/targets/Q86U86,Q86U86,GTEx,"Whole Blood",0.488833,Low,0.0,,
https://pharos.nih.gov/idg/targets/Q86U86,Q86U86,"HPM Protein","CD8 Cells",1.706578,High,0.0,,
https://pharos.nih.gov/idg/targets/Q86U86,Q86U86,"HPM Protein","CD4 Cells",1.557386,High,0.0,,
https://pharos.nih.gov/idg/targets/Q86U86,Q86U86,"HPM Protein","NK Cells",1.466347,High,0.0,,
https://pharos.nih.gov/idg/targets/Q86U86,Q86U86,"HPM Protein","B Cells",1.437405,High,0.0,,
https://pharos.nih.gov/idg/targets/Q86U86,Q86U86,"HPM Protein","Fetal Ovary",1.280475,High,0.0,,
https://pharos.nih.gov/idg/targets/Q86U86,Q86U86,"HPM Protein","Fetal Heart",1.262927,High,0.0,,
https://pharos.nih.gov/idg/targets/Q86U86,Q86U86,"HPM Protein",Monocytes,1.191038,High,0.0,,
https://pharos.nih.gov/idg/targets/Q86U86,Q86U86,"HPM Protein","Adult Testis",1.187023,Medium,0.0,,
https://pharos.nih.gov/idg/targets/Q86U86,Q86U86,"HPM Protein","Adult Ovary",1.173817,Medium,0.0,,
https://pharos.nih.gov/idg/targets/Q86U86,Q86U86,"HPM Protein","Fetal Testis",1.165135,Medium,0.0,,
https://pharos.nih.gov/idg/targets/Q86U86,Q86U86,"HPM Protein","Fetal Brain",1.154656,Medium,0.0,,
https://pharos.nih.gov/idg/targets/Q86U86,Q86U86,"HPM Protein","Fetal Gut",1.088527,Medium,0.0,,
https://pharos.nih.gov/idg/targets/Q86U86,Q86U86,"HPM Protein","Adult Pancreas",1.058153,Medium,0.0,,
https://pharos.nih.gov/idg/targets/Q86U86,Q86U86,"HPM Protein","Adult Retina",1.022276,Medium,0.0,,
https://pharos.nih.gov/idg/targets/Q86U86,Q86U86,"HPM Protein","Adult Esophagus",0.739738,Medium,0.0,,
https://pharos.nih.gov/idg/targets/Q86U86,Q86U86,"HPM Protein","Adult Adrenal",0.715916,Medium,0.0,,
https://pharos.nih.gov/idg/targets/Q86U86,Q86U86,"HPM Protein","Fetal Liver",0.712162,Medium,0.0,,
https://pharos.nih.gov/idg/targets/Q86U86,Q86U86,"HPM Protein","Adult Prostate",0.661801,Medium,0.0,,
https://pharos.nih.gov/idg/targets/Q86U86,Q86U86,"HPM Protein","Adult Urinary Bladder",0.571199,Medium,0.0,,
https://pharos.nih.gov/idg/targets/Q86U86,Q86U86,"HPM Protein","Adult Colon",0.472428,Low,0.0,,
https://pharos.nih.gov/idg/targets/Q86U86,Q86U86,"HPM Protein","Adult Gallbladder",0.45744,Low,0.0,,
https://pharos.nih.gov/idg/targets/Q86U86,Q86U86,"HPM Protein","Adult Liver",0.434238,Low,0.0,,
https://pharos.nih.gov/idg/targets/Q86U86,Q86U86,"HPM Protein","Adult Heart",0.299974,Low,0.0,,
https://pharos.nih.gov/idg/targets/Q86U86,Q86U86,"HPM Protein","Adult Rectum",0.211911,Low,0.0,,
https://pharos.nih.gov/idg/targets/Q86U86,Q86U86,"HPM Protein","Adult Spinal Cord",0.067757,Low,0.0,,
https://pharos.nih.gov/idg/targets/Q86U86,Q86U86,"JensenLab Experiment HPM","Adrenal gland",0.0,null,0.7,,
https://pharos.nih.gov/idg/targets/Q86U86,Q86U86,"JensenLab Experiment HPM",Brain,0.0,null,1.0,,
https://pharos.nih.gov/idg/targets/Q86U86,Q86U86,"JensenLab Experiment HPM",Colon,0.0,null,0.6,,
https://pharos.nih.gov/idg/targets/Q86U86,Q86U86,"JensenLab Experiment HPM","Gall bladder",0.0,null,0.6,,
https://pharos.nih.gov/idg/targets/Q86U86,Q86U86,"JensenLab Experiment HPM",Gut,0.0,null,0.8,,
https://pharos.nih.gov/idg/targets/Q86U86,Q86U86,"JensenLab Experiment HPM",Heart,0.0,null,1.4,,
https://pharos.nih.gov/idg/targets/Q86U86,Q86U86,"JensenLab Experiment HPM",Liver,0.0,null,0.9,,
https://pharos.nih.gov/idg/targets/Q86U86,Q86U86,"JensenLab Experiment HPM",B-lymphocyte,0.0,null,1.4,,
https://pharos.nih.gov/idg/targets/Q86U86,Q86U86,"JensenLab Experiment HPM",Monocyte,0.0,null,0.6,,
https://pharos.nih.gov/idg/targets/Q86U86,Q86U86,"JensenLab Experiment HPM","Natural killer cell",0.0,null,1.5,,
https://pharos.nih.gov/idg/targets/Q86U86,Q86U86,"JensenLab Experiment HPM",Esophagus,0.0,null,0.6,,
https://pharos.nih.gov/idg/targets/Q86U86,Q86U86,"JensenLab Experiment HPM",Ovary,0.0,null,1.5,,
https://pharos.nih.gov/idg/targets/Q86U86,Q86U86,"JensenLab Experiment HPM",Pancreas,0.0,null,0.8,,
https://pharos.nih.gov/idg/targets/Q86U86,Q86U86,"JensenLab Experiment HPM",Placenta,0.0,null,0.6,,
https://pharos.nih.gov/idg/targets/Q86U86,Q86U86,"JensenLab Experiment HPM","Prostate gland",0.0,null,0.6,,
https://pharos.nih.gov/idg/targets/Q86U86,Q86U86,"JensenLab Experiment HPM",Rectum,0.0,null,0.5,,
https://pharos.nih.gov/idg/targets/Q86U86,Q86U86,"JensenLab Experiment HPM",Retina,0.0,null,1.1,,
https://pharos.nih.gov/idg/targets/Q86U86,Q86U86,"JensenLab Experiment HPM","Spinal cord",0.0,null,0.5,,
https://pharos.nih.gov/idg/targets/Q86U86,Q86U86,"JensenLab Experiment HPM",Testis,0.0,null,1.5,,
https://pharos.nih.gov/idg/targets/Q86U86,Q86U86,"JensenLab Experiment HPM","Urinary bladder",0.0,null,0.6,,
https://pharos.nih.gov/idg/targets/Q86U86,Q86U86,"JensenLab Experiment HPM",BTO:0004410,0.0,null,2.1,,
https://pharos.nih.gov/idg/targets/Q86U86,Q86U86,"JensenLab Experiment HPM",BTO:0005453,0.0,null,1.4,,
https://pharos.nih.gov/idg/targets/Q86U86,Q86U86,"HPA RNA","adipose tissue",0.0,Medium,0.0,,
https://pharos.nih.gov/idg/targets/Q86U86,Q86U86,"HPA RNA","adrenal gland",0.0,Medium,0.0,,
https://pharos.nih.gov/idg/targets/Q86U86,Q86U86,"HPA RNA",appendix,0.0,High,0.0,,
https://pharos.nih.gov/idg/targets/Q86U86,Q86U86,"HPA RNA","bone marrow",0.0,Low,0.0,,
https://pharos.nih.gov/idg/targets/Q86U86,Q86U86,"HPA RNA",breast,0.0,Medium,0.0,,
https://pharos.nih.gov/idg/targets/Q86U86,Q86U86,"HPA RNA","cerebral cortex",0.0,Medium,0.0,,
https://pharos.nih.gov/idg/targets/Q86U86,Q86U86,"HPA RNA","cervix, uterine",0.0,High,0.0,,
https://pharos.nih.gov/idg/targets/Q86U86,Q86U86,"HPA RNA",colon,0.0,Medium,0.0,,
https://pharos.nih.gov/idg/targets/Q86U86,Q86U86,"HPA RNA",duodenum,0.0,Low,0.0,,
https://pharos.nih.gov/idg/targets/Q86U86,Q86U86,"HPA RNA",endometrium,0.0,High,0.0,,
https://pharos.nih.gov/idg/targets/Q86U86,Q86U86,"HPA RNA",epididymis,0.0,Medium,0.0,,
https://pharos.nih.gov/idg/targets/Q86U86,Q86U86,"HPA RNA",esophagus,0.0,Medium,0.0,,
https://pharos.nih.gov/idg/targets/Q86U86,Q86U86,"HPA RNA","fallopian tube",0.0,High,0.0,,
https://pharos.nih.gov/idg/targets/Q86U86,Q86U86,"HPA RNA",gallbladder,0.0,Medium,0.0,,
https://pharos.nih.gov/idg/targets/Q86U86,Q86U86,"HPA RNA","heart muscle",0.0,Low,0.0,,
https://pharos.nih.gov/idg/targets/Q86U86,Q86U86,"HPA RNA",kidney,0.0,Low,0.0,,
https://pharos.nih.gov/idg/targets/Q86U86,Q86U86,"HPA RNA",liver,0.0,Low,0.0,,
https://pharos.nih.gov/idg/targets/Q86U86,Q86U86,"HPA RNA",lung,0.0,Medium,0.0,,
https://pharos.nih.gov/idg/targets/Q86U86,Q86U86,"HPA RNA","lymph node",0.0,Medium,0.0,,
https://pharos.nih.gov/idg/targets/Q86U86,Q86U86,"HPA RNA",ovary,0.0,High,0.0,,
https://pharos.nih.gov/idg/targets/Q86U86,Q86U86,"HPA RNA",pancreas,0.0,Low,0.0,,
https://pharos.nih.gov/idg/targets/Q86U86,Q86U86,"HPA RNA","parathyroid gland",0.0,High,0.0,,
https://pharos.nih.gov/idg/targets/Q86U86,Q86U86,"HPA RNA",placenta,0.0,High,0.0,,
https://pharos.nih.gov/idg/targets/Q86U86,Q86U86,"HPA RNA",prostate,0.0,High,0.0,,
https://pharos.nih.gov/idg/targets/Q86U86,Q86U86,"HPA RNA",rectum,0.0,Medium,0.0,,
https://pharos.nih.gov/idg/targets/Q86U86,Q86U86,"HPA RNA","salivary gland",0.0,Low,0.0,,
https://pharos.nih.gov/idg/targets/Q86U86,Q86U86,"HPA RNA","seminal vesicle",0.0,Medium,0.0,,
https://pharos.nih.gov/idg/targets/Q86U86,Q86U86,"HPA RNA","skeletal muscle",0.0,Low,0.0,,
https://pharos.nih.gov/idg/targets/Q86U86,Q86U86,"HPA RNA",skin,0.0,Medium,0.0,,
https://pharos.nih.gov/idg/targets/Q86U86,Q86U86,"HPA RNA","small intestine",0.0,Medium,0.0,,
https://pharos.nih.gov/idg/targets/Q86U86,Q86U86,"HPA RNA","smooth muscle",0.0,High,0.0,,
https://pharos.nih.gov/idg/targets/Q86U86,Q86U86,"HPA RNA",spleen,0.0,Medium,0.0,,
https://pharos.nih.gov/idg/targets/Q86U86,Q86U86,"HPA RNA",stomach,0.0,Low,0.0,,
https://pharos.nih.gov/idg/targets/Q86U86,Q86U86,"HPA RNA",testis,0.0,Medium,0.0,,
https://pharos.nih.gov/idg/targets/Q86U86,Q86U86,"HPA RNA","thyroid gland",0.0,High,0.0,,
https://pharos.nih.gov/idg/targets/Q86U86,Q86U86,"HPA RNA",tonsil,0.0,Medium,0.0,,
https://pharos.nih.gov/idg/targets/Q86U86,Q86U86,"HPA RNA","urinary bladder",0.0,Medium,0.0,,
https://pharos.nih.gov/idg/targets/Q9UGL1,Q9UGL1,Consensus,"Liver and Pancreas",0.0,Low,0.0,,
https://pharos.nih.gov/idg/targets/Q9UGL1,Q9UGL1,Consensus,"Digestive Tract",0.0,Low,0.0,,
https://pharos.nih.gov/idg/targets/Q9UGL1,Q9UGL1,Consensus,"Urinary Tract",0.0,Low,0.0,,
https://pharos.nih.gov/idg/targets/Q9UGL1,Q9UGL1,Consensus,"Endocrine System",0.0,Low,0.0,,
https://pharos.nih.gov/idg/targets/Q9UGL1,Q9UGL1,Consensus,"Blood and immune system",0.0,Medium,0.0,,
https://pharos.nih.gov/idg/targets/Q9UGL1,Q9UGL1,Consensus,"Respiratory system",0.0,Low,0.0,,
https://pharos.nih.gov/idg/targets/Q9UGL1,Q9UGL1,Consensus,"Female tissues",0.0,Low,0.0,,
https://pharos.nih.gov/idg/targets/Q9UGL1,Q9UGL1,Consensus,"Male tissues",0.0,Medium,0.0,,
https://pharos.nih.gov/idg/targets/Q9UGL1,Q9UGL1,Consensus,"Skin and soft tissues",0.0,Low,0.0,,
https://pharos.nih.gov/idg/targets/Q9UGL1,Q9UGL1,Consensus,"Nervous System",0.0,Low,0.0,,
https://pharos.nih.gov/idg/targets/Q9UGL1,Q9UGL1,Consensus,"Cardiovascular System",0.0,Low,0.0,,
https://pharos.nih.gov/idg/targets/Q9UGL1,Q9UGL1,GTEx,Testis,2.135769,High,0.0,,
https://pharos.nih.gov/idg/targets/Q9UGL1,Q9UGL1,GTEx,"Skin - Not Sun Exposed (Suprapubic)",1.583879,High,0.0,,
https://pharos.nih.gov/idg/targets/Q9UGL1,Q9UGL1,GTEx,"Skin - Sun Exposed (Lower leg)",1.569725,High,0.0,,
https://pharos.nih.gov/idg/targets/Q9UGL1,Q9UGL1,GTEx,"Cells - Transformed fibroblasts",1.52068,High,0.0,,
https://pharos.nih.gov/idg/targets/Q9UGL1,Q9UGL1,GTEx,Lung,1.461948,High,0.0,,
https://pharos.nih.gov/idg/targets/Q9UGL1,Q9UGL1,GTEx,Ovary,1.450557,High,0.0,,
https://pharos.nih.gov/idg/targets/Q9UGL1,Q9UGL1,GTEx,"Esophagus - Mucosa",1.445449,High,0.0,,
https://pharos.nih.gov/idg/targets/Q9UGL1,Q9UGL1,GTEx,Uterus,1.425697,High,0.0,,
https://pharos.nih.gov/idg/targets/Q9UGL1,Q9UGL1,GTEx,Vagina,1.415891,High,0.0,,
https://pharos.nih.gov/idg/targets/Q9UGL1,Q9UGL1,GTEx,"Nerve - Tibial",1.287466,High,0.0,,
https://pharos.nih.gov/idg/targets/Q9UGL1,Q9UGL1,GTEx,Prostate,1.274042,High,0.0,,
https://pharos.nih.gov/idg/targets/Q9UGL1,Q9UGL1,GTEx,Thyroid,1.248219,High,0.0,,
https://pharos.nih.gov/idg/targets/Q9UGL1,Q9UGL1,GTEx,"Brain - Cerebellar Hemisphere",1.2403,High,0.0,,
https://pharos.nih.gov/idg/targets/Q9UGL1,Q9UGL1,GTEx,"Artery - Aorta",1.237795,Medium,0.0,,
https://pharos.nih.gov/idg/targets/Q9UGL1,Q9UGL1,GTEx,"Adipose - Visceral (Omentum)",1.1959,Medium,0.0,,
https://pharos.nih.gov/idg/targets/Q9UGL1,Q9UGL1,GTEx,"Artery - Coronary",1.184975,Medium,0.0,,
https://pharos.nih.gov/idg/targets/Q9UGL1,Q9UGL1,GTEx,"Brain - Cerebellum",1.183555,Medium,0.0,,
https://pharos.nih.gov/idg/targets/Q9UGL1,Q9UGL1,GTEx,"Minor Salivary Gland",1.180126,Medium,0.0,,
https://pharos.nih.gov/idg/targets/Q9UGL1,Q9UGL1,GTEx,"Adipose - Subcutaneous",1.176091,Medium,0.0,,
https://pharos.nih.gov/idg/targets/Q9UGL1,Q9UGL1,GTEx,Spleen,1.174496,Medium,0.0,,
https://pharos.nih.gov/idg/targets/Q9UGL1,Q9UGL1,GTEx,"Colon - Sigmoid",1.16938,Medium,0.0,,
https://pharos.nih.gov/idg/targets/Q9UGL1,Q9UGL1,GTEx,"Colon - Transverse",1.160318,Medium,0.0,,
https://pharos.nih.gov/idg/targets/Q9UGL1,Q9UGL1,GTEx,"Breast - Mammary Tissue",1.155032,Medium,0.0,,
https://pharos.nih.gov/idg/targets/Q9UGL1,Q9UGL1,GTEx,"Artery - Tibial",1.13561,Medium,0.0,,
https://pharos.nih.gov/idg/targets/Q9UGL1,Q9UGL1,GTEx,"Small Intestine - Terminal Ileum",1.116276,Medium,0.0,,
https://pharos.nih.gov/idg/targets/Q9UGL1,Q9UGL1,GTEx,"Esophagus - Muscularis",1.11059,Medium,0.0,,
https://pharos.nih.gov/idg/targets/Q9UGL1,Q9UGL1,GTEx,"Esophagus - Gastroesophageal Junction",1.095518,Medium,0.0,,
https://pharos.nih.gov/idg/targets/Q9UGL1,Q9UGL1,GTEx,Pituitary,1.081527,Medium,0.0,,
https://pharos.nih.gov/idg/targets/Q9UGL1,Q9UGL1,GTEx,"Whole Blood",1.07133,Medium,0.0,,
https://pharos.nih.gov/idg/targets/Q9UGL1,Q9UGL1,GTEx,"Cells - EBV-transformed lymphocytes",1.061075,Medium,0.0,,
https://pharos.nih.gov/idg/targets/Q9UGL1,Q9UGL1,GTEx,Stomach,1.029789,Medium,0.0,,
https://pharos.nih.gov/idg/targets/Q9UGL1,Q9UGL1,GTEx,"Brain - Nucleus accumbens (basal ganglia)",0.874801,Medium,0.0,,
https://pharos.nih.gov/idg/targets/Q9UGL1,Q9UGL1,GTEx,"Brain - Cortex",0.869642,Medium,0.0,,
https://pharos.nih.gov/idg/targets/Q9UGL1,Q9UGL1,GTEx,"Adrenal Gland",0.856487,Medium,0.0,,
https://pharos.nih.gov/idg/targets/Q9UGL1,Q9UGL1,GTEx,"Brain - Frontal Cortex (BA9)",0.844726,Medium,0.0,,
https://pharos.nih.gov/idg/targets/Q9UGL1,Q9UGL1,GTEx,"Brain - Anterior cingulate cortex (BA24)",0.780605,Medium,0.0,,
https://pharos.nih.gov/idg/targets/Q9UGL1,Q9UGL1,GTEx,"Brain - Caudate (basal ganglia)",0.747334,Medium,0.0,,
https://pharos.nih.gov/idg/targets/Q9UGL1,Q9UGL1,GTEx,Pancreas,0.735998,Low,0.0,,
https://pharos.nih.gov/idg/targets/Q9UGL1,Q9UGL1,GTEx,"Heart - Atrial Appendage",0.716796,Low,0.0,,
https://pharos.nih.gov/idg/targets/Q9UGL1,Q9UGL1,GTEx,"Brain - Hypothalamus",0.681919,Low,0.0,,
https://pharos.nih.gov/idg/targets/Q9UGL1,Q9UGL1,GTEx,"Brain - Spinal cord (cervical c-1)",0.672283,Low,0.0,,
https://pharos.nih.gov/idg/targets/Q9UGL1,Q9UGL1,GTEx,"Brain - Hippocampus",0.646551,Low,0.0,,
https://pharos.nih.gov/idg/targets/Q9UGL1,Q9UGL1,GTEx,"Brain - Amygdala",0.632963,Low,0.0,,
https://pharos.nih.gov/idg/targets/Q9UGL1,Q9UGL1,GTEx,"Brain - Putamen (basal ganglia)",0.623456,Low,0.0,,
https://pharos.nih.gov/idg/targets/Q9UGL1,Q9UGL1,GTEx,"Brain - Substantia nigra",0.5214,Low,0.0,,
https://pharos.nih.gov/idg/targets/Q9UGL1,Q9UGL1,GTEx,"Kidney - Cortex",0.504743,Low,0.0,,
https://pharos.nih.gov/idg/targets/Q9UGL1,Q9UGL1,GTEx,"Muscle - Skeletal",0.420286,Low,0.0,,
https://pharos.nih.gov/idg/targets/Q9UGL1,Q9UGL1,GTEx,Liver,0.410862,Low,0.0,,
https://pharos.nih.gov/idg/targets/Q9UGL1,Q9UGL1,GTEx,"Heart - Left Ventricle",0.329296,Low,0.0,,
https://pharos.nih.gov/idg/targets/Q9UGL1,Q9UGL1,"HPM Protein","Adult Testis",1.244287,High,0.0,,
https://pharos.nih.gov/idg/targets/Q9UGL1,Q9UGL1,"HPM Protein","Adult Retina",1.084617,High,0.0,,
https://pharos.nih.gov/idg/targets/Q9UGL1,Q9UGL1,"HPM Protein","Adult Ovary",0.873348,High,0.0,,
https://pharos.nih.gov/idg/targets/Q9UGL1,Q9UGL1,"HPM Protein","Adult Rectum",0.813971,High,0.0,,
https://pharos.nih.gov/idg/targets/Q9UGL1,Q9UGL1,"HPM Protein","Fetal Ovary",0.718685,High,0.0,,
https://pharos.nih.gov/idg/targets/Q9UGL1,Q9UGL1,"HPM Protein",Monocytes,0.526902,Medium,0.0,,
https://pharos.nih.gov/idg/targets/Q9UGL1,Q9UGL1,"HPM Protein","Adult Spinal Cord",0.524005,Medium,0.0,,
https://pharos.nih.gov/idg/targets/Q9UGL1,Q9UGL1,"HPM Protein","CD8 Cells",0.404644,Medium,0.0,,
https://pharos.nih.gov/idg/targets/Q9UGL1,Q9UGL1,"HPM Protein","Adult Kidney",0.309892,Medium,0.0,,
https://pharos.nih.gov/idg/targets/Q9UGL1,Q9UGL1,"HPM Protein","Adult Heart",0.212548,Medium,0.0,,
https://pharos.nih.gov/idg/targets/Q9UGL1,Q9UGL1,"HPM Protein","Adult Colon",0.187682,Medium,0.0,,
https://pharos.nih.gov/idg/targets/Q9UGL1,Q9UGL1,"HPM Protein","Adult Frontal Cortex",0.170366,Medium,0.0,,
https://pharos.nih.gov/idg/targets/Q9UGL1,Q9UGL1,"HPM Protein","Adult Pancreas",0.155063,Medium,0.0,,
https://pharos.nih.gov/idg/targets/Q9UGL1,Q9UGL1,"HPM Protein","Fetal Heart",0.14644,Medium,0.0,,
https://pharos.nih.gov/idg/targets/Q9UGL1,Q9UGL1,"HPM Protein","Fetal Liver",0.131861,Low,0.0,,
https://pharos.nih.gov/idg/targets/Q9UGL1,Q9UGL1,"HPM Protein","B Cells",0.104059,Low,0.0,,
https://pharos.nih.gov/idg/targets/Q9UGL1,Q9UGL1,"HPM Protein","Adult Urinary Bladder",0.094078,Low,0.0,,
https://pharos.nih.gov/idg/targets/Q9UGL1,Q9UGL1,"HPM Protein","Adult Gallbladder",0.070275,Low,0.0,,
https://pharos.nih.gov/idg/targets/Q9UGL1,Q9UGL1,"HPM Protein","Adult Prostate",0.059741,Low,0.0,,
https://pharos.nih.gov/idg/targets/Q9UGL1,Q9UGL1,"JensenLab Experiment HPM","Frontal lobe",0.0,null,0.5,,
https://pharos.nih.gov/idg/targets/Q9UGL1,Q9UGL1,"JensenLab Experiment HPM","Gall bladder",0.0,null,0.5,,
https://pharos.nih.gov/idg/targets/Q9UGL1,Q9UGL1,"JensenLab Experiment HPM",Heart,0.0,null,0.6,,
https://pharos.nih.gov/idg/targets/Q9UGL1,Q9UGL1,"JensenLab Experiment HPM",Kidney,0.0,null,0.5,,
https://pharos.nih.gov/idg/targets/Q9UGL1,Q9UGL1,"JensenLab Experiment HPM",Liver,0.0,null,0.5,,
https://pharos.nih.gov/idg/targets/Q9UGL1,Q9UGL1,"JensenLab Experiment HPM",B-lymphocyte,0.0,null,0.5,,
https://pharos.nih.gov/idg/targets/Q9UGL1,Q9UGL1,"JensenLab Experiment HPM",Ovary,0.0,null,0.8,,
https://pharos.nih.gov/idg/targets/Q9UGL1,Q9UGL1,"JensenLab Experiment HPM","Prostate gland",0.0,null,0.5,,
https://pharos.nih.gov/idg/targets/Q9UGL1,Q9UGL1,"JensenLab Experiment HPM",Rectum,0.0,null,0.6,,
https://pharos.nih.gov/idg/targets/Q9UGL1,Q9UGL1,"JensenLab Experiment HPM",Retina,0.0,null,1.1,,
https://pharos.nih.gov/idg/targets/Q9UGL1,Q9UGL1,"JensenLab Experiment HPM","Spinal cord",0.0,null,0.6,,
https://pharos.nih.gov/idg/targets/Q9UGL1,Q9UGL1,"JensenLab Experiment HPM",Testis,0.0,null,0.9,,
https://pharos.nih.gov/idg/targets/Q9UGL1,Q9UGL1,"JensenLab Experiment HPM",BTO:0004410,0.0,null,0.5,,
https://pharos.nih.gov/idg/targets/Q9UGL1,Q9UGL1,"HPA RNA","adipose tissue",0.0,Low,0.0,,
https://pharos.nih.gov/idg/targets/Q9UGL1,Q9UGL1,"HPA RNA","adrenal gland",0.0,Medium,0.0,,
https://pharos.nih.gov/idg/targets/Q9UGL1,Q9UGL1,"HPA RNA",appendix,0.0,Medium,0.0,,
https://pharos.nih.gov/idg/targets/Q9UGL1,Q9UGL1,"HPA RNA","bone marrow",0.0,Medium,0.0,,
https://pharos.nih.gov/idg/targets/Q9UGL1,Q9UGL1,"HPA RNA",breast,0.0,Medium,0.0,,
https://pharos.nih.gov/idg/targets/Q9UGL1,Q9UGL1,"HPA RNA","cerebral cortex",0.0,Medium,0.0,,
https://pharos.nih.gov/idg/targets/Q9UGL1,Q9UGL1,"HPA RNA","cervix, uterine",0.0,High,0.0,,
https://pharos.nih.gov/idg/targets/Q9UGL1,Q9UGL1,"HPA RNA",colon,0.0,Medium,0.0,,
https://pharos.nih.gov/idg/targets/Q9UGL1,Q9UGL1,"HPA RNA",duodenum,0.0,Low,0.0,,
https://pharos.nih.gov/idg/targets/Q9UGL1,Q9UGL1,"HPA RNA",endometrium,0.0,High,0.0,,
https://pharos.nih.gov/idg/targets/Q9UGL1,Q9UGL1,"HPA RNA",epididymis,0.0,Medium,0.0,,
https://pharos.nih.gov/idg/targets/Q9UGL1,Q9UGL1,"HPA RNA",esophagus,0.0,High,0.0,,
https://pharos.nih.gov/idg/targets/Q9UGL1,Q9UGL1,"HPA RNA","fallopian tube",0.0,Medium,0.0,,
https://pharos.nih.gov/idg/targets/Q9UGL1,Q9UGL1,"HPA RNA",gallbladder,0.0,High,0.0,,
https://pharos.nih.gov/idg/targets/Q9UGL1,Q9UGL1,"HPA RNA","heart muscle",0.0,Low,0.0,,
https://pharos.nih.gov/idg/targets/Q9UGL1,Q9UGL1,"HPA RNA",kidney,0.0,Low,0.0,,
https://pharos.nih.gov/idg/targets/Q9UGL1,Q9UGL1,"HPA RNA",liver,0.0,Low,0.0,,
https://pharos.nih.gov/idg/targets/Q9UGL1,Q9UGL1,"HPA RNA",lung,0.0,Medium,0.0,,
https://pharos.nih.gov/idg/targets/Q9UGL1,Q9UGL1,"HPA RNA","lymph node",0.0,Medium,0.0,,
https://pharos.nih.gov/idg/targets/Q9UGL1,Q9UGL1,"HPA RNA",ovary,0.0,Medium,0.0,,
https://pharos.nih.gov/idg/targets/Q9UGL1,Q9UGL1,"HPA RNA",pancreas,0.0,Low,0.0,,
https://pharos.nih.gov/idg/targets/Q9UGL1,Q9UGL1,"HPA RNA","parathyroid gland",0.0,High,0.0,,
https://pharos.nih.gov/idg/targets/Q9UGL1,Q9UGL1,"HPA RNA",placenta,0.0,High,0.0,,
https://pharos.nih.gov/idg/targets/Q9UGL1,Q9UGL1,"HPA RNA",prostate,0.0,High,0.0,,
https://pharos.nih.gov/idg/targets/Q9UGL1,Q9UGL1,"HPA RNA",rectum,0.0,Medium,0.0,,
https://pharos.nih.gov/idg/targets/Q9UGL1,Q9UGL1,"HPA RNA","salivary gland",0.0,Low,0.0,,
https://pharos.nih.gov/idg/targets/Q9UGL1,Q9UGL1,"HPA RNA","seminal vesicle",0.0,Medium,0.0,,
https://pharos.nih.gov/idg/targets/Q9UGL1,Q9UGL1,"HPA RNA","skeletal muscle",0.0,Low,0.0,,
https://pharos.nih.gov/idg/targets/Q9UGL1,Q9UGL1,"HPA RNA",skin,0.0,High,0.0,,
https://pharos.nih.gov/idg/targets/Q9UGL1,Q9UGL1,"HPA RNA","small intestine",0.0,Low,0.0,,
https://pharos.nih.gov/idg/targets/Q9UGL1,Q9UGL1,"HPA RNA","smooth muscle",0.0,High,0.0,,
https://pharos.nih.gov/idg/targets/Q9UGL1,Q9UGL1,"HPA RNA",spleen,0.0,Medium,0.0,,
https://pharos.nih.gov/idg/targets/Q9UGL1,Q9UGL1,"HPA RNA",stomach,0.0,Medium,0.0,,
https://pharos.nih.gov/idg/targets/Q9UGL1,Q9UGL1,"HPA RNA",testis,0.0,High,0.0,,
https://pharos.nih.gov/idg/targets/Q9UGL1,Q9UGL1,"HPA RNA","thyroid gland",0.0,Medium,0.0,,
https://pharos.nih.gov/idg/targets/Q9UGL1,Q9UGL1,"HPA RNA",tonsil,0.0,Medium,0.0,,
https://pharos.nih.gov/idg/targets/Q9UGL1,Q9UGL1,"HPA RNA","urinary bladder",0.0,Medium,0.0,,
https://pharos.nih.gov/idg/targets/P29375,P29375,Consensus,"Liver and Pancreas",0.0,Low,0.0,,
https://pharos.nih.gov/idg/targets/P29375,P29375,Consensus,"Digestive Tract",0.0,Low,0.0,,
https://pharos.nih.gov/idg/targets/P29375,P29375,Consensus,"Urinary Tract",0.0,Medium,0.0,,
https://pharos.nih.gov/idg/targets/P29375,P29375,Consensus,"Endocrine System",0.0,High,0.0,,
https://pharos.nih.gov/idg/targets/P29375,P29375,Consensus,"Blood and immune system",0.0,High,0.0,,
https://pharos.nih.gov/idg/targets/P29375,P29375,Consensus,"Respiratory system",0.0,Medium,0.0,,
https://pharos.nih.gov/idg/targets/P29375,P29375,Consensus,"Female tissues",0.0,Medium,0.0,,
https://pharos.nih.gov/idg/targets/P29375,P29375,Consensus,"Male tissues",0.0,Medium,0.0,,
https://pharos.nih.gov/idg/targets/P29375,P29375,Consensus,"Skin and soft tissues",0.0,Medium,0.0,,
https://pharos.nih.gov/idg/targets/P29375,P29375,Consensus,"Nervous System",0.0,Medium,0.0,,
https://pharos.nih.gov/idg/targets/P29375,P29375,Consensus,"Cardiovascular System",0.0,Low,0.0,,
https://pharos.nih.gov/idg/targets/P29375,P29375,GTEx,Testis,1.408494,High,0.0,,
https://pharos.nih.gov/idg/targets/P29375,P29375,GTEx,"Cells - EBV-transformed lymphocytes",1.383815,High,0.0,,
https://pharos.nih.gov/idg/targets/P29375,P29375,GTEx,"Skin - Not Sun Exposed (Suprapubic)",1.363612,High,0.0,,
https://pharos.nih.gov/idg/targets/P29375,P29375,GTEx,"Skin - Sun Exposed (Lower leg)",1.33163,High,0.0,,
https://pharos.nih.gov/idg/targets/P29375,P29375,GTEx,Uterus,1.315446,High,0.0,,
https://pharos.nih.gov/idg/targets/P29375,P29375,GTEx,Spleen,1.299943,High,0.0,,
https://pharos.nih.gov/idg/targets/P29375,P29375,GTEx,"Nerve - Tibial",1.289366,High,0.0,,
https://pharos.nih.gov/idg/targets/P29375,P29375,GTEx,"Cells - Transformed fibroblasts",1.270795,High,0.0,,
https://pharos.nih.gov/idg/targets/P29375,P29375,GTEx,Lung,1.269046,High,0.0,,
https://pharos.nih.gov/idg/targets/P29375,P29375,GTEx,Ovary,1.260787,High,0.0,,
https://pharos.nih.gov/idg/targets/P29375,P29375,GTEx,Vagina,1.210319,High,0.0,,
https://pharos.nih.gov/idg/targets/P29375,P29375,GTEx,"Adipose - Subcutaneous",1.188366,High,0.0,,
https://pharos.nih.gov/idg/targets/P29375,P29375,GTEx,"Artery - Aorta",1.179264,High,0.0,,
https://pharos.nih.gov/idg/targets/P29375,P29375,GTEx,"Artery - Tibial",1.155488,Medium,0.0,,
https://pharos.nih.gov/idg/targets/P29375,P29375,GTEx,"Small Intestine - Terminal Ileum",1.146748,Medium,0.0,,
https://pharos.nih.gov/idg/targets/P29375,P29375,GTEx,Thyroid,1.138934,Medium,0.0,,
https://pharos.nih.gov/idg/targets/P29375,P29375,GTEx,"Breast - Mammary Tissue",1.119586,Medium,0.0,,
https://pharos.nih.gov/idg/targets/P29375,P29375,GTEx,"Artery - Coronary",1.11294,Medium,0.0,,
https://pharos.nih.gov/idg/targets/P29375,P29375,GTEx,"Adipose - Visceral (Omentum)",1.097778,Medium,0.0,,
https://pharos.nih.gov/idg/targets/P29375,P29375,GTEx,"Whole Blood",1.038819,Medium,0.0,,
https://pharos.nih.gov/idg/targets/P29375,P29375,GTEx,"Colon - Transverse",1.030822,Medium,0.0,,
https://pharos.nih.gov/idg/targets/P29375,P29375,GTEx,"Esophagus - Mucosa",1.024691,Medium,0.0,,
https://pharos.nih.gov/idg/targets/P29375,P29375,GTEx,Prostate,1.018908,Medium,0.0,,
https://pharos.nih.gov/idg/targets/P29375,P29375,GTEx,Stomach,1.002598,Medium,0.0,,
https://pharos.nih.gov/idg/targets/P29375,P29375,GTEx,"Minor Salivary Gland",1.000152,Medium,0.0,,
https://pharos.nih.gov/idg/targets/P29375,P29375,GTEx,"Colon - Sigmoid",0.996117,Medium,0.0,,
https://pharos.nih.gov/idg/targets/P29375,P29375,GTEx,"Esophagus - Gastroesophageal Junction",0.981524,Medium,0.0,,
https://pharos.nih.gov/idg/targets/P29375,P29375,GTEx,"Adrenal Gland",0.959947,Medium,0.0,,
https://pharos.nih.gov/idg/targets/P29375,P29375,GTEx,Pituitary,0.939519,Medium,0.0,,
https://pharos.nih.gov/idg/targets/P29375,P29375,GTEx,"Esophagus - Muscularis",0.933437,Medium,0.0,,
https://pharos.nih.gov/idg/targets/P29375,P29375,GTEx,"Brain - Cerebellar Hemisphere",0.895809,Medium,0.0,,
https://pharos.nih.gov/idg/targets/P29375,P29375,GTEx,"Brain - Cerebellum",0.844166,Medium,0.0,,
https://pharos.nih.gov/idg/targets/P29375,P29375,GTEx,"Brain - Spinal cord (cervical c-1)",0.700054,Medium,0.0,,
https://pharos.nih.gov/idg/targets/P29375,P29375,GTEx,"Heart - Atrial Appendage",0.696138,Medium,0.0,,
https://pharos.nih.gov/idg/targets/P29375,P29375,GTEx,Liver,0.595551,Medium,0.0,,
https://pharos.nih.gov/idg/targets/P29375,P29375,GTEx,Pancreas,0.578066,Medium,0.0,,
https://pharos.nih.gov/idg/targets/P29375,P29375,GTEx,"Muscle - Skeletal",0.548144,Medium,0.0,,
https://pharos.nih.gov/idg/targets/P29375,P29375,GTEx,"Kidney - Cortex",0.507788,Low,0.0,,
https://pharos.nih.gov/idg/targets/P29375,P29375,GTEx,"Brain - Nucleus accumbens (basal ganglia)",0.506167,Low,0.0,,
https://pharos.nih.gov/idg/targets/P29375,P29375,GTEx,"Brain - Hypothalamus",0.494363,Low,0.0,,
https://pharos.nih.gov/idg/targets/P29375,P29375,GTEx,"Brain - Substantia nigra",0.45591,Low,0.0,,
https://pharos.nih.gov/idg/targets/P29375,P29375,GTEx,"Brain - Cortex",0.450865,Low,0.0,,
https://pharos.nih.gov/idg/targets/P29375,P29375,GTEx,"Brain - Caudate (basal ganglia)",0.448242,Low,0.0,,
https://pharos.nih.gov/idg/targets/P29375,P29375,GTEx,"Brain - Frontal Cortex (BA9)",0.446071,Low,0.0,,
https://pharos.nih.gov/idg/targets/P29375,P29375,GTEx,"Brain - Hippocampus",0.416557,Low,0.0,,
https://pharos.nih.gov/idg/targets/P29375,P29375,GTEx,"Brain - Amygdala",0.4133,Low,0.0,,
https://pharos.nih.gov/idg/targets/P29375,P29375,GTEx,"Brain - Putamen (basal ganglia)",0.401228,Low,0.0,,
https://pharos.nih.gov/idg/targets/P29375,P29375,GTEx,"Brain - Anterior cingulate cortex (BA24)",0.338456,Low,0.0,,
https://pharos.nih.gov/idg/targets/P29375,P29375,GTEx,"Heart - Left Ventricle",0.310375,Low,0.0,,
https://pharos.nih.gov/idg/targets/P29375,P29375,"HPM Protein","B Cells",1.446482,High,0.0,,
https://pharos.nih.gov/idg/targets/P29375,P29375,"HPM Protein","Adult Lung",1.401592,High,0.0,,
https://pharos.nih.gov/idg/targets/P29375,P29375,"HPM Protein","Adult Prostate",1.398535,High,0.0,,
https://pharos.nih.gov/idg/targets/P29375,P29375,"HPM Protein","Adult Colon",1.386954,High,0.0,,
https://pharos.nih.gov/idg/targets/P29375,P29375,"HPM Protein","Adult Ovary",1.34382,High,0.0,,
https://pharos.nih.gov/idg/targets/P29375,P29375,"HPM Protein","Adult Testis",1.267361,High,0.0,,
https://pharos.nih.gov/idg/targets/P29375,P29375,"HPM Protein","Adult Gallbladder",1.14097,High,0.0,,
https://pharos.nih.gov/idg/targets/P29375,P29375,"HPM Protein","Adult Esophagus",1.132147,High,0.0,,
https://pharos.nih.gov/idg/targets/P29375,P29375,"HPM Protein","Adult Urinary Bladder",1.098228,Medium,0.0,,
https://pharos.nih.gov/idg/targets/P29375,P29375,"HPM Protein","CD8 Cells",1.080604,Medium,0.0,,
https://pharos.nih.gov/idg/targets/P29375,P29375,"HPM Protein","Adult Adrenal",1.046939,Medium,0.0,,
https://pharos.nih.gov/idg/targets/P29375,P29375,"HPM Protein","Adult Rectum",1.039056,Medium,0.0,,
https://pharos.nih.gov/idg/targets/P29375,P29375,"HPM Protein","Adult Liver",1.024601,Medium,0.0,,
https://pharos.nih.gov/idg/targets/P29375,P29375,"HPM Protein","Adult Kidney",0.97346,Medium,0.0,,
https://pharos.nih.gov/idg/targets/P29375,P29375,"HPM Protein","Adult Pancreas",0.947954,Medium,0.0,,
https://pharos.nih.gov/idg/targets/P29375,P29375,"HPM Protein","Fetal Liver",0.928207,Medium,0.0,,
https://pharos.nih.gov/idg/targets/P29375,P29375,"HPM Protein","Fetal Heart",0.907261,Medium,0.0,,
https://pharos.nih.gov/idg/targets/P29375,P29375,"HPM Protein","CD4 Cells",0.868373,Medium,0.0,,
https://pharos.nih.gov/idg/targets/P29375,P29375,"HPM Protein","Adult Retina",0.67649,Medium,0.0,,
https://pharos.nih.gov/idg/targets/P29375,P29375,"HPM Protein",Monocytes,0.65233,Medium,0.0,,
https://pharos.nih.gov/idg/targets/P29375,P29375,"HPM Protein","Fetal Brain",0.621749,Medium,0.0,,
https://pharos.nih.gov/idg/targets/P29375,P29375,"HPM Protein","Fetal Gut",0.599468,Low,0.0,,
https://pharos.nih.gov/idg/targets/P29375,P29375,"HPM Protein","Fetal Testis",0.552298,Low,0.0,,
https://pharos.nih.gov/idg/targets/P29375,P29375,"HPM Protein",Platelets,0.502761,Low,0.0,,
https://pharos.nih.gov/idg/targets/P29375,P29375,"HPM Protein","Fetal Ovary",0.477652,Low,0.0,,
https://pharos.nih.gov/idg/targets/P29375,P29375,"HPM Protein","Adult Frontal Cortex",0.428705,Low,0.0,,
https://pharos.nih.gov/idg/targets/P29375,P29375,"HPM Protein","Adult Spinal Cord",0.413092,Low,0.0,,
https://pharos.nih.gov/idg/targets/P29375,P29375,"HPM Protein","Adult Heart",0.175679,Low,0.0,,
https://pharos.nih.gov/idg/targets/P29375,P29375,"HPM Protein","NK Cells",0.040339,Low,0.0,,
https://pharos.nih.gov/idg/targets/P29375,P29375,"JensenLab Experiment HPM","Adrenal gland",0.0,null,0.5,,
https://pharos.nih.gov/idg/targets/P29375,P29375,"JensenLab Experiment HPM","Blood platelet",0.0,null,0.5,,
https://pharos.nih.gov/idg/targets/P29375,P29375,"JensenLab Experiment HPM",Brain,0.0,null,0.5,,
https://pharos.nih.gov/idg/targets/P29375,P29375,"JensenLab Experiment HPM",Colon,0.0,null,0.5,,
https://pharos.nih.gov/idg/targets/P29375,P29375,"JensenLab Experiment HPM","Frontal lobe",0.0,null,0.5,,
https://pharos.nih.gov/idg/targets/P29375,P29375,"JensenLab Experiment HPM","Gall bladder",0.0,null,0.5,,
https://pharos.nih.gov/idg/targets/P29375,P29375,"JensenLab Experiment HPM",Gut,0.0,null,0.5,,
https://pharos.nih.gov/idg/targets/P29375,P29375,"JensenLab Experiment HPM",Heart,0.0,null,0.6,,
https://pharos.nih.gov/idg/targets/P29375,P29375,"JensenLab Experiment HPM",Kidney,0.0,null,0.6,,
https://pharos.nih.gov/idg/targets/P29375,P29375,"JensenLab Experiment HPM",Liver,0.0,null,0.5,,
https://pharos.nih.gov/idg/targets/P29375,P29375,"JensenLab Experiment HPM",Lung,0.0,null,0.5,,
https://pharos.nih.gov/idg/targets/P29375,P29375,"JensenLab Experiment HPM",B-lymphocyte,0.0,null,0.7,,
https://pharos.nih.gov/idg/targets/P29375,P29375,"JensenLab Experiment HPM","Natural killer cell",0.0,null,0.6,,
https://pharos.nih.gov/idg/targets/P29375,P29375,"JensenLab Experiment HPM",Esophagus,0.0,null,0.6,,
https://pharos.nih.gov/idg/targets/P29375,P29375,"JensenLab Experiment HPM",Ovary,0.0,null,0.6,,
https://pharos.nih.gov/idg/targets/P29375,P29375,"JensenLab Experiment HPM",Pancreas,0.0,null,0.5,,
https://pharos.nih.gov/idg/targets/P29375,P29375,"JensenLab Experiment HPM",Placenta,0.0,null,0.5,,
https://pharos.nih.gov/idg/targets/P29375,P29375,"JensenLab Experiment HPM","Prostate gland",0.0,null,0.5,,
https://pharos.nih.gov/idg/targets/P29375,P29375,"JensenLab Experiment HPM",Rectum,0.0,null,0.5,,
https://pharos.nih.gov/idg/targets/P29375,P29375,"JensenLab Experiment HPM",Retina,0.0,null,0.6,,
https://pharos.nih.gov/idg/targets/P29375,P29375,"JensenLab Experiment HPM","Spinal cord",0.0,null,0.6,,
https://pharos.nih.gov/idg/targets/P29375,P29375,"JensenLab Experiment HPM",Testis,0.0,null,0.7,,
https://pharos.nih.gov/idg/targets/P29375,P29375,"JensenLab Experiment HPM","Urinary bladder",0.0,null,0.5,,
https://pharos.nih.gov/idg/targets/P29375,P29375,"JensenLab Experiment HPM",BTO:0004410,0.0,null,0.7,,
https://pharos.nih.gov/idg/targets/P29375,P29375,"JensenLab Experiment HPM",BTO:0005453,0.0,null,0.6,,
https://pharos.nih.gov/idg/targets/P29375,P29375,"HPA RNA","adipose tissue",0.0,Medium,0.0,,
https://pharos.nih.gov/idg/targets/P29375,P29375,"HPA RNA","adrenal gland",0.0,Medium,0.0,,
https://pharos.nih.gov/idg/targets/P29375,P29375,"HPA RNA",appendix,0.0,High,0.0,,
https://pharos.nih.gov/idg/targets/P29375,P29375,"HPA RNA","bone marrow",0.0,High,0.0,,
https://pharos.nih.gov/idg/targets/P29375,P29375,"HPA RNA",breast,0.0,Medium,0.0,,
https://pharos.nih.gov/idg/targets/P29375,P29375,"HPA RNA","cerebral cortex",0.0,Medium,0.0,,
https://pharos.nih.gov/idg/targets/P29375,P29375,"HPA RNA","cervix, uterine",0.0,Medium,0.0,,
https://pharos.nih.gov/idg/targets/P29375,P29375,"HPA RNA",colon,0.0,Low,0.0,,
https://pharos.nih.gov/idg/targets/P29375,P29375,"HPA RNA",duodenum,0.0,Low,0.0,,
https://pharos.nih.gov/idg/targets/P29375,P29375,"HPA RNA",endometrium,0.0,High,0.0,,
https://pharos.nih.gov/idg/targets/P29375,P29375,"HPA RNA",epididymis,0.0,Medium,0.0,,
https://pharos.nih.gov/idg/targets/P29375,P29375,"HPA RNA",esophagus,0.0,Medium,0.0,,
https://pharos.nih.gov/idg/targets/P29375,P29375,"HPA RNA","fallopian tube",0.0,Medium,0.0,,
https://pharos.nih.gov/idg/targets/P29375,P29375,"HPA RNA",gallbladder,0.0,Medium,0.0,,
https://pharos.nih.gov/idg/targets/P29375,P29375,"HPA RNA","heart muscle",0.0,Low,0.0,,
https://pharos.nih.gov/idg/targets/P29375,P29375,"HPA RNA",kidney,0.0,Medium,0.0,,
https://pharos.nih.gov/idg/targets/P29375,P29375,"HPA RNA",liver,0.0,Low,0.0,,
https://pharos.nih.gov/idg/targets/P29375,P29375,"HPA RNA",lung,0.0,Medium,0.0,,
https://pharos.nih.gov/idg/targets/P29375,P29375,"HPA RNA","lymph node",0.0,High,0.0,,
https://pharos.nih.gov/idg/targets/P29375,P29375,"HPA RNA",ovary,0.0,Medium,0.0,,
https://pharos.nih.gov/idg/targets/P29375,P29375,"HPA RNA",pancreas,0.0,Low,0.0,,
https://pharos.nih.gov/idg/targets/P29375,P29375,"HPA RNA","parathyroid gland",0.0,High,0.0,,
https://pharos.nih.gov/idg/targets/P29375,P29375,"HPA RNA",placenta,0.0,High,0.0,,
https://pharos.nih.gov/idg/targets/P29375,P29375,"HPA RNA",prostate,0.0,Medium,0.0,,
https://pharos.nih.gov/idg/targets/P29375,P29375,"HPA RNA",rectum,0.0,Medium,0.0,,
https://pharos.nih.gov/idg/targets/P29375,P29375,"HPA RNA","salivary gland",0.0,Low,0.0,,
https://pharos.nih.gov/idg/targets/P29375,P29375,"HPA RNA","seminal vesicle",0.0,Medium,0.0,,
https://pharos.nih.gov/idg/targets/P29375,P29375,"HPA RNA","skeletal muscle",0.0,Low,0.0,,
https://pharos.nih.gov/idg/targets/P29375,P29375,"HPA RNA",skin,0.0,High,0.0,,
https://pharos.nih.gov/idg/targets/P29375,P29375,"HPA RNA","small intestine",0.0,Low,0.0,,
https://pharos.nih.gov/idg/targets/P29375,P29375,"HPA RNA","smooth muscle",0.0,Medium,0.0,,
https://pharos.nih.gov/idg/targets/P29375,P29375,"HPA RNA",spleen,0.0,High,0.0,,
https://pharos.nih.gov/idg/targets/P29375,P29375,"HPA RNA",stomach,0.0,Medium,0.0,,
https://pharos.nih.gov/idg/targets/P29375,P29375,"HPA RNA",testis,0.0,High,0.0,,
https://pharos.nih.gov/idg/targets/P29375,P29375,"HPA RNA","thyroid gland",0.0,High,0.0,,
https://pharos.nih.gov/idg/targets/P29375,P29375,"HPA RNA",tonsil,0.0,Medium,0.0,,
https://pharos.nih.gov/idg/targets/P29375,P29375,"HPA RNA","urinary bladder",0.0,Medium,0.0,,
https://pharos.nih.gov/idg/targets/Q9UIF8,Q9UIF8,Consensus,"Liver and Pancreas",0.0,Low,0.0,,
https://pharos.nih.gov/idg/targets/Q9UIF8,Q9UIF8,Consensus,"Digestive Tract",0.0,Medium,0.0,,
https://pharos.nih.gov/idg/targets/Q9UIF8,Q9UIF8,Consensus,"Urinary Tract",0.0,Medium,0.0,,
https://pharos.nih.gov/idg/targets/Q9UIF8,Q9UIF8,Consensus,"Endocrine System",0.0,High,0.0,,
https://pharos.nih.gov/idg/targets/Q9UIF8,Q9UIF8,Consensus,"Blood and immune system",0.0,Low,0.0,,
https://pharos.nih.gov/idg/targets/Q9UIF8,Q9UIF8,Consensus,"Respiratory system",0.0,High,0.0,,
https://pharos.nih.gov/idg/targets/Q9UIF8,Q9UIF8,Consensus,"Female tissues",0.0,High,0.0,,
https://pharos.nih.gov/idg/targets/Q9UIF8,Q9UIF8,Consensus,"Male tissues",0.0,Medium,0.0,,
https://pharos.nih.gov/idg/targets/Q9UIF8,Q9UIF8,Consensus,"Skin and soft tissues",0.0,Medium,0.0,,
https://pharos.nih.gov/idg/targets/Q9UIF8,Q9UIF8,Consensus,"Nervous System",0.0,High,0.0,,
https://pharos.nih.gov/idg/targets/Q9UIF8,Q9UIF8,Consensus,"Cardiovascular System",0.0,Low,0.0,,
https://pharos.nih.gov/idg/targets/Q9UIF8,Q9UIF8,GTEx,Ovary,1.284882,High,0.0,,
https://pharos.nih.gov/idg/targets/Q9UIF8,Q9UIF8,GTEx,Uterus,1.235655,High,0.0,,
https://pharos.nih.gov/idg/targets/Q9UIF8,Q9UIF8,GTEx,"Brain - Cerebellar Hemisphere",1.161368,High,0.0,,
https://pharos.nih.gov/idg/targets/Q9UIF8,Q9UIF8,GTEx,"Brain - Cerebellum",1.145818,High,0.0,,
https://pharos.nih.gov/idg/targets/Q9UIF8,Q9UIF8,GTEx,"Nerve - Tibial",1.136721,High,0.0,,
https://pharos.nih.gov/idg/targets/Q9UIF8,Q9UIF8,GTEx,Testis,1.127267,High,0.0,,
https://pharos.nih.gov/idg/targets/Q9UIF8,Q9UIF8,GTEx,Thyroid,1.117768,High,0.0,,
https://pharos.nih.gov/idg/targets/Q9UIF8,Q9UIF8,GTEx,Pituitary,1.096215,High,0.0,,
https://pharos.nih.gov/idg/targets/Q9UIF8,Q9UIF8,GTEx,Vagina,1.09237,High,0.0,,
https://pharos.nih.gov/idg/targets/Q9UIF8,Q9UIF8,GTEx,Lung,1.042576,High,0.0,,
https://pharos.nih.gov/idg/targets/Q9UIF8,Q9UIF8,GTEx,Spleen,1.035109,High,0.0,,
https://pharos.nih.gov/idg/targets/Q9UIF8,Q9UIF8,GTEx,"Colon - Sigmoid",0.96341,High,0.0,,
https://pharos.nih.gov/idg/targets/Q9UIF8,Q9UIF8,GTEx,"Adipose - Visceral (Omentum)",0.962772,High,0.0,,
https://pharos.nih.gov/idg/targets/Q9UIF8,Q9UIF8,GTEx,"Artery - Coronary",0.961516,Medium,0.0,,
https://pharos.nih.gov/idg/targets/Q9UIF8,Q9UIF8,GTEx,"Breast - Mammary Tissue",0.957176,Medium,0.0,,
https://pharos.nih.gov/idg/targets/Q9UIF8,Q9UIF8,GTEx,"Artery - Aorta",0.933031,Medium,0.0,,
https://pharos.nih.gov/idg/targets/Q9UIF8,Q9UIF8,GTEx,"Brain - Spinal cord (cervical c-1)",0.931204,Medium,0.0,,
https://pharos.nih.gov/idg/targets/Q9UIF8,Q9UIF8,GTEx,"Skin - Not Sun Exposed (Suprapubic)",0.91947,Medium,0.0,,
https://pharos.nih.gov/idg/targets/Q9UIF8,Q9UIF8,GTEx,"Esophagus - Gastroesophageal Junction",0.91824,Medium,0.0,,
https://pharos.nih.gov/idg/targets/Q9UIF8,Q9UIF8,GTEx,"Minor Salivary Gland",0.915004,Medium,0.0,,
https://pharos.nih.gov/idg/targets/Q9UIF8,Q9UIF8,GTEx,Prostate,0.914528,Medium,0.0,,
https://pharos.nih.gov/idg/targets/Q9UIF8,Q9UIF8,GTEx,"Adipose - Subcutaneous",0.90124,Medium,0.0,,
https://pharos.nih.gov/idg/targets/Q9UIF8,Q9UIF8,GTEx,"Esophagus - Mucosa",0.891035,Medium,0.0,,
https://pharos.nih.gov/idg/targets/Q9UIF8,Q9UIF8,GTEx,"Adrenal Gland",0.883264,Medium,0.0,,
https://pharos.nih.gov/idg/targets/Q9UIF8,Q9UIF8,GTEx,"Esophagus - Muscularis",0.877976,Medium,0.0,,
https://pharos.nih.gov/idg/targets/Q9UIF8,Q9UIF8,GTEx,"Colon - Transverse",0.863501,Medium,0.0,,
https://pharos.nih.gov/idg/targets/Q9UIF8,Q9UIF8,GTEx,"Small Intestine - Terminal Ileum",0.85564,Medium,0.0,,
https://pharos.nih.gov/idg/targets/Q9UIF8,Q9UIF8,GTEx,"Artery - Tibial",0.849266,Medium,0.0,,
https://pharos.nih.gov/idg/targets/Q9UIF8,Q9UIF8,GTEx,"Skin - Sun Exposed (Lower leg)",0.821186,Medium,0.0,,
https://pharos.nih.gov/idg/targets/Q9UIF8,Q9UIF8,GTEx,Stomach,0.814181,Medium,0.0,,
https://pharos.nih.gov/idg/targets/Q9UIF8,Q9UIF8,GTEx,"Cells - EBV-transformed lymphocytes",0.680245,Medium,0.0,,
https://pharos.nih.gov/idg/targets/Q9UIF8,Q9UIF8,GTEx,"Brain - Caudate (basal ganglia)",0.667453,Medium,0.0,,
https://pharos.nih.gov/idg/targets/Q9UIF8,Q9UIF8,GTEx,"Brain - Hypothalamus",0.658441,Medium,0.0,,
https://pharos.nih.gov/idg/targets/Q9UIF8,Q9UIF8,GTEx,"Brain - Nucleus accumbens (basal ganglia)",0.648848,Medium,0.0,,
https://pharos.nih.gov/idg/targets/Q9UIF8,Q9UIF8,GTEx,"Brain - Putamen (basal ganglia)",0.61721,Medium,0.0,,
https://pharos.nih.gov/idg/targets/Q9UIF8,Q9UIF8,GTEx,"Brain - Amygdala",0.611989,Medium,0.0,,
https://pharos.nih.gov/idg/targets/Q9UIF8,Q9UIF8,GTEx,"Brain - Substantia nigra",0.609274,Medium,0.0,,
https://pharos.nih.gov/idg/targets/Q9UIF8,Q9UIF8,GTEx,"Brain - Cortex",0.607133,Low,0.0,,
https://pharos.nih.gov/idg/targets/Q9UIF8,Q9UIF8,GTEx,"Brain - Hippocampus",0.593064,Low,0.0,,
https://pharos.nih.gov/idg/targets/Q9UIF8,Q9UIF8,GTEx,"Cells - Transformed fibroblasts",0.590284,Low,0.0,,
https://pharos.nih.gov/idg/targets/Q9UIF8,Q9UIF8,GTEx,Pancreas,0.559667,Low,0.0,,
https://pharos.nih.gov/idg/targets/Q9UIF8,Q9UIF8,GTEx,"Muscle - Skeletal",0.539703,Low,0.0,,
https://pharos.nih.gov/idg/targets/Q9UIF8,Q9UIF8,GTEx,"Brain - Frontal Cortex (BA9)",0.537567,Low,0.0,,
https://pharos.nih.gov/idg/targets/Q9UIF8,Q9UIF8,GTEx,"Heart - Atrial Appendage",0.520484,Low,0.0,,
https://pharos.nih.gov/idg/targets/Q9UIF8,Q9UIF8,GTEx,"Brain - Anterior cingulate cortex (BA24)",0.500236,Low,0.0,,
https://pharos.nih.gov/idg/targets/Q9UIF8,Q9UIF8,GTEx,"Kidney - Cortex",0.414556,Low,0.0,,
https://pharos.nih.gov/idg/targets/Q9UIF8,Q9UIF8,GTEx,"Whole Blood",0.407391,Low,0.0,,
https://pharos.nih.gov/idg/targets/Q9UIF8,Q9UIF8,GTEx,Liver,0.361161,Low,0.0,,
https://pharos.nih.gov/idg/targets/Q9UIF8,Q9UIF8,GTEx,"Heart - Left Ventricle",0.244895,Low,0.0,,
https://pharos.nih.gov/idg/targets/Q9UIF8,Q9UIF8,"HPM Protein","Adult Testis",1.276472,High,0.0,,
https://pharos.nih.gov/idg/targets/Q9UIF8,Q9UIF8,"HPM Protein","Adult Adrenal",1.137928,High,0.0,,
https://pharos.nih.gov/idg/targets/Q9UIF8,Q9UIF8,"HPM Protein","Adult Heart",0.638896,High,0.0,,
https://pharos.nih.gov/idg/targets/Q9UIF8,Q9UIF8,"HPM Protein","Fetal Heart",0.415761,Medium,0.0,,
https://pharos.nih.gov/idg/targets/Q9UIF8,Q9UIF8,"HPM Protein","CD8 Cells",0.368156,Medium,0.0,,
https://pharos.nih.gov/idg/targets/Q9UIF8,Q9UIF8,"HPM Protein","Adult Lung",0.208004,Medium,0.0,,
https://pharos.nih.gov/idg/targets/Q9UIF8,Q9UIF8,"HPM Protein","Adult Ovary",0.119272,Medium,0.0,,
https://pharos.nih.gov/idg/targets/Q9UIF8,Q9UIF8,"HPM Protein","Fetal Liver",0.057759,Low,0.0,,
https://pharos.nih.gov/idg/targets/Q9UIF8,Q9UIF8,"HPM Protein","NK Cells",0.040339,Low,0.0,,
https://pharos.nih.gov/idg/targets/Q9UIF8,Q9UIF8,"HPM Protein",Platelets,0.034983,Low,0.0,,
https://pharos.nih.gov/idg/targets/Q9UIF8,Q9UIF8,"JensenLab Experiment HPM","Adrenal gland",0.0,null,0.6,,
https://pharos.nih.gov/idg/targets/Q9UIF8,Q9UIF8,"JensenLab Experiment HPM","Blood platelet",0.0,null,0.5,,
https://pharos.nih.gov/idg/targets/Q9UIF8,Q9UIF8,"JensenLab Experiment HPM","Frontal lobe",0.0,null,0.5,,
https://pharos.nih.gov/idg/targets/Q9UIF8,Q9UIF8,"JensenLab Experiment HPM","Gall bladder",0.0,null,0.5,,
https://pharos.nih.gov/idg/targets/Q9UIF8,Q9UIF8,"JensenLab Experiment HPM",Gut,0.0,null,0.5,,
https://pharos.nih.gov/idg/targets/Q9UIF8,Q9UIF8,"JensenLab Experiment HPM",Heart,0.0,null,0.6,,
https://pharos.nih.gov/idg/targets/Q9UIF8,Q9UIF8,"JensenLab Experiment HPM",Liver,0.0,null,0.6,,
https://pharos.nih.gov/idg/targets/Q9UIF8,Q9UIF8,"JensenLab Experiment HPM",Lung,0.0,null,0.5,,
https://pharos.nih.gov/idg/targets/Q9UIF8,Q9UIF8,"JensenLab Experiment HPM","Natural killer cell",0.0,null,0.5,,
https://pharos.nih.gov/idg/targets/Q9UIF8,Q9UIF8,"JensenLab Experiment HPM",Ovary,0.0,null,0.6,,
https://pharos.nih.gov/idg/targets/Q9UIF8,Q9UIF8,"JensenLab Experiment HPM",Pancreas,0.0,null,0.6,,
https://pharos.nih.gov/idg/targets/Q9UIF8,Q9UIF8,"JensenLab Experiment HPM","Prostate gland",0.0,null,0.5,,
https://pharos.nih.gov/idg/targets/Q9UIF8,Q9UIF8,"JensenLab Experiment HPM",Rectum,0.0,null,0.5,,
https://pharos.nih.gov/idg/targets/Q9UIF8,Q9UIF8,"JensenLab Experiment HPM",Testis,0.0,null,1.0,,
https://pharos.nih.gov/idg/targets/Q9UIF8,Q9UIF8,"JensenLab Experiment HPM","Urinary bladder",0.0,null,0.5,,
https://pharos.nih.gov/idg/targets/Q9UIF8,Q9UIF8,"JensenLab Experiment HPM",BTO:0004410,0.0,null,0.6,,
https://pharos.nih.gov/idg/targets/Q9UIF8,Q9UIF8,"HPA RNA","adipose tissue",0.0,Medium,0.0,,
https://pharos.nih.gov/idg/targets/Q9UIF8,Q9UIF8,"HPA RNA","adrenal gland",0.0,Medium,0.0,,
https://pharos.nih.gov/idg/targets/Q9UIF8,Q9UIF8,"HPA RNA",appendix,0.0,Medium,0.0,,
https://pharos.nih.gov/idg/targets/Q9UIF8,Q9UIF8,"HPA RNA","bone marrow",0.0,Medium,0.0,,
https://pharos.nih.gov/idg/targets/Q9UIF8,Q9UIF8,"HPA RNA",breast,0.0,Medium,0.0,,
https://pharos.nih.gov/idg/targets/Q9UIF8,Q9UIF8,"HPA RNA","cerebral cortex",0.0,High,0.0,,
https://pharos.nih.gov/idg/targets/Q9UIF8,Q9UIF8,"HPA RNA","cervix, uterine",0.0,High,0.0,,
https://pharos.nih.gov/idg/targets/Q9UIF8,Q9UIF8,"HPA RNA",colon,0.0,Medium,0.0,,
https://pharos.nih.gov/idg/targets/Q9UIF8,Q9UIF8,"HPA RNA",duodenum,0.0,Low,0.0,,
https://pharos.nih.gov/idg/targets/Q9UIF8,Q9UIF8,"HPA RNA",endometrium,0.0,High,0.0,,
https://pharos.nih.gov/idg/targets/Q9UIF8,Q9UIF8,"HPA RNA",epididymis,0.0,Medium,0.0,,
https://pharos.nih.gov/idg/targets/Q9UIF8,Q9UIF8,"HPA RNA",esophagus,0.0,Medium,0.0,,
https://pharos.nih.gov/idg/targets/Q9UIF8,Q9UIF8,"HPA RNA","fallopian tube",0.0,High,0.0,,
https://pharos.nih.gov/idg/targets/Q9UIF8,Q9UIF8,"HPA RNA",gallbladder,0.0,High,0.0,,
https://pharos.nih.gov/idg/targets/Q9UIF8,Q9UIF8,"HPA RNA","heart muscle",0.0,Low,0.0,,
https://pharos.nih.gov/idg/targets/Q9UIF8,Q9UIF8,"HPA RNA",kidney,0.0,Medium,0.0,,
https://pharos.nih.gov/idg/targets/Q9UIF8,Q9UIF8,"HPA RNA",liver,0.0,Low,0.0,,
https://pharos.nih.gov/idg/targets/Q9UIF8,Q9UIF8,"HPA RNA",lung,0.0,High,0.0,,
https://pharos.nih.gov/idg/targets/Q9UIF8,Q9UIF8,"HPA RNA","lymph node",0.0,Low,0.0,,
https://pharos.nih.gov/idg/targets/Q9UIF8,Q9UIF8,"HPA RNA",ovary,0.0,High,0.0,,
https://pharos.nih.gov/idg/targets/Q9UIF8,Q9UIF8,"HPA RNA",pancreas,0.0,Low,0.0,,
https://pharos.nih.gov/idg/targets/Q9UIF8,Q9UIF8,"HPA RNA","parathyroid gland",0.0,High,0.0,,
https://pharos.nih.gov/idg/targets/Q9UIF8,Q9UIF8,"HPA RNA",placenta,0.0,Medium,0.0,,
https://pharos.nih.gov/idg/targets/Q9UIF8,Q9UIF8,"HPA RNA",prostate,0.0,Medium,0.0,,
https://pharos.nih.gov/idg/targets/Q9UIF8,Q9UIF8,"HPA RNA",rectum,0.0,Medium,0.0,,
https://pharos.nih.gov/idg/targets/Q9UIF8,Q9UIF8,"HPA RNA","salivary gland",0.0,Low,0.0,,
https://pharos.nih.gov/idg/targets/Q9UIF8,Q9UIF8,"HPA RNA","seminal vesicle",0.0,Medium,0.0,,
https://pharos.nih.gov/idg/targets/Q9UIF8,Q9UIF8,"HPA RNA","skeletal muscle",0.0,Low,0.0,,
https://pharos.nih.gov/idg/targets/Q9UIF8,Q9UIF8,"HPA RNA",skin,0.0,Medium,0.0,,
https://pharos.nih.gov/idg/targets/Q9UIF8,Q9UIF8,"HPA RNA","small intestine",0.0,Medium,0.0,,
https://pharos.nih.gov/idg/targets/Q9UIF8,Q9UIF8,"HPA RNA","smooth muscle",0.0,Medium,0.0,,
https://pharos.nih.gov/idg/targets/Q9UIF8,Q9UIF8,"HPA RNA",spleen,0.0,Medium,0.0,,
https://pharos.nih.gov/idg/targets/Q9UIF8,Q9UIF8,"HPA RNA",stomach,0.0,Low,0.0,,
https://pharos.nih.gov/idg/targets/Q9UIF8,Q9UIF8,"HPA RNA",testis,0.0,High,0.0,,
https://pharos.nih.gov/idg/targets/Q9UIF8,Q9UIF8,"HPA RNA","thyroid gland",0.0,High,0.0,,
https://pharos.nih.gov/idg/targets/Q9UIF8,Q9UIF8,"HPA RNA",tonsil,0.0,Low,0.0,,
https://pharos.nih.gov/idg/targets/Q9UIF8,Q9UIF8,"HPA RNA","urinary bladder",0.0,Medium,0.0,,
https://pharos.nih.gov/idg/targets/Q9Y468,Q9Y468,Consensus,"Liver and Pancreas",0.0,Low,0.0,,
https://pharos.nih.gov/idg/targets/Q9Y468,Q9Y468,Consensus,"Digestive Tract",0.0,Medium,0.0,,
https://pharos.nih.gov/idg/targets/Q9Y468,Q9Y468,Consensus,"Urinary Tract",0.0,Low,0.0,,
https://pharos.nih.gov/idg/targets/Q9Y468,Q9Y468,Consensus,"Endocrine System",0.0,High,0.0,,
https://pharos.nih.gov/idg/targets/Q9Y468,Q9Y468,Consensus,"Blood and immune system",0.0,Medium,0.0,,
https://pharos.nih.gov/idg/targets/Q9Y468,Q9Y468,Consensus,"Respiratory system",0.0,Medium,0.0,,
https://pharos.nih.gov/idg/targets/Q9Y468,Q9Y468,Consensus,"Female tissues",0.0,Medium,0.0,,
https://pharos.nih.gov/idg/targets/Q9Y468,Q9Y468,Consensus,"Male tissues",0.0,High,0.0,,
https://pharos.nih.gov/idg/targets/Q9Y468,Q9Y468,Consensus,"Skin and soft tissues",0.0,Medium,0.0,,
https://pharos.nih.gov/idg/targets/Q9Y468,Q9Y468,Consensus,"Nervous System",0.0,High,0.0,,
https://pharos.nih.gov/idg/targets/Q9Y468,Q9Y468,Consensus,"Cardiovascular System",0.0,Medium,0.0,,
https://pharos.nih.gov/idg/targets/Q9Y468,Q9Y468,GTEx,"Brain - Cerebellum",1.539076,High,0.0,,
https://pharos.nih.gov/idg/targets/Q9Y468,Q9Y468,GTEx,"Brain - Cerebellar Hemisphere",1.471145,High,0.0,,
https://pharos.nih.gov/idg/targets/Q9Y468,Q9Y468,GTEx,Pituitary,1.435765,High,0.0,,
https://pharos.nih.gov/idg/targets/Q9Y468,Q9Y468,GTEx,Testis,1.295237,High,0.0,,
https://pharos.nih.gov/idg/targets/Q9Y468,Q9Y468,GTEx,Ovary,1.28892,High,0.0,,
https://pharos.nih.gov/idg/targets/Q9Y468,Q9Y468,GTEx,Uterus,1.285107,High,0.0,,
https://pharos.nih.gov/idg/targets/Q9Y468,Q9Y468,GTEx,Thyroid,1.213916,High,0.0,,
https://pharos.nih.gov/idg/targets/Q9Y468,Q9Y468,GTEx,Vagina,1.170848,High,0.0,,
https://pharos.nih.gov/idg/targets/Q9Y468,Q9Y468,GTEx,"Brain - Cortex",1.147212,High,0.0,,
https://pharos.nih.gov/idg/targets/Q9Y468,Q9Y468,GTEx,"Brain - Hypothalamus",1.118761,High,0.0,,
https://pharos.nih.gov/idg/targets/Q9Y468,Q9Y468,GTEx,"Artery - Aorta",1.070407,High,0.0,,
https://pharos.nih.gov/idg/targets/Q9Y468,Q9Y468,GTEx,"Nerve - Tibial",1.057666,High,0.0,,
https://pharos.nih.gov/idg/targets/Q9Y468,Q9Y468,GTEx,Prostate,1.034428,High,0.0,,
https://pharos.nih.gov/idg/targets/Q9Y468,Q9Y468,GTEx,Spleen,1.033906,Medium,0.0,,
https://pharos.nih.gov/idg/targets/Q9Y468,Q9Y468,GTEx,"Colon - Sigmoid",1.01157,Medium,0.0,,
https://pharos.nih.gov/idg/targets/Q9Y468,Q9Y468,GTEx,"Artery - Coronary",0.989717,Medium,0.0,,
https://pharos.nih.gov/idg/targets/Q9Y468,Q9Y468,GTEx,"Small Intestine - Terminal Ileum",0.980049,Medium,0.0,,
https://pharos.nih.gov/idg/targets/Q9Y468,Q9Y468,GTEx,"Brain - Frontal Cortex (BA9)",0.970719,Medium,0.0,,
https://pharos.nih.gov/idg/targets/Q9Y468,Q9Y468,GTEx,"Esophagus - Muscularis",0.963646,Medium,0.0,,
https://pharos.nih.gov/idg/targets/Q9Y468,Q9Y468,GTEx,"Esophagus - Gastroesophageal Junction",0.951702,Medium,0.0,,
https://pharos.nih.gov/idg/targets/Q9Y468,Q9Y468,GTEx,"Artery - Tibial",0.934549,Medium,0.0,,
https://pharos.nih.gov/idg/targets/Q9Y468,Q9Y468,GTEx,"Brain - Nucleus accumbens (basal ganglia)",0.899136,Medium,0.0,,
https://pharos.nih.gov/idg/targets/Q9Y468,Q9Y468,GTEx,"Adrenal Gland",0.894925,Medium,0.0,,
https://pharos.nih.gov/idg/targets/Q9Y468,Q9Y468,GTEx,"Brain - Anterior cingulate cortex (BA24)",0.871981,Medium,0.0,,
https://pharos.nih.gov/idg/targets/Q9Y468,Q9Y468,GTEx,"Brain - Hippocampus",0.846275,Medium,0.0,,
https://pharos.nih.gov/idg/targets/Q9Y468,Q9Y468,GTEx,"Brain - Substantia nigra",0.769746,Medium,0.0,,
https://pharos.nih.gov/idg/targets/Q9Y468,Q9Y468,GTEx,"Brain - Amygdala",0.760837,Medium,0.0,,
https://pharos.nih.gov/idg/targets/Q9Y468,Q9Y468,GTEx,"Brain - Caudate (basal ganglia)",0.742332,Medium,0.0,,
https://pharos.nih.gov/idg/targets/Q9Y468,Q9Y468,GTEx,"Minor Salivary Gland",0.740797,Medium,0.0,,
https://pharos.nih.gov/idg/targets/Q9Y468,Q9Y468,GTEx,"Brain - Spinal cord (cervical c-1)",0.736835,Medium,0.0,,
https://pharos.nih.gov/idg/targets/Q9Y468,Q9Y468,GTEx,"Skin - Not Sun Exposed (Suprapubic)",0.735279,Medium,0.0,,
https://pharos.nih.gov/idg/targets/Q9Y468,Q9Y468,GTEx,"Esophagus - Mucosa",0.731508,Medium,0.0,,
https://pharos.nih.gov/idg/targets/Q9Y468,Q9Y468,GTEx,Lung,0.722716,Medium,0.0,,
https://pharos.nih.gov/idg/targets/Q9Y468,Q9Y468,GTEx,"Breast - Mammary Tissue",0.721068,Medium,0.0,,
https://pharos.nih.gov/idg/targets/Q9Y468,Q9Y468,GTEx,"Skin - Sun Exposed (Lower leg)",0.715836,Medium,0.0,,
https://pharos.nih.gov/idg/targets/Q9Y468,Q9Y468,GTEx,"Adipose - Visceral (Omentum)",0.691877,Medium,0.0,,
https://pharos.nih.gov/idg/targets/Q9Y468,Q9Y468,GTEx,Stomach,0.67006,Medium,0.0,,
https://pharos.nih.gov/idg/targets/Q9Y468,Q9Y468,GTEx,"Kidney - Cortex",0.658965,Low,0.0,,
https://pharos.nih.gov/idg/targets/Q9Y468,Q9Y468,GTEx,"Cells - EBV-transformed lymphocytes",0.65273,Low,0.0,,
https://pharos.nih.gov/idg/targets/Q9Y468,Q9Y468,GTEx,"Adipose - Subcutaneous",0.649627,Low,0.0,,
https://pharos.nih.gov/idg/targets/Q9Y468,Q9Y468,GTEx,"Brain - Putamen (basal ganglia)",0.615845,Low,0.0,,
https://pharos.nih.gov/idg/targets/Q9Y468,Q9Y468,GTEx,"Colon - Transverse",0.572349,Low,0.0,,
https://pharos.nih.gov/idg/targets/Q9Y468,Q9Y468,GTEx,"Heart - Atrial Appendage",0.479287,Low,0.0,,
https://pharos.nih.gov/idg/targets/Q9Y468,Q9Y468,GTEx,"Muscle - Skeletal",0.369865,Low,0.0,,
https://pharos.nih.gov/idg/targets/Q9Y468,Q9Y468,GTEx,Pancreas,0.259594,Low,0.0,,
https://pharos.nih.gov/idg/targets/Q9Y468,Q9Y468,GTEx,"Heart - Left Ventricle",0.211788,Low,0.0,,
https://pharos.nih.gov/idg/targets/Q9Y468,Q9Y468,GTEx,"Cells - Transformed fibroblasts",0.209247,Low,0.0,,
https://pharos.nih.gov/idg/targets/Q9Y468,Q9Y468,GTEx,Liver,0.164502,Low,0.0,,
https://pharos.nih.gov/idg/targets/Q9Y468,Q9Y468,GTEx,"Whole Blood",0.100026,Low,0.0,,
https://pharos.nih.gov/idg/targets/Q9Y468,Q9Y468,"HPM Protein","Fetal Heart",0.682582,High,0.0,,
https://pharos.nih.gov/idg/targets/Q9Y468,Q9Y468,"JensenLab Experiment HPM",Heart,0.0,null,0.5,,
https://pharos.nih.gov/idg/targets/Q9Y468,Q9Y468,"HPA RNA","adipose tissue",0.0,Medium,0.0,,
https://pharos.nih.gov/idg/targets/Q9Y468,Q9Y468,"HPA RNA","adrenal gland",0.0,Medium,0.0,,
https://pharos.nih.gov/idg/targets/Q9Y468,Q9Y468,"HPA RNA",appendix,0.0,Medium,0.0,,
https://pharos.nih.gov/idg/targets/Q9Y468,Q9Y468,"HPA RNA","bone marrow",0.0,Medium,0.0,,
https://pharos.nih.gov/idg/targets/Q9Y468,Q9Y468,"HPA RNA",breast,0.0,Medium,0.0,,
https://pharos.nih.gov/idg/targets/Q9Y468,Q9Y468,"HPA RNA","cerebral cortex",0.0,High,0.0,,
https://pharos.nih.gov/idg/targets/Q9Y468,Q9Y468,"HPA RNA","cervix, uterine",0.0,Medium,0.0,,
https://pharos.nih.gov/idg/targets/Q9Y468,Q9Y468,"HPA RNA",colon,0.0,Low,0.0,,
https://pharos.nih.gov/idg/targets/Q9Y468,Q9Y468,"HPA RNA",duodenum,0.0,Medium,0.0,,
https://pharos.nih.gov/idg/targets/Q9Y468,Q9Y468,"HPA RNA",endometrium,0.0,High,0.0,,
https://pharos.nih.gov/idg/targets/Q9Y468,Q9Y468,"HPA RNA",epididymis,0.0,High,0.0,,
https://pharos.nih.gov/idg/targets/Q9Y468,Q9Y468,"HPA RNA",esophagus,0.0,Low,0.0,,
https://pharos.nih.gov/idg/targets/Q9Y468,Q9Y468,"HPA RNA","fallopian tube",0.0,High,0.0,,
https://pharos.nih.gov/idg/targets/Q9Y468,Q9Y468,"HPA RNA",gallbladder,0.0,Medium,0.0,,
https://pharos.nih.gov/idg/targets/Q9Y468,Q9Y468,"HPA RNA","heart muscle",0.0,Medium,0.0,,
https://pharos.nih.gov/idg/targets/Q9Y468,Q9Y468,"HPA RNA",kidney,0.0,Low,0.0,,
https://pharos.nih.gov/idg/targets/Q9Y468,Q9Y468,"HPA RNA",liver,0.0,Low,0.0,,
https://pharos.nih.gov/idg/targets/Q9Y468,Q9Y468,"HPA RNA",lung,0.0,Medium,0.0,,
https://pharos.nih.gov/idg/targets/Q9Y468,Q9Y468,"HPA RNA","lymph node",0.0,Medium,0.0,,
https://pharos.nih.gov/idg/targets/Q9Y468,Q9Y468,"HPA RNA",ovary,0.0,High,0.0,,
https://pharos.nih.gov/idg/targets/Q9Y468,Q9Y468,"HPA RNA",pancreas,0.0,Low,0.0,,
https://pharos.nih.gov/idg/targets/Q9Y468,Q9Y468,"HPA RNA","parathyroid gland",0.0,High,0.0,,
https://pharos.nih.gov/idg/targets/Q9Y468,Q9Y468,"HPA RNA",placenta,0.0,Medium,0.0,,
https://pharos.nih.gov/idg/targets/Q9Y468,Q9Y468,"HPA RNA",prostate,0.0,Medium,0.0,,
https://pharos.nih.gov/idg/targets/Q9Y468,Q9Y468,"HPA RNA",rectum,0.0,Medium,0.0,,
https://pharos.nih.gov/idg/targets/Q9Y468,Q9Y468,"HPA RNA","salivary gland",0.0,Low,0.0,,
https://pharos.nih.gov/idg/targets/Q9Y468,Q9Y468,"HPA RNA","seminal vesicle",0.0,High,0.0,,
https://pharos.nih.gov/idg/targets/Q9Y468,Q9Y468,"HPA RNA","skeletal muscle",0.0,Low,0.0,,
https://pharos.nih.gov/idg/targets/Q9Y468,Q9Y468,"HPA RNA",skin,0.0,High,0.0,,
https://pharos.nih.gov/idg/targets/Q9Y468,Q9Y468,"HPA RNA","small intestine",0.0,Medium,0.0,,
https://pharos.nih.gov/idg/targets/Q9Y468,Q9Y468,"HPA RNA","smooth muscle",0.0,Medium,0.0,,
https://pharos.nih.gov/idg/targets/Q9Y468,Q9Y468,"HPA RNA",spleen,0.0,Medium,0.0,,
https://pharos.nih.gov/idg/targets/Q9Y468,Q9Y468,"HPA RNA",stomach,0.0,Medium,0.0,,
https://pharos.nih.gov/idg/targets/Q9Y468,Q9Y468,"HPA RNA",testis,0.0,High,0.0,,
https://pharos.nih.gov/idg/targets/Q9Y468,Q9Y468,"HPA RNA","thyroid gland",0.0,High,0.0,,
https://pharos.nih.gov/idg/targets/Q9Y468,Q9Y468,"HPA RNA",tonsil,0.0,Medium,0.0,,
https://pharos.nih.gov/idg/targets/Q9Y468,Q9Y468,"HPA RNA","urinary bladder",0.0,Low,0.0,,
