"URL","Uniprot ID","PMID","Abstract"
https://pharos.nih.gov/idg/targets/P41229,P41229,27896428,"In vitro models indicated that KDM5C suppressed miR-320a transcription by directly binding to the promoter of miR-320a to prevent histone methylation. KITLG, an essential gene for ovarian development and primordial germ cell survival, was a direct target of miR-320a and that it was downregulated in 45,X fetal gonadal tissues."
https://pharos.nih.gov/idg/targets/P41229,P41229,27869828,"Mutation in KDM5C gene is associated with cancer more frequently in males."
https://pharos.nih.gov/idg/targets/P41229,P41229,27696497,"The predicted structure of KDM5C was used to investigate the effects of disease-causing mutations, and it was shown that the mutations alter domain stability and inter-domain interactions."
https://pharos.nih.gov/idg/targets/P41229,P41229,27211531,"Results suggest that KDM5C mutations predispose to X-linked intellectual disability which accounts for 1-4% of cases in male patient."
https://pharos.nih.gov/idg/targets/P41229,P41229,27058665,"Findings reveal a RACK7/KDM5C-regulated, dynamic interchange between histone H3K4me1 and H3K4me3 at active enhancers, representing an additional layer of regulation of enhancer activity. Authors propose that RACK7/KDM5C functions as an enhancer \"brake\" to ensure appropriate enhancer activity, which, when compromised, could contribute to tumorigenesis."
https://pharos.nih.gov/idg/targets/P41229,P41229,26919706,"The two mutations are present on the same maternal haplotype, suggesting that a postzygotic somatic mutation or a reversion error occurred at an early embryonic stage in the mother, leading to switched KDM5C mutations in the affected siblings."
https://pharos.nih.gov/idg/targets/P41229,P41229,26858085,"KDM5C expression was generally lower in cancer lesions compared with matched nontumor tissues.  KDM5C has a vital function in inhibiting cell mobility, which is at least partially controlled by the p53."
https://pharos.nih.gov/idg/targets/P41229,P41229,26645689,"Characterization of a Linked Jumonji Domain of the KDM5/JARID1 Family of Histone H3 Lysine 4 Demethylases."
https://pharos.nih.gov/idg/targets/P41229,P41229,26621457,"KDM5C is overexpressed in breast cancer cells and miR-138 regulates its expression."
https://pharos.nih.gov/idg/targets/P41229,P41229,26580603,"study of non-synonymous mutations in the KDM5C ARID domain and evaluates effects of 2 syndromic Claes-Jensen-type disease-associated missense mutations (A77T and D87G) and 3 non-classified missense mutations (R108W, N142S, and R179H); analysis indicates, among the non-classified mutations, R108W is possibly a disease-associated mutation, and N142S and R179H are probably harmless"
https://pharos.nih.gov/idg/targets/P41229,P41229,26551685,"these data suggest that inactivation of JARID1C in renal cancer leads to heterochromatin disruption, genomic rearrangement, and aggressive ccRCCs."
https://pharos.nih.gov/idg/targets/P41229,P41229,26503415,"Expression of KDM5C in hepatocellular carcinoma tumor cells promoted cell migration and tumor invasion."
https://pharos.nih.gov/idg/targets/P41229,P41229,26182878,"BRMS1 expression in human breast cancer is negatively correlated with JARID1C expression. Our results, for the first time, portray a pivotal role of JARID1C in regulating metastatic behaviors of breast cancer cells"
https://pharos.nih.gov/idg/targets/P41229,P41229,26059843,"the extent of the duplicated regions in each case encompassing a minimum of three known disease genes TSPYL2, KDM5C and IQSEC2, is reported."
https://pharos.nih.gov/idg/targets/P41229,P41229,25712104,"Data indicate the role for histone demethylase KDM5C/JARID1C in a specific phase of DNA replication in mammalian cells, through its demethylase activity on histone H3K4me3."
https://pharos.nih.gov/idg/targets/P41229,P41229,25666439,"Mutations in KDM5C gene in patients are described and their effect on gene expression, stability and catalytic activity is examined. Patient fibroblasts do not show global changes in histone methylation but several up-regulated genes were identified."
https://pharos.nih.gov/idg/targets/P41229,P41229,25222147,"These findings suggest that E2 recruits histone-modifying cellular proteins to the HPV LCR, resulting in transcriptional repression of E6 and E7."
https://pharos.nih.gov/idg/targets/P41229,P41229,25016185,"KDM5C is functionally involved in proliferation control of prostate cancer cells"
https://pharos.nih.gov/idg/targets/P41229,P41229,24583395,"Results indicate a KDM5C pathogenic mutational frequency of 0.7% among males with probable X-linked intellectual disability (XLID)."
https://pharos.nih.gov/idg/targets/P41229,P41229,24029645,"Mutation frequencies among CT images of clear cell RCCs were as follows: KDM5C, 6.9% (16 of 233)."
https://pharos.nih.gov/idg/targets/P41229,P41229,23356856,"DNA methylation at these three genes in blood correlated with dosage of KDM5C."
https://pharos.nih.gov/idg/targets/P41229,P41229,23246292,"We established that ARX polyA alterations damage the regulation of KDM5C expression."
https://pharos.nih.gov/idg/targets/P41229,P41229,22611640,"The KDM5C mutation carriers had higher mean scores on the abstract/visual and quantitative sections of the Stanford-Binet Intelligence Scale: Fourth Edition and lower mean short term memory scores."
https://pharos.nih.gov/idg/targets/P41229,P41229,22326837,"Herein we present a large family with X Linked Intellectual Disability caused by a novel mutation c.2T > C in the start codon of the KDM5C gene"
https://pharos.nih.gov/idg/targets/P41229,P41229,21725364,"Data show that von Hippel-Lindau (VHL) inactivation decreases H3K4Me3 levels through JARID1C, which alters gene expression and suppresses tumor growth."
https://pharos.nih.gov/idg/targets/P41229,P41229,21575681,"we describe clinical and genetic findings of a Brazilian family co-segregating a novel nonsense mutation (c.2172C>A) in exon 15 of KDM5C gene"
https://pharos.nih.gov/idg/targets/P41229,P41229,20538609,"the JmjN domain of Jhd2 is important for its protein stability, and the plant homeodomain (PHD) finger mediates its chromatin association independent of H3K4 methylation"
https://pharos.nih.gov/idg/targets/P41229,P41229,20054297,"identification of inactivating mutations in two genes--SETD2, a histone H3 lysine 36 methyltransferase, and JARID1C, a histone H3 lysine 4 demethylase--as well as mutations in the histone H3 lysine 27 demethylase, UTX in clear cell renal cell carcinoma"
https://pharos.nih.gov/idg/targets/P41229,P41229,19826449,"The two novel changes impair JARID1C protein function and are disease-causing mutations in the families reported."
https://pharos.nih.gov/idg/targets/P41229,P41229,19346402,"human NOT4 can polyubiquitinate human JARID1C/SMCX, a homolog of Jhd2, suggesting that this is likely a conserved mechanism"
https://pharos.nih.gov/idg/targets/P41229,P41229,18697827,"male patients with mental retardation, short stature and hyperreflexia should be considered candidates for mutations in the JARID1C gene."
https://pharos.nih.gov/idg/targets/P41229,P41229,18078810,"Thus, SMCX is a novel Smad3 corepressor that may antagonize the tumor suppressing activity of the TGF-beta/Smad3 signaling pathway and thereby contribute to tumorigenesis."
https://pharos.nih.gov/idg/targets/P41229,P41229,17468742,"has H3K4 tri-demethylase activity; functions as transcriptional repressor; loss of JARID1C/SMCX activity impairs REST-mediated neuronal gene regulation, thereby contributing to SMCX-associated X-linked mental retardation"
https://pharos.nih.gov/idg/targets/P41229,P41229,17320160,"We show that the X-linked mental retardation gene SMCX, which encodes a JmjC-domain protein, reversed histone H3 lysine 4 to di- and mono- but not unmethylated products."
https://pharos.nih.gov/idg/targets/P41229,P41229,16541399,"JARID1C appears to be one of the more frequently mutated genes in X-linked mental retardation."
https://pharos.nih.gov/idg/targets/P41229,P41229,16538222,"JARID1C may have a role in X-Linked Mental Retardation"
https://pharos.nih.gov/idg/targets/Q9UIF9,Q9UIF9,28341809,"Data suggest that binding of helical tail of histone 3 (H3) with PHD ('plant homeodomain') fingers of BAZ2A or BAZ2B (bromodomain adjacent to zinc finger domain 2A or 2B) requires molecular recognition of secondary structure motifs within H3 tail and could represent an additional layer of regulation in epigenetic processes."
https://pharos.nih.gov/idg/targets/Q9UIF9,Q9UIF9,26100909,"Data show that SUMOylated BANP, E5R, and Nac1 (BEN) domain 3 (BEND3) stabilizes NoRC component TTF-1-interacting protein 5 (Tip5)via association with ubiquitin specific protease 21 (USP21) debiquitinase"
https://pharos.nih.gov/idg/targets/Q9UIF9,Q9UIF9,25916849,"The study showed that the NMR structure of the TAM domain of TIP5 resembles the fold of the MBD domain, found in methyl-CpG binding proteins."
https://pharos.nih.gov/idg/targets/Q9UIF9,Q9UIF9,25533489,"Crystal structures of PHD zinc finger and bromodomains from human TIP5 and BAZ2B in free form and bound to H3 and/or H4 histones."
https://pharos.nih.gov/idg/targets/Q9UIF9,Q9UIF9,25485837,"BAZ2A is overexpressed in prostate cancer, maintains its cell growth, regulates protein-coding genes, and interacts with EZH2 to silence genes repressed in metastasis. Its overexpression is associated with a CpG island methylator phenotype."
https://pharos.nih.gov/idg/targets/Q9UIF9,Q9UIF9,25479748,"association with ribosomal DNA is impaired in embryonic stem cells and occurs upon cell differentiation"
https://pharos.nih.gov/idg/targets/Q9UIF9,Q9UIF9,25216700,"High BAZ2A expression is associated with pancreatic cancer."
https://pharos.nih.gov/idg/targets/Q9UIF9,Q9UIF9,23333304,"HIV-1 Vif downregulates the expression of bromodomain adjacent to zinc finger domain protein 2A (BAZ2A) in Vif-expression T cells"
https://pharos.nih.gov/idg/targets/Q9UIF9,Q9UIF9,19578370,"Data show that MOF acetylates TIP5, the largest subunit of NoRC, at a single lysine residue, K633, adjacent to the TIP5 RNA-binding domain, and that SIRT1 (removes the acetyl group from K633."
https://pharos.nih.gov/idg/targets/Q9UIF9,Q9UIF9,17672918,"the apparent occurrence of an unusual TG 3' splice site in intron 1 is discussed"
https://pharos.nih.gov/idg/targets/Q86U86,Q86U86,28940253,"Knockdown of PBRM1 in colon cancer cells increased the expression of two receptor genes (RIG-I and MDA5) and upregulated interferon (IFN)-related and inflammation-related gene signatures. Lower PBRM1 expression was associated with advanced pathological grade and poorer survival of colorectal cancer (CRC) patients, indicating that PBRM1 could serve as a potential prognostic biomarker for CRC."
https://pharos.nih.gov/idg/targets/Q86U86,Q86U86,28846693,"These findings indicate that PBRM1 alters cell cycle progression and inhibits proliferation and migration of renal cell carcinoma ACHN cells through the chemokine/chemokine receptor pathway."
https://pharos.nih.gov/idg/targets/Q86U86,Q86U86,28329682,"kidney-specific deletion of Vhl and Pbrm1, but not either gene alone, results in bilateral, multifocal, transplantable clear cell kidney cancers."
https://pharos.nih.gov/idg/targets/Q86U86,Q86U86,28053089,"conclude that four of the BDs act together to target PBRM1 to sites on chromatin; when a single BD is mutated, PBRM1 no longer controls gene expression properly, leading to increased cell proliferation"
https://pharos.nih.gov/idg/targets/Q86U86,Q86U86,28007623,"PBRM1 mutation is associated with small Cell Lung Cancer."
https://pharos.nih.gov/idg/targets/Q86U86,Q86U86,27864835,"BAP1 and PBRM1 loss is seen frequently in intrahepatic cholangiocarcinoma"
https://pharos.nih.gov/idg/targets/Q86U86,Q86U86,27556922,"our integrative analysis suggested that methylation and miRNA alterations were likely the downstream events associated with PBRM1 truncation mutations.  In summary, this study provided some important insights into the understanding of tumorigenesis driven by PBRM1 truncated mutations in Clear cell renal cell carcinoma (ccRCC). The approach may be applied to many driver genes in various cancers."
https://pharos.nih.gov/idg/targets/Q86U86,Q86U86,27461052,"Synthetic lethality screening identifies TIP60-dependent radiation sensitivity in the absence of BAF180."
https://pharos.nih.gov/idg/targets/Q86U86,Q86U86,27100670,"PBRM1 re-expression led to upregulation of genes involved in cellular adhesion, carbohydrate metabolism, apoptotic process and response to hypoxia, and a downregulation of genes involved in different stages of cell division."
https://pharos.nih.gov/idg/targets/Q86U86,Q86U86,27072194,"PBRM1 gene deletion is associated with chordoma."
https://pharos.nih.gov/idg/targets/Q86U86,Q86U86,26634388,"Functionally, suppression of PBRM1 expression promoted cell proliferation and cell cycle progression"
https://pharos.nih.gov/idg/targets/Q86U86,Q86U86,26464681,"PBRM1 might involve in the development and progression of breast cancer as a tumor suppressor, and thereby may be a valuable prognostic marker for breast cancer patients."
https://pharos.nih.gov/idg/targets/Q86U86,Q86U86,26452128,"Use bioinformatic tools to predict the molecular effects of all mutations lying in PBRM1 genes."
https://pharos.nih.gov/idg/targets/Q86U86,Q86U86,26300218,"PBRM1 expression identified 4 clinical subgroups of patients with clear cell renal cell carcinoma who had divergent clinical outcomes."
https://pharos.nih.gov/idg/targets/Q86U86,Q86U86,26178300,"our data describe a close interrelation between p53 and PBRM1 in renal cell carcinomas"
https://pharos.nih.gov/idg/targets/Q86U86,Q86U86,26117423,"The expression of BAF180 promotes UV-induced PCNA ubiquitination during S phase."
https://pharos.nih.gov/idg/targets/Q86U86,Q86U86,26003625,"Decreased expression of PBRM1 predicts unfavorable clinical outcome in patients with ccRCC."
https://pharos.nih.gov/idg/targets/Q86U86,Q86U86,25978027,"PBRM1 could block the G2/M transition by repressing cyclin B1. The data indicated that PBRM1 functions as a tumor suppressor in bladder cancer by repressing cyclin B1 expression."
https://pharos.nih.gov/idg/targets/Q86U86,Q86U86,25911086,"We show for the first time that an inherited mutation in PBRM1 predisposes to RCC."
https://pharos.nih.gov/idg/targets/Q86U86,Q86U86,25686626,"It evaluates the PB1 domain proteins as a family in the context of multiple phenotypic readouts in EC function as well as evaluate them as drug targets against disease."
https://pharos.nih.gov/idg/targets/Q86U86,Q86U86,25636086,"The subsequent validation study on 68 LCBs identified recurrent mutations in TERT promoter, chromatin regulators (BAP1, PBRM1 and ARID2), a synapse organization gene (PCLO), IDH genes and KRAS."
https://pharos.nih.gov/idg/targets/Q86U86,Q86U86,25496315,"We report, for the first time, co-inactivation and frequent mutations of SMARCB1, SMARCA2 and PBRM1 in MRTs."
https://pharos.nih.gov/idg/targets/Q86U86,Q86U86,25465300,"Data suggest biallelic inactivation of PBRM1 or BAP1 is less common in non-ccRCC when compared with ccRCC tumors. Findings suggest loss of PBRM1 or BAP1 are key events in ccRCC, whereas other pathways may support tumorigenesis in non-ccRCC subtypes."
https://pharos.nih.gov/idg/targets/Q86U86,Q86U86,25200863,"Of the 23 epithelioid sarcoma cases, 19 showed a loss of PBRM1, and 18 a loss of INI1. In 17 cases, loss of both proteins was observed. The pattern of PBRM1 expression was similar to that of INI1: not correlated with changes in cellular morphology."
https://pharos.nih.gov/idg/targets/Q86U86,Q86U86,24613357,"Data demonstrate a function for BAF180 in promoting genome stability that is distinct from its well-characterized role in transcriptional regulation."
https://pharos.nih.gov/idg/targets/Q86U86,Q86U86,24185509,"Frequent inactivating mutations in multiple chromatin-remodeling genes (including BAP1, ARID1A and PBRM1), and mutation in one of these genes occurred in almost half of the carcinomas sequenced."
https://pharos.nih.gov/idg/targets/Q86U86,Q86U86,24166983,"PBRM1 (33%) mutations were identified in ccRCCs."
https://pharos.nih.gov/idg/targets/Q86U86,Q86U86,24053427,"PBRM1-negative expression is a markedly poor prognosis event in clear cell renal cell carcinoma."
https://pharos.nih.gov/idg/targets/Q86U86,Q86U86,24029645,"Mutation frequencies among CT images of clear cell RCCs were as follows: PBRM1, 28.8% (67 of 233)."
https://pharos.nih.gov/idg/targets/Q86U86,Q86U86,23867514,"the evidence that implicated PBRM1 and BAP1 as renal cancer driver genes, provide an update on the function of the gene products, and speculate on how mutations in these genes may be exploited therapeutically."
https://pharos.nih.gov/idg/targets/Q86U86,Q86U86,23644518,"PBRM1, KDM6A, SETD2 and BAP1 were unmethylated in all tumor and normal specimens."
https://pharos.nih.gov/idg/targets/Q86U86,Q86U86,23333114,"The median overall survival in the UTSW cohort was significantly shorter for patients with BAP1-mutant tumours (4.6 years; 95% CI 2.1-7.2), than for patients with PBRM1-mutant tumours (10.6 years; 9.8-11.5)."
https://pharos.nih.gov/idg/targets/Q86U86,Q86U86,22949125,"Functional inactivation of PBRM1 in the context of VHL loss-of-function may represent a key event in the development of an aggressive tumor behavior."
https://pharos.nih.gov/idg/targets/Q86U86,Q86U86,22573740,"The role of syncytin-1 and Pb1 in cell-cell fusion was studied using lentiviral vectors that express short hairpin RNAs for stable knockdown of both genes."
https://pharos.nih.gov/idg/targets/Q86U86,Q86U86,22140357,"BAF180 is involved in HIV-1 Tat-dependent HIV promoter activity. BAF180 has no effect on LTR activation by HIV-1 Tat K50,51R mutant"
https://pharos.nih.gov/idg/targets/Q86U86,Q86U86,21604427,"PBRM1 was found to be mutated in 88 of 257 cases of clear cell renal cell carcinoma."
https://pharos.nih.gov/idg/targets/Q86U86,Q86U86,21248752,"identification of the SWI/SNF chromatin remodelling complex gene PBRM1 (ref. 4) as a second major ccRCC cancer gene, with truncating mutations in 41% (92/227) of cases"
https://pharos.nih.gov/idg/targets/Q86U86,Q86U86,21037240,"Observational study of gene-disease association. (HuGE Navigator)"
https://pharos.nih.gov/idg/targets/Q86U86,Q86U86,20660729,"as unique regulators of replicative senescence in human cells, both BRD7 and BAF180 regulate p53 transcriptional activity toward a subset of its target genes required for replicative and oncogenic stress senescence induction"
https://pharos.nih.gov/idg/targets/Q86U86,Q86U86,20379614,"Clinical trial of gene-disease association and gene-environment interaction. (HuGE Navigator)"
https://pharos.nih.gov/idg/targets/Q86U86,Q86U86,20368734,"Bromodomain 2 of Polybromo protein preferentially recognizes acetylated lysine 14 of histone H3 (H3K14ac), a post-translational mark known for gene transcriptional activation."
https://pharos.nih.gov/idg/targets/Q86U86,Q86U86,19454010,"BAF180 is involved in HIV-1 Tat-dependent HIV promoter activity. BAF180 has no effect on LTR activation by HIV-1 Tat K50,51R mutant"
https://pharos.nih.gov/idg/targets/Q86U86,Q86U86,18339845,"BAF180 suppresses tumorigenesis, at least in part, through its ability to regulate p21."
https://pharos.nih.gov/idg/targets/Q86U86,Q86U86,18191465,"studies on how Pb1, and the broader class of bromodomain proteins, directs multisubunit chromatin remodeling complexes to specific acetyl-nucleosome sites"
https://pharos.nih.gov/idg/targets/Q86U86,Q86U86,17320048,"Results indicate that single bromodomains bind specific acetyl-lysine sites within the histone 3 tail with sub-micromolar affinity."
https://pharos.nih.gov/idg/targets/Q86U86,Q86U86,15735765,"We conclude that abnormalities of BAF180 are not frequently involved in the pathogenesis of lung cancer."
https://pharos.nih.gov/idg/targets/Q86U86,Q86U86,12487023,"cDNA cloning; the hPB1 gene is located on chromosome 3p21, where the tumor suppressor genes for breast, lung and kidney cancers have been mapped"
https://pharos.nih.gov/idg/targets/Q9UGL1,Q9UGL1,28344757,"Study identified USP15 as having recurrent de novo loss of function mutations and discovered evidence supporting two other known genes with recurrent de novo variants (FOXP1 and KDM5B)."
https://pharos.nih.gov/idg/targets/Q9UGL1,Q9UGL1,28082020,"research suggests that miR424-5p may act as a novel anti-oncogene in cervical cancer by blocking cell growth through targeting KDM5B-Notch pathway"
https://pharos.nih.gov/idg/targets/Q9UGL1,Q9UGL1,27635108,"PLU-1 was overexpressed in colorectal cancer tissue compared with healthy colon.  PLU-1 expression positively correlated with colorectal cancer progression."
https://pharos.nih.gov/idg/targets/Q9UGL1,Q9UGL1,27584795,"JARID1B directly bound to PI3K/AKT signaling inhibitor SHIP1 gene promoter and decreased SHIP1 gene expression."
https://pharos.nih.gov/idg/targets/Q9UGL1,Q9UGL1,27488530,"We established the function of JARID1B in mediating the cancer stem cell potential of G0-like cells and our results expand understanding of its context-specific roles in malignant and normal stem cell homeostasis"
https://pharos.nih.gov/idg/targets/Q9UGL1,Q9UGL1,27480251,"KDM5B is up-regulated in esophageal squamous cell carcinoma cells.MiR-194 targets KDM5B to inhibit esophageal squamous cell carcinoma development and progression."
https://pharos.nih.gov/idg/targets/Q9UGL1,Q9UGL1,27246838,"JARID1B is involved in the pathogenesis of glioma."
https://pharos.nih.gov/idg/targets/Q9UGL1,Q9UGL1,26917489,"Hsa-miR-448 disrupting KDM5B-MALAT1 signalling axis and associated activities in TNBC cells, projects it as a putative therapeutic factor for selective eradication of TNBC cells."
https://pharos.nih.gov/idg/targets/Q9UGL1,Q9UGL1,26911146,"Data show that KDM5B is frequently up-regulated in hepatocellular carcinoma tissues and cell lines and correlated with poor prognosis. Its depletion leads to highly impaired clonogenesis and cell cycle arrest through up-regulation of p15 and p27."
https://pharos.nih.gov/idg/targets/Q9UGL1,Q9UGL1,26655717,"the presented data suggest a mechanism through which Ikaros and HDAC1 regulate the epigenetic signature in leukemia: via regulation of JARID1B transcription."
https://pharos.nih.gov/idg/targets/Q9UGL1,Q9UGL1,26645689,"Characterization of a Linked Jumonji Domain of the KDM5/JARID1 Family of Histone H3 Lysine 4 Demethylases."
https://pharos.nih.gov/idg/targets/Q9UGL1,Q9UGL1,26621457,"KDM5B, a histone demethylase known to be involved in breast cancer tumorigenesis, as a target of miR-137."
https://pharos.nih.gov/idg/targets/Q9UGL1,Q9UGL1,26184998,"Silencing shJARID1B inhibits migration and invasion of human oral squamous cell carcinoma, reduces cancer stem cell activities and potentiates tumor-inhibiting radiotherapeutic effects."
https://pharos.nih.gov/idg/targets/Q9UGL1,Q9UGL1,26125737,"The data demonstrated that protein expression of p16 and JARID1B/KDM5B is negatively correlated in invasive ductal carcinoma of the breast."
https://pharos.nih.gov/idg/targets/Q9UGL1,Q9UGL1,25951238,"provided evidence that JARID1B via modulation of stemness-related signaling is a putative novel therapeutic target for treating malignant NB"
https://pharos.nih.gov/idg/targets/Q9UGL1,Q9UGL1,25909289,"Our results, for the first time, portray a pivotal role of JARID1B in stimulating metastatic behaviors of hepatocellular carcinoma cells"
https://pharos.nih.gov/idg/targets/Q9UGL1,Q9UGL1,25877751,"Our results collectively suggested that JARID1B expressed in lung cancer played a role in lung cancer cells proliferation and invasion, which may be partly associated with the p53 expression"
https://pharos.nih.gov/idg/targets/Q9UGL1,Q9UGL1,25789538,"data indicate that parallel immunohistochemical assays of the expression levels of all the isoforms and of the RBP2-H1 variant of JARID1B may be an efficient technique of differentiating between benign naevi and melanomas"
https://pharos.nih.gov/idg/targets/Q9UGL1,Q9UGL1,25777981,"PLU-1/JARID1B represents a candidate proliferation biomarker for HNSCC diagnosis and treatment."
https://pharos.nih.gov/idg/targets/Q9UGL1,Q9UGL1,25755704,"This study revealed hyper JARID1B expression and hypo histone H3 lysine 4 tri-methylation in mantle cell lymphoma"
https://pharos.nih.gov/idg/targets/Q9UGL1,Q9UGL1,25663457,"correlation between JARID1B level and chemotherapy resistance was observed in patients with epithelial ovarian cancer (odds ratio (OR) 36.81, 95% CI 4.84-280.11, P < 0.001)."
https://pharos.nih.gov/idg/targets/Q9UGL1,Q9UGL1,25450384,"KDM5B promoted glioma proliferation partly via regulation of the expression of p21."
https://pharos.nih.gov/idg/targets/Q9UGL1,Q9UGL1,24952722,"Data show that double mutations on the residues in the interface (L325A/D328A) decreases the histone H3 H3K4me2/3 demethylation activity of lysine (K)-specific demethylase 5B (KDM5B)."
https://pharos.nih.gov/idg/targets/Q9UGL1,Q9UGL1,24937458,"Integrated JARID1B chromatin binding, H3K4 methylation, and expression profiles suggest a key function for JARID1B in luminal cell-specific expression programs."
https://pharos.nih.gov/idg/targets/Q9UGL1,Q9UGL1,24778210,"Our results suggest that KDM5B is a bona fide DNA damage response protein and indicate that KDM5B is an important genome caretaker and a critical regulator of genome stability."
https://pharos.nih.gov/idg/targets/Q9UGL1,Q9UGL1,24619877,"Study reports that KDM5B (PLU-1/JARID1B), a histone lysine demethylase of Jumonji family, associates with PRC2 and colocalizes with PRC2 in nuclear bodies, and their physical association is dependent on direct interaction between KDM5B and the SUZ12 component of PRC2."
https://pharos.nih.gov/idg/targets/Q9UGL1,Q9UGL1,24495580,"Our results provide global and functional insight into the role of KDM5B in regulating H3K4 methylation marks near promoters, gene bodies, and enhancers in ES cells and during differentiation."
https://pharos.nih.gov/idg/targets/Q9UGL1,Q9UGL1,24481781,"Our findings suggest that Myc-mediated transcriptional repression of JARID1B counterintuitively inhibits Myc-regulated cell proliferation and potentially tumorigenesis."
https://pharos.nih.gov/idg/targets/Q9UGL1,Q9UGL1,24412361,"The first and third, but not the second, PHD fingers of KDM5B possess histone binding activities."
https://pharos.nih.gov/idg/targets/Q9UGL1,Q9UGL1,23970103,"KDM5B is SUMOylated at lysine residues 242 and 278 and that the ectopic expression of the hPC2 SUMO E3 ligase enhances this SUMOylation."
https://pharos.nih.gov/idg/targets/Q9UGL1,Q9UGL1,23759590,"A novel role of KDM5B histone lysine demethylase in epithelial-mesenchymal transition, which may contribute to malignant progression of cancer."
https://pharos.nih.gov/idg/targets/Q9UGL1,Q9UGL1,23579952,"these results indicate that KDM5B represses Cx26 expression in the bladder cancer development."
https://pharos.nih.gov/idg/targets/Q9UGL1,Q9UGL1,23408432,"analysis of small molecule inhibitors of Jumonji AT-rich interactive domain 1B (JARID1B) histone demethylase by a sensitive high throughput screen"
https://pharos.nih.gov/idg/targets/Q9UGL1,Q9UGL1,23354547,"JARID1B plays a role in colorectal cancer maintenance."
https://pharos.nih.gov/idg/targets/Q9UGL1,Q9UGL1,23262439,"Contrary to earlier reports, this study shows enhanced expression of JARID1B by melanoma cells and indicates that such an enhancement may be an early event in the disease progression and is not correlated with melanoma invasiveness."
https://pharos.nih.gov/idg/targets/Q9UGL1,Q9UGL1,22669717,"This study demonstrates that JARID1B is expressed by uveal melanoma cells."
https://pharos.nih.gov/idg/targets/Q9UGL1,Q9UGL1,22615382,"Jarid1a/b-mediated H3K4 demethylation contributes to silencing of retinoblastoma target genes in senescent cells, suggesting a mechanism by which retinoblastoma triggers gene silencing."
https://pharos.nih.gov/idg/targets/Q9UGL1,Q9UGL1,22534467,"JARID1B and PHF2 are overexpressed in esophageal squamous cell carcinoma (ESCC) and they may play crucial roles in the course of ESCC initiation and/or progression"
https://pharos.nih.gov/idg/targets/Q9UGL1,Q9UGL1,22371483,"demonstrated that while TFAP2C and Myc can downregulate the CDKN1A promoter independently, KDM5B acts as a corepressor dependent on the other two proteins"
https://pharos.nih.gov/idg/targets/Q9UGL1,Q9UGL1,22152480,"By displacing histone H3K4 demethylase PLU-1, FOXP3 increases both H4K16 acetylation and H3K4 trimethylation at the FOXP3-associated chromatins of multiple FOXP3-activated genes."
https://pharos.nih.gov/idg/targets/Q9UGL1,Q9UGL1,21969366,"JARID1B demethylase contributes to tumor cell proliferation through the epigenetic repression of a tumor suppressor miR"
https://pharos.nih.gov/idg/targets/Q9UGL1,Q9UGL1,21937684,"JARID1B & LSD1 act in a sequential, coordinated manner to demethylate H3K4. JARID1B represses CCL14 expression, suppressing the angiogenic and metastatic potential of breast cancer cells in vivo."
https://pharos.nih.gov/idg/targets/Q9UGL1,Q9UGL1,21821892,"crystal of JARID1B belonged to space group P4(3), with unit-cell parameters a = 51.7, b = 51.7, c = 36.2 A"
https://pharos.nih.gov/idg/targets/Q9UGL1,Q9UGL1,21369698,"JARID1B is widely expressed in estrogen receptor+ breast cancers and breast cancer cell lines"
https://pharos.nih.gov/idg/targets/Q9UGL1,Q9UGL1,21105039,"there is a significant increase in the percentage of circulating CD8+ T cells that are specific for two of three investigated JARID1B HLA-A*0201 peptides"
https://pharos.nih.gov/idg/targets/Q9UGL1,Q9UGL1,20863814,"JARID1B is the first TIEG1 corepressor identified, explaining how TIEG1 represses transcription through inducing histone H3 lysine 4 demethylation, which may be important for TIEG1 function in both normal and cancer cells."
https://pharos.nih.gov/idg/targets/Q9UGL1,Q9UGL1,20832725,"PARP-1 regulates chromatin structure and transcription through a KDM5B-dependent pathway."
https://pharos.nih.gov/idg/targets/Q9UGL1,Q9UGL1,20478252,"Knockdown of JARID1B leads to an initial acceleration of tumor growth followed by exhaustion which suggests that the JARID1B-positive subpopulation is essential for continuous tumor growth."
https://pharos.nih.gov/idg/targets/Q9UGL1,Q9UGL1,20403335,"The results from this study demonstrate that the flexible loop L1 of the human JARID1B ARID domain has a crucial role in DNA-binding activity."
https://pharos.nih.gov/idg/targets/Q9UGL1,Q9UGL1,20226085,"Microarray expression analysis indicated that E2F1 and E2F2 are downstream genes in the KDM5B pathway."
https://pharos.nih.gov/idg/targets/Q9UGL1,Q9UGL1,19536175,"Observational study of gene-disease association. (HuGE Navigator)"
https://pharos.nih.gov/idg/targets/Q9UGL1,Q9UGL1,19460752,"Knockdown of lysine (K)-specific demethylase 5B (KDM5B) by shRNA library screening inhibits HIV-1 replication in cultured Jurkat T-cells"
https://pharos.nih.gov/idg/targets/Q9UGL1,Q9UGL1,19336002,"A phage display screen using the N-terminus of JARID1B as bait identified one of the JARID1B interacting proteins, namely PcG protein (Polycomb group) hPc2."
https://pharos.nih.gov/idg/targets/Q9UGL1,Q9UGL1,18048344,"JARID1B was identified as a demethylase capable of removing three methyl groups from histone H3 lysine 4 and up-regulated in prostate cancer."
https://pharos.nih.gov/idg/targets/Q9UGL1,Q9UGL1,17973255,"data support an anti-tumorigenic role of RBP2-H1/JARID1B in melanocytic cells."
https://pharos.nih.gov/idg/targets/Q9UGL1,Q9UGL1,17709396,"Results identify the target genes regulated by PLU-1/JARID1B, and show that cells overexpressing PLU-1/JARID1B have an impaired G(2)/M checkpoint."
https://pharos.nih.gov/idg/targets/Q9UGL1,Q9UGL1,17373667,"Results show that both JARID1B and HDAC4 expressed in breast cancers."
https://pharos.nih.gov/idg/targets/Q9UGL1,Q9UGL1,17363312,"PLU-1-mediated H3K4 demethylase activity plays an important role in the proliferative capacity of breast cancer cells through repression of tumor suppressor genes."
https://pharos.nih.gov/idg/targets/Q9UGL1,Q9UGL1,12657635,"BF-1 and PAX9 interact with PLU-1 via a novel conserved sequence motif (Ala-X-Ala-Ala-X-Val-Pro-X4-Val-Pro-X8-Pro, termed the VP motif)"
https://pharos.nih.gov/idg/targets/Q9UGL1,Q9UGL1,12237901,"results suggest that the PLU-1 protein may belong to the class of testis/cancer antigens"
https://pharos.nih.gov/idg/targets/P29375,P29375,28572115,"KDM5A demethylates H3K4 to allow ZMYND8-NuRD to operate within damaged chromatin to repair DNA double strand breaks."
https://pharos.nih.gov/idg/targets/P29375,P29375,27512956,"KDM5A-mediated H3K4me3 modification participated in the etiology of osteoporosis and may provide new strategies to improve the clinical efficacy of BMP2 in osteoporotic conditions."
https://pharos.nih.gov/idg/targets/P29375,P29375,27253695,"the radiation sensitivity observed following depletion of Jarid1A is not caused by a deficiency in repair of DNA double-strand breaks."
https://pharos.nih.gov/idg/targets/P29375,P29375,27224921,"KDM5A 5A inhibitor blocks cancer cell growth and drug resistance"
https://pharos.nih.gov/idg/targets/P29375,P29375,26645689,"Characterization of a Linked Jumonji Domain of the KDM5/JARID1 Family of Histone H3 Lysine 4 Demethylases."
https://pharos.nih.gov/idg/targets/P29375,P29375,26566863,"Treatment-induced temozolimide resistance in glioblastoma cells involves KDM5A mediated epigenetic mechanisms."
https://pharos.nih.gov/idg/targets/P29375,P29375,25686748,"KDM5A is regulated by its reader domain through a positive-feedback mechanism"
https://pharos.nih.gov/idg/targets/P29375,P29375,25575817,"Data indicate that lysine (K)-specific demethylase 5A RBP2 (JARID1A; KDM5A) epigenetically downregulated micrRNA-21 (miR-21) in blast transformation of chronic myeloid leukemia (CML)."
https://pharos.nih.gov/idg/targets/P29375,P29375,25190814,"KDM5A and the NuRD complex cooperatively function to control developmentally regulated genes"
https://pharos.nih.gov/idg/targets/P29375,P29375,25015565,"RBP2 may link chronic inflammation to tumor development."
https://pharos.nih.gov/idg/targets/P29375,P29375,24716659,"Overexpression of RBP2 and activation of VEGF might play important roles in human gastric cancer development and progression."
https://pharos.nih.gov/idg/targets/P29375,P29375,24582965,"RBP2 is critical for breast cancer metastasis to the lung in multiple in vivo models. Mechanistically, RBP2 promotes metastasis as a pleiotropic positive regulator of many metastasis genes, including TNC."
https://pharos.nih.gov/idg/targets/P29375,P29375,24442343,"Epigenetic changes mediated by JARID1A, SMYD3 and DNA methylation may be responsible, at least in part, for the functional progesterone withdrawal that precipitates human labour."
https://pharos.nih.gov/idg/targets/P29375,P29375,24376841,"RBP2 down-regulated the expression of E-cadherin, up-regulated the expression of N-cadherin and snail, and induced epithelial-mesenchymal transition in non-small cell lung cancer cells."
https://pharos.nih.gov/idg/targets/P29375,P29375,24069348,"JARID1A, JMY, and PTGER4 polymorphisms are related to ankylosing spondylitis in Chinese Han patients."
https://pharos.nih.gov/idg/targets/P29375,P29375,24068396,"LSD1 is a more sensitive molecular marker than RBP2 on thyroid cancer diagnosis."
https://pharos.nih.gov/idg/targets/P29375,P29375,23922798,"RBP2 is overexpressed in HCC and negatively regulated by hsa-miR-212. The hsa-miR-212-RBP2-CDKI pathway may be important in the pathogenesis of HCC."
https://pharos.nih.gov/idg/targets/P29375,P29375,23794145,"MiR-212 directly regulates the expression of RBP2 and inhibits cell growth in gastric cancer, which may provide new clues to treatment."
https://pharos.nih.gov/idg/targets/P29375,P29375,23722541,"our results establish an oncogenic role for RBP2 in lung tumorigenesis and progression and uncover novel RBP2 targets mediating this role."
https://pharos.nih.gov/idg/targets/P29375,P29375,23266085,"High expression of KDM3B and KDM5A is associated with a better prognosis (no recurrence after mastectomy p=0.005 and response to docetaxel p=0.005)in breast cancer patients."
https://pharos.nih.gov/idg/targets/P29375,P29375,23093672,"In terminally differentiated cells, common KDM5A and E2F4 gene targets were bound by the pRB-related protein p130, a DREAM complex component."
https://pharos.nih.gov/idg/targets/P29375,P29375,22615382,"Jarid1a/b-mediated H3K4 demethylation contributes to silencing of retinoblastoma target genes in senescent cells, suggesting a mechanism by which retinoblastoma triggers gene silencing."
https://pharos.nih.gov/idg/targets/P29375,P29375,21935404,"Evidence was provided that chronic drug exposure generated drug-tolerant cells via epigenetic mechanisms involving molecules such as CD44 and KDM5A."
https://pharos.nih.gov/idg/targets/P29375,P29375,21562575,"JARID1A or a locus in strong linkage disequilibrium with it is a positional candidate for susceptibility to AS."
https://pharos.nih.gov/idg/targets/P29375,P29375,21348942,"that H3K4 tri- and dimethylation play an important role and JARID1A is the histone-demethylating enzyme responsible for removal of this mark"
https://pharos.nih.gov/idg/targets/P29375,P29375,19850045,"RBP2 is overexpressed in gastric cancer, and its inhibition triggers senescence of malignant cells at least partially by derepressing its target genes cyclin-dependent kinase inhibitors."
https://pharos.nih.gov/idg/targets/P29375,P29375,19762557,"Mad1 recruits RBP2 to the hTERT promoter that, in turn, demethylates H3-K4, thereby contributing to a stable repression of the hTERT gene in normal or differentiated malignant cells."
https://pharos.nih.gov/idg/targets/P29375,P29375,19430464,"fusing an H3K4-trimethylation-binding PHD finger, such as the carboxy-terminal PHD finger of JARID1A, to a common fusion partner NUP98, generated potent oncoproteins that arrested haematopoietic differentiation and induced acute myeloid leukaemia"
https://pharos.nih.gov/idg/targets/P29375,P29375,18722178,"During differentiation, RBP2 exerts inhibitory effects on multiple genes through direct interaction with their promoters."
https://pharos.nih.gov/idg/targets/P29375,P29375,18270511,"ARID is required for RBP2 demethylase activity in cells and that DNA recognition is essential to regulate transcription"
https://pharos.nih.gov/idg/targets/P29375,P29375,17573780,"RBP2 associates with MRG15 complex to maintain reduced H3K4 methylation at transcribed regions, which may ensure the transcriptional elongation state"
https://pharos.nih.gov/idg/targets/P29375,P29375,17320161,"Study shows that RBP2 is displaced from Hox genes during embryonic stem cell differentiation correlating with an increase of their di- and trimethylated histone 3 lysine 4 levels and expression."
https://pharos.nih.gov/idg/targets/P29375,P29375,16645588,"that RBP2-H1 exerts a broad tumor-suppressive function partially mediated by pRb modulation"
https://pharos.nih.gov/idg/targets/Q9UIF8,Q9UIF8,28864776,"Phosphorylation, acetylation, or poly(ADP-ribosyl)ation of the linker residues may therefore act as a cellular mechanism to transiently tune BAZ2B histone-binding affinity."
https://pharos.nih.gov/idg/targets/Q9UIF8,Q9UIF8,28341809,"Data suggest that binding of helical tail of histone 3 (H3) with PHD ('plant homeodomain') fingers of BAZ2A or BAZ2B (bromodomain adjacent to zinc finger domain 2A or 2B) requires molecular recognition of secondary structure motifs within H3 tail and could represent an additional layer of regulation in epigenetic processes."
https://pharos.nih.gov/idg/targets/Q9UIF8,Q9UIF8,20802025,"Observational study and genome-wide association study of gene-disease association. (HuGE Navigator)"
https://pharos.nih.gov/idg/targets/Q9UIF8,Q9UIF8,18976975,"Knockdown of bromodomain adjacent to zinc finger domain, 2B (BAZ2B) by siRNA has both activating and inhibiting activities on HIV-1 replication in HeLa P4/R5 cells, suggesting a regulatory role in HIV replication"
https://pharos.nih.gov/idg/targets/Q9Y468,Q9Y468,27553422,"Loss of the paternally derived allele of the imprinted L3MBTL1 gene is associated with Shwachman-Diamond syndrome."
https://pharos.nih.gov/idg/targets/Q9Y468,Q9Y468,25754204,"The polycomb group protein L3MBTL1 represses a SMAD5-mediated hematopoietic transcriptional program in human pluripotent stem cells."
https://pharos.nih.gov/idg/targets/Q9Y468,Q9Y468,24243547,"Data indicate that germline genes, some of which drive oncogenesis in Drosophila melanogaster, are similarly ectopically activated in a wide range of human cancers."
https://pharos.nih.gov/idg/targets/Q9Y468,Q9Y468,21837478,"High expression of L3MBTL1 was associated with low grade and hormone receptor-positive tumors, as well as low risk of disease recurrence and breast cancer death."
https://pharos.nih.gov/idg/targets/Q9Y468,Q9Y468,21341991,"depletion of L3MBTL1 does not affect hESC self-renewal, rather it enhances differentiation toward extra-embryonic trophoblast tissues"
https://pharos.nih.gov/idg/targets/Q9Y468,Q9Y468,21149733,"Data suggest that the loss of L3MBTL1 contributes to the development of 20q(-) hematopoietic malignancies by inducing replicative stress, DNA damage, and genomic instability."
https://pharos.nih.gov/idg/targets/Q9Y468,Q9Y468,20870725,"SET8-mediated methylation of p53 at Lys-382 promotes the interaction between L3MBTL1 and p53 in cells."
https://pharos.nih.gov/idg/targets/Q9Y468,Q9Y468,20585043,"haploinsufficiency of L3MBTL1 contributes to some (20q-) myeloproliferative neoplasms, especially polycythemia vera, by promoting erythroid differentiation"
https://pharos.nih.gov/idg/targets/Q9Y468,Q9Y468,18408754,"H4K20 monomethylation and PR-SET7 are important for L3MBTL1 function"
https://pharos.nih.gov/idg/targets/Q9Y468,Q9Y468,18042461,"The structural and binding studies of the two modules provide insights into the molecular principles governing the decoding of lysine methylation states, thereby highlighting a methylation state-specific layer of histone mark readout."
https://pharos.nih.gov/idg/targets/Q9Y468,Q9Y468,18026117,"An unexpected mode of peptide-mediated dimerization suggests a possible mechanism for chromatin compaction by L3MBTL1"
https://pharos.nih.gov/idg/targets/Q9Y468,Q9Y468,17540172,"The MBT domain is related to protein domains that directly bind methylated histone residues and study found that L3MBTL1 MBT domains compact nucleosomal arrays dependent on mono- and dimethylation of histone H4 lysine 20 and of histone H1b lysine 26."
https://pharos.nih.gov/idg/targets/Q9Y468,Q9Y468,15334543,"L3MBTL may have a role in myeloid leukemia"
https://pharos.nih.gov/idg/targets/Q9Y468,Q9Y468,15123827,"represents a previously undescribed imprinted locus, a vertebrate Polycomb group gene shown to be regulated by this mechanism, and has implications for the pathogenesis of myeloid malignancies associated with 20q deletions"
https://pharos.nih.gov/idg/targets/Q9Y468,Q9Y468,12588862,"The ability of TEL to repress TEL-responsive promoters is enhanced by the presence of H-L(3)MBT, an effect dependent on the H-L(3)MBT and the TEL interacting domains, which are mapped to their respective SPM/SAM domains."
