"URL","Uniprot ID","GOTerm","GOType"
https://pharos.nih.gov/idg/targets/P41229,P41229,nucleus,GO Component
https://pharos.nih.gov/idg/targets/P41229,P41229,cytosol,GO Component
https://pharos.nih.gov/idg/targets/P41229,P41229,nucleoplasm,GO Component
https://pharos.nih.gov/idg/targets/P41229,P41229,"DNA binding",GO Function
https://pharos.nih.gov/idg/targets/P41229,P41229,"zinc ion binding",GO Function
https://pharos.nih.gov/idg/targets/P41229,P41229,"dioxygenase activity",GO Function
https://pharos.nih.gov/idg/targets/P41229,P41229,"histone demethylase activity",GO Function
https://pharos.nih.gov/idg/targets/P41229,P41229,"histone demethylase activity (H3-K4 specific)",GO Function
https://pharos.nih.gov/idg/targets/P41229,P41229,"transcription, DNA-templated",GO Process
https://pharos.nih.gov/idg/targets/P41229,P41229,"rhythmic process",GO Process
https://pharos.nih.gov/idg/targets/P41229,P41229,"negative regulation of transcription, DNA-templated",GO Process
https://pharos.nih.gov/idg/targets/P41229,P41229,"response to toxic substance",GO Process
https://pharos.nih.gov/idg/targets/P41229,P41229,"histone H3-K4 demethylation",GO Process
https://pharos.nih.gov/idg/targets/Q9UIF9,Q9UIF9,cytosol,GO Component
https://pharos.nih.gov/idg/targets/Q9UIF9,Q9UIF9,"nuclear speck",GO Component
https://pharos.nih.gov/idg/targets/Q9UIF9,Q9UIF9,nucleolus,GO Component
https://pharos.nih.gov/idg/targets/Q9UIF9,Q9UIF9,"chromatin silencing complex",GO Component
https://pharos.nih.gov/idg/targets/Q9UIF9,Q9UIF9,"rDNA heterochromatin",GO Component
https://pharos.nih.gov/idg/targets/Q9UIF9,Q9UIF9,"metal ion binding",GO Function
https://pharos.nih.gov/idg/targets/Q9UIF9,Q9UIF9,"RNA binding",GO Function
https://pharos.nih.gov/idg/targets/Q9UIF9,Q9UIF9,"histone binding",GO Function
https://pharos.nih.gov/idg/targets/Q9UIF9,Q9UIF9,"ligand-dependent nuclear receptor binding",GO Function
https://pharos.nih.gov/idg/targets/Q9UIF9,Q9UIF9,"lysine-acetylated histone binding",GO Function
https://pharos.nih.gov/idg/targets/Q9UIF9,Q9UIF9,"RNA polymerase I CORE element sequence-specific DNA binding",GO Function
https://pharos.nih.gov/idg/targets/Q9UIF9,Q9UIF9,"regulation of transcription, DNA-templated",GO Process
https://pharos.nih.gov/idg/targets/Q9UIF9,Q9UIF9,"transcription, DNA-templated",GO Process
https://pharos.nih.gov/idg/targets/Q9UIF9,Q9UIF9,"histone deacetylation",GO Process
https://pharos.nih.gov/idg/targets/Q9UIF9,Q9UIF9,"DNA methylation",GO Process
https://pharos.nih.gov/idg/targets/Q9UIF9,Q9UIF9,"chromatin remodeling",GO Process
https://pharos.nih.gov/idg/targets/Q9UIF9,Q9UIF9,"chromatin silencing at rDNA",GO Process
https://pharos.nih.gov/idg/targets/Q86U86,Q86U86,nucleoplasm,GO Component
https://pharos.nih.gov/idg/targets/Q86U86,Q86U86,"nuclear chromosome",GO Component
https://pharos.nih.gov/idg/targets/Q86U86,Q86U86,"DNA binding",GO Function
https://pharos.nih.gov/idg/targets/Q86U86,Q86U86,"chromatin binding",GO Function
https://pharos.nih.gov/idg/targets/Q86U86,Q86U86,"regulation of transcription, DNA-templated",GO Process
https://pharos.nih.gov/idg/targets/Q86U86,Q86U86,"transcription, DNA-templated",GO Process
https://pharos.nih.gov/idg/targets/Q86U86,Q86U86,"negative regulation of cell proliferation",GO Process
https://pharos.nih.gov/idg/targets/Q86U86,Q86U86,"mitotic cell cycle",GO Process
https://pharos.nih.gov/idg/targets/Q86U86,Q86U86,"covalent chromatin modification",GO Process
https://pharos.nih.gov/idg/targets/Q86U86,Q86U86,"chromatin remodeling",GO Process
https://pharos.nih.gov/idg/targets/Q9UGL1,Q9UGL1,nucleus,GO Component
https://pharos.nih.gov/idg/targets/Q9UGL1,Q9UGL1,cytosol,GO Component
https://pharos.nih.gov/idg/targets/Q9UGL1,Q9UGL1,nucleoplasm,GO Component
https://pharos.nih.gov/idg/targets/Q9UGL1,Q9UGL1,"DNA binding",GO Function
https://pharos.nih.gov/idg/targets/Q9UGL1,Q9UGL1,"zinc ion binding",GO Function
https://pharos.nih.gov/idg/targets/Q9UGL1,Q9UGL1,"transcription factor activity, sequence-specific DNA binding",GO Function
https://pharos.nih.gov/idg/targets/Q9UGL1,Q9UGL1,"transcription corepressor activity",GO Function
https://pharos.nih.gov/idg/targets/Q9UGL1,Q9UGL1,"histone binding",GO Function
https://pharos.nih.gov/idg/targets/Q9UGL1,Q9UGL1,"dioxygenase activity",GO Function
https://pharos.nih.gov/idg/targets/Q9UGL1,Q9UGL1,"histone demethylase activity",GO Function
https://pharos.nih.gov/idg/targets/Q9UGL1,Q9UGL1,"histone demethylase activity (H3-K4 specific)",GO Function
https://pharos.nih.gov/idg/targets/Q9UGL1,Q9UGL1,"sequence-specific double-stranded DNA binding",GO Function
https://pharos.nih.gov/idg/targets/Q9UGL1,Q9UGL1,"histone demethylase activity (H3-dimethyl-K4 specific)",GO Function
https://pharos.nih.gov/idg/targets/Q9UGL1,Q9UGL1,"histone demethylase activity (H3-trimethyl-K4 specific)",GO Function
https://pharos.nih.gov/idg/targets/Q9UGL1,Q9UGL1,"transcription, DNA-templated",GO Process
https://pharos.nih.gov/idg/targets/Q9UGL1,Q9UGL1,"regulation of transcription from RNA polymerase II promoter",GO Process
https://pharos.nih.gov/idg/targets/Q9UGL1,Q9UGL1,"rhythmic process",GO Process
https://pharos.nih.gov/idg/targets/Q9UGL1,Q9UGL1,"cellular response to leukemia inhibitory factor",GO Process
https://pharos.nih.gov/idg/targets/Q9UGL1,Q9UGL1,"negative regulation of transcription, DNA-templated",GO Process
https://pharos.nih.gov/idg/targets/Q9UGL1,Q9UGL1,"post-embryonic development",GO Process
https://pharos.nih.gov/idg/targets/Q9UGL1,Q9UGL1,"positive regulation of gene expression",GO Process
https://pharos.nih.gov/idg/targets/Q9UGL1,Q9UGL1,"single fertilization",GO Process
https://pharos.nih.gov/idg/targets/Q9UGL1,Q9UGL1,"positive regulation of mammary gland epithelial cell proliferation",GO Process
https://pharos.nih.gov/idg/targets/Q9UGL1,Q9UGL1,"branching involved in mammary gland duct morphogenesis",GO Process
https://pharos.nih.gov/idg/targets/Q9UGL1,Q9UGL1,"histone H3-K4 demethylation",GO Process
https://pharos.nih.gov/idg/targets/Q9UGL1,Q9UGL1,"cellular response to fibroblast growth factor stimulus",GO Process
https://pharos.nih.gov/idg/targets/Q9UGL1,Q9UGL1,"uterus morphogenesis",GO Process
https://pharos.nih.gov/idg/targets/Q9UGL1,Q9UGL1,"lens fiber cell differentiation",GO Process
https://pharos.nih.gov/idg/targets/Q9UGL1,Q9UGL1,"response to fungicide",GO Process
https://pharos.nih.gov/idg/targets/Q9UGL1,Q9UGL1,"mammary duct terminal end bud growth",GO Process
https://pharos.nih.gov/idg/targets/Q9UGL1,Q9UGL1,"regulation of estradiol secretion",GO Process
https://pharos.nih.gov/idg/targets/P29375,P29375,nucleus,GO Component
https://pharos.nih.gov/idg/targets/P29375,P29375,nucleoplasm,GO Component
https://pharos.nih.gov/idg/targets/P29375,P29375,nucleolus,GO Component
https://pharos.nih.gov/idg/targets/P29375,P29375,"protein-DNA complex",GO Component
https://pharos.nih.gov/idg/targets/P29375,P29375,"DNA binding",GO Function
https://pharos.nih.gov/idg/targets/P29375,P29375,"zinc ion binding",GO Function
https://pharos.nih.gov/idg/targets/P29375,P29375,"transcription factor activity, sequence-specific DNA binding",GO Function
https://pharos.nih.gov/idg/targets/P29375,P29375,"methylated histone binding",GO Function
https://pharos.nih.gov/idg/targets/P29375,P29375,"transcription coactivator activity",GO Function
https://pharos.nih.gov/idg/targets/P29375,P29375,"histone binding",GO Function
https://pharos.nih.gov/idg/targets/P29375,P29375,"dioxygenase activity",GO Function
https://pharos.nih.gov/idg/targets/P29375,P29375,"chromatin DNA binding",GO Function
https://pharos.nih.gov/idg/targets/P29375,P29375,"core promoter sequence-specific DNA binding",GO Function
https://pharos.nih.gov/idg/targets/P29375,P29375,"histone demethylase activity",GO Function
https://pharos.nih.gov/idg/targets/P29375,P29375,"histone demethylase activity (H3-dimethyl-K4 specific)",GO Function
https://pharos.nih.gov/idg/targets/P29375,P29375,"histone demethylase activity (H3-trimethyl-K4 specific)",GO Function
https://pharos.nih.gov/idg/targets/P29375,P29375,spermatogenesis,GO Process
https://pharos.nih.gov/idg/targets/P29375,P29375,"negative regulation of transcription from RNA polymerase II promoter",GO Process
https://pharos.nih.gov/idg/targets/P29375,P29375,"transcription from RNA polymerase II promoter",GO Process
https://pharos.nih.gov/idg/targets/P29375,P29375,"male gonad development",GO Process
https://pharos.nih.gov/idg/targets/P29375,P29375,"positive regulation of transcription, DNA-templated",GO Process
https://pharos.nih.gov/idg/targets/P29375,P29375,"circadian regulation of gene expression",GO Process
https://pharos.nih.gov/idg/targets/P29375,P29375,"regulation of sequence-specific DNA binding transcription factor activity",GO Process
https://pharos.nih.gov/idg/targets/P29375,P29375,"histone H3-K4 demethylation",GO Process
https://pharos.nih.gov/idg/targets/P29375,P29375,"negative regulation of histone deacetylase activity",GO Process
https://pharos.nih.gov/idg/targets/Q9UIF8,Q9UIF8,nucleus,GO Component
https://pharos.nih.gov/idg/targets/Q9UIF8,Q9UIF8,"DNA binding",GO Function
https://pharos.nih.gov/idg/targets/Q9UIF8,Q9UIF8,"metal ion binding",GO Function
https://pharos.nih.gov/idg/targets/Q9UIF8,Q9UIF8,"regulation of transcription, DNA-templated",GO Process
https://pharos.nih.gov/idg/targets/Q9UIF8,Q9UIF8,"transcription, DNA-templated",GO Process
https://pharos.nih.gov/idg/targets/Q9Y468,Q9Y468,nucleus,GO Component
https://pharos.nih.gov/idg/targets/Q9Y468,Q9Y468,nucleoplasm,GO Component
https://pharos.nih.gov/idg/targets/Q9Y468,Q9Y468,"plasma membrane",GO Component
https://pharos.nih.gov/idg/targets/Q9Y468,Q9Y468,chromatin,GO Component
https://pharos.nih.gov/idg/targets/Q9Y468,Q9Y468,"condensed chromosome",GO Component
https://pharos.nih.gov/idg/targets/Q9Y468,Q9Y468,"zinc ion binding",GO Function
https://pharos.nih.gov/idg/targets/Q9Y468,Q9Y468,"identical protein binding",GO Function
https://pharos.nih.gov/idg/targets/Q9Y468,Q9Y468,"transcription factor activity, sequence-specific DNA binding",GO Function
https://pharos.nih.gov/idg/targets/Q9Y468,Q9Y468,"chromatin binding",GO Function
https://pharos.nih.gov/idg/targets/Q9Y468,Q9Y468,"methylated histone binding",GO Function
https://pharos.nih.gov/idg/targets/Q9Y468,Q9Y468,"histone binding",GO Function
https://pharos.nih.gov/idg/targets/Q9Y468,Q9Y468,"nucleosomal histone binding",GO Function
https://pharos.nih.gov/idg/targets/Q9Y468,Q9Y468,"nucleosome binding",GO Function
https://pharos.nih.gov/idg/targets/Q9Y468,Q9Y468,"SAM domain binding",GO Function
https://pharos.nih.gov/idg/targets/Q9Y468,Q9Y468,"transcription, DNA-templated",GO Process
https://pharos.nih.gov/idg/targets/Q9Y468,Q9Y468,"negative regulation of transcription, DNA-templated",GO Process
https://pharos.nih.gov/idg/targets/Q9Y468,Q9Y468,"regulation of cell cycle",GO Process
https://pharos.nih.gov/idg/targets/Q9Y468,Q9Y468,"regulation of megakaryocyte differentiation",GO Process
https://pharos.nih.gov/idg/targets/Q9Y468,Q9Y468,"regulation of signal transduction by p53 class mediator",GO Process
https://pharos.nih.gov/idg/targets/Q9Y468,Q9Y468,"regulation of mitotic nuclear division",GO Process
https://pharos.nih.gov/idg/targets/Q9Y468,Q9Y468,"covalent chromatin modification",GO Process
https://pharos.nih.gov/idg/targets/Q9Y468,Q9Y468,"chromatin organization",GO Process
https://pharos.nih.gov/idg/targets/Q9Y468,Q9Y468,hemopoiesis,GO Process
