"URL","Uniprot ID","Name","Source","Link"
https://pharos.nih.gov/idg/targets/P41229,P41229,"Chromatin modifying enzymes","Reactome Pathway",http://www.reactome.org/content/detail/R-HSA-3247509
https://pharos.nih.gov/idg/targets/P41229,P41229,"Chromatin organization","Reactome Pathway",http://www.reactome.org/content/detail/R-HSA-4839726
https://pharos.nih.gov/idg/targets/P41229,P41229,"HDMs demethylate histones","Reactome Pathway",http://www.reactome.org/content/detail/R-HSA-3214842
https://pharos.nih.gov/idg/targets/Q9UIF9,Q9UIF9,"Gene expression (Transcription)","Reactome Pathway",http://www.reactome.org/content/detail/R-HSA-74160
https://pharos.nih.gov/idg/targets/Q9UIF9,Q9UIF9,"Epigenetic regulation of gene expression","Reactome Pathway",http://www.reactome.org/content/detail/R-HSA-212165
https://pharos.nih.gov/idg/targets/Q9UIF9,Q9UIF9,"Negative epigenetic regulation of rRNA expression","Reactome Pathway",http://www.reactome.org/content/detail/R-HSA-5250941
https://pharos.nih.gov/idg/targets/Q9UIF9,Q9UIF9,"NoRC negatively regulates rRNA expression","Reactome Pathway",http://www.reactome.org/content/detail/R-HSA-427413
https://pharos.nih.gov/idg/targets/Q86U86,Q86U86,"Hepatocellular carcinoma","KEGG Pathway",http://www.kegg.jp/kegg-bin/show_pathway?hsa05225
https://pharos.nih.gov/idg/targets/Q86U86,Q86U86,"Gene expression (Transcription)","Reactome Pathway",http://www.reactome.org/content/detail/R-HSA-74160
https://pharos.nih.gov/idg/targets/Q86U86,Q86U86,"Generic Transcription Pathway","Reactome Pathway",http://www.reactome.org/content/detail/R-HSA-212436
https://pharos.nih.gov/idg/targets/Q86U86,Q86U86,"RNA Polymerase II Transcription","Reactome Pathway",http://www.reactome.org/content/detail/R-HSA-73857
https://pharos.nih.gov/idg/targets/Q86U86,Q86U86,"Transcriptional regulation by RUNX1","Reactome Pathway",http://www.reactome.org/content/detail/R-HSA-8878171
https://pharos.nih.gov/idg/targets/Q86U86,Q86U86,"Chromatin modifying enzymes","Reactome Pathway",http://www.reactome.org/content/detail/R-HSA-3247509
https://pharos.nih.gov/idg/targets/Q86U86,Q86U86,"Chromatin organization","Reactome Pathway",http://www.reactome.org/content/detail/R-HSA-4839726
https://pharos.nih.gov/idg/targets/Q86U86,Q86U86,"RMTs methylate histone arginines","Reactome Pathway",http://www.reactome.org/content/detail/R-HSA-3214858
https://pharos.nih.gov/idg/targets/Q86U86,Q86U86,"RUNX1 interacts with co-factors whose precise effect on RUNX1 targets is not known","Reactome Pathway",http://www.reactome.org/content/detail/R-HSA-8939243
https://pharos.nih.gov/idg/targets/Q9UGL1,Q9UGL1,"Gene expression (Transcription)","Reactome Pathway",http://www.reactome.org/content/detail/R-HSA-74160
https://pharos.nih.gov/idg/targets/Q9UGL1,Q9UGL1,"Generic Transcription Pathway","Reactome Pathway",http://www.reactome.org/content/detail/R-HSA-212436
https://pharos.nih.gov/idg/targets/Q9UGL1,Q9UGL1,"RNA Polymerase II Transcription","Reactome Pathway",http://www.reactome.org/content/detail/R-HSA-73857
https://pharos.nih.gov/idg/targets/Q9UGL1,Q9UGL1,"Chromatin modifying enzymes","Reactome Pathway",http://www.reactome.org/content/detail/R-HSA-3247509
https://pharos.nih.gov/idg/targets/Q9UGL1,Q9UGL1,"Chromatin organization","Reactome Pathway",http://www.reactome.org/content/detail/R-HSA-4839726
https://pharos.nih.gov/idg/targets/Q9UGL1,Q9UGL1,"Transcriptional regulation by the AP-2 (TFAP2) family of transcription factors","Reactome Pathway",http://www.reactome.org/content/detail/R-HSA-8864260
https://pharos.nih.gov/idg/targets/Q9UGL1,Q9UGL1,"HDMs demethylate histones","Reactome Pathway",http://www.reactome.org/content/detail/R-HSA-3214842
https://pharos.nih.gov/idg/targets/Q9UGL1,Q9UGL1,"TFAP2 (AP-2) family regulates transcription of cell cycle factors","Reactome Pathway",http://www.reactome.org/content/detail/R-HSA-8866911
https://pharos.nih.gov/idg/targets/P29375,P29375,"Chromatin modifying enzymes","Reactome Pathway",http://www.reactome.org/content/detail/R-HSA-3247509
https://pharos.nih.gov/idg/targets/P29375,P29375,"Chromatin organization","Reactome Pathway",http://www.reactome.org/content/detail/R-HSA-4839726
https://pharos.nih.gov/idg/targets/P29375,P29375,"HDMs demethylate histones","Reactome Pathway",http://www.reactome.org/content/detail/R-HSA-3214842
https://pharos.nih.gov/idg/targets/P29375,P29375,"Circadian rythm related genes","WikiPathways Pathway",http://www.wikipathways.org/instance/WP3594_r87161
https://pharos.nih.gov/idg/targets/Q9Y468,Q9Y468,"Gene expression (Transcription)","Reactome Pathway",http://www.reactome.org/content/detail/R-HSA-74160
https://pharos.nih.gov/idg/targets/Q9Y468,Q9Y468,"Generic Transcription Pathway","Reactome Pathway",http://www.reactome.org/content/detail/R-HSA-212436
https://pharos.nih.gov/idg/targets/Q9Y468,Q9Y468,"RNA Polymerase II Transcription","Reactome Pathway",http://www.reactome.org/content/detail/R-HSA-73857
https://pharos.nih.gov/idg/targets/Q9Y468,Q9Y468,"Transcriptional Regulation by TP53","Reactome Pathway",http://www.reactome.org/content/detail/R-HSA-3700989
https://pharos.nih.gov/idg/targets/Q9Y468,Q9Y468,"Regulation of TP53 Activity","Reactome Pathway",http://www.reactome.org/content/detail/R-HSA-5633007
https://pharos.nih.gov/idg/targets/Q9Y468,Q9Y468,"Regulation of TP53 Activity through Methylation","Reactome Pathway",http://www.reactome.org/content/detail/R-HSA-6804760
