"URL","Uniprot ID","GeneSymbol","Name","Description","Development Level","DTOClass","PantherClass","Novelty","Target Family","PatentCount","AntibodyCount","PubmedCount","Knowledge Availability","PubmedScore","PubtatorScore","PMIDs"
https://pharos.nih.gov/idg/targets/P41229,P41229,KDM5C,"Lysine-specific demethylase 5C","Histone demethylase that specifically demethylates 'Lys-4' of histone H3, thereby playing a central role in histone code (PubMed:28262558). Does not demethylate histone H3 'Lys-9', H3 'Lys-27', H3 'Lys-36', H3 'Lys-79' or H4 'Lys-20'. Demethylates trimethylated and dimethylated but not monomethylated H3 'Lys-4'. Participates in transcriptional repression of neuronal genes by recruiting histone deacetylases and REST at neuron-restrictive silencer elements. Represses the CLOCK-ARNTL/BMAL1 heterodimer-mediated transcriptional activation of the core clock component PER2 (By similarity).",Tchem,,"zinc finger transcription factor",-1.940044114867587,TF/Epigenetic,,135,50,43.46,86.36,58.66,28262558|28112733|27896428|27869828|27696497|27214403|27211531|27058665|26919706|26858085|26645689|26621457|26580603|26551685|26503415|26182878|26059843|25712104|25666439|25222147|25016185|24583395|24029645|23356856|23246292|23186163|22611640|22326837|21725364|21575681|21406692|21269460|21076407|20538609|20133580|20068231|20054297|19826449|19690332|19636912|19346402|18697827|18669648|18078810|17468742|17320161|17320160|17081983|16964243|16541399|16538222|16344560|15772651|15586325|15489334|15302935|14702039|14660691|12477932|8162017|7951230|1605216
https://pharos.nih.gov/idg/targets/Q9UIF9,Q9UIF9,BAZ2A,"Bromodomain adjacent to zinc finger domain protein 2A","Essential component of the NoRC (nucleolar remodeling complex) complex, a complex that mediates silencing of a fraction of rDNA by recruiting histone-modifying enzymes and DNA methyltransferases, leading to heterochromatin formation and transcriptional silencing. In the complex, it plays a central role by being recruited to rDNA and by targeting chromatin modifying enzymes such as HDAC1, leading to repress RNA polymerase I transcription. Recruited to rDNA via its interaction with TTF1 and its ability to recognize and bind histone H4 acetylated on 'Lys-16' (H4K16ac), leading to deacetylation of H4K5ac, H4K8ac, H4K12ac but not H4K16ac. Specifically binds pRNAs, 150-250 nucleotide RNAs that are complementary in sequence to the rDNA promoter; pRNA-binding is required for heterochromatin formation and rDNA silencing (By similarity).",Tchem,,,-2.0756385159761055,TF/Epigenetic,,51,20,43.32,115.20,26.69,28341809|28112733|26100909|25916849|25772364|25533489|25485837|25479748|25216700|24275569|23186163|22368283|22139419|21406692|20068231|19690332|19578370|19413330|18669648|17974005|17672918|17525332|17474147|17081983|16541075|15489334|15302935|14702039|12477932|11532953|10662543|9205841
https://pharos.nih.gov/idg/targets/Q86U86,Q86U86,PBRM1,"Protein polybromo-1","Involved in transcriptional activation and repression of select genes by chromatin remodeling (alteration of DNA-nucleosome topology). Required for the stability of the SWI/SNF chromatin remodeling complex SWI/SNF-B (PBAF). Acts as a negative regulator of cell proliferation.",Tchem,,,-1.9250026410094039,TF/Epigenetic,,97,68,44.09,84.65,402.77,28940253|28846693|28329682|28112733|28053089|28007623|27864835|27556922|27461052|27142060|27100670|27072194|26634388|26601204|26464681|26452128|26300218|26178300|26117423|26003625|25978027|25911086|25772364|25755297|25686626|25636086|25496315|25465300|25218447|25200863|25114211|25056061|24613357|24275569|24185509|24166983|24053427|24029645|23974872|23867514|23644518|23333114|23186163|23092984|22952240|22949125|22763110|22573740|22479202|22464331|22140357|21926972|21604427|21406692|21269460|21248752|21037240|20660729|20379614|20368734|20130577|20081856|20068231|19690332|19413330|18669648|18339845|18191465|17320048|17081983|16964243|16344560|16094384|15985610|15735765|15489334|14702039|12672490|12487023|12477932|12368262|11780067|11483580|11078522|8889549
https://pharos.nih.gov/idg/targets/Q9UGL1,Q9UGL1,KDM5B,"Lysine-specific demethylase 5B","Histone demethylase that demethylates 'Lys-4' of histone H3, thereby playing a central role in histone code (PubMed:24952722, PubMed:27214403, PubMed:28262558). Does not demethylate histone H3 'Lys-9' or H3 'Lys-27'. Demethylates trimethylated, dimethylated and monomethylated H3 'Lys-4'. Acts as a transcriptional corepressor for FOXG1B and PAX9. Favors the proliferation of breast cancer cells by repressing tumor suppressor genes such as BRCA1 and HOXA5 (PubMed:24952722). In contrast, may act as a tumor suppressor for melanoma. Represses the CLOCK-ARNTL/BMAL1 heterodimer-mediated transcriptional activation of the core clock component PER2 (By similarity).",Tchem,,"zinc finger transcription factor",-2.2065476866164353,TF/Epigenetic,,252,70,38.02,168.09,74.03,28344757|28262558|28112733|28082020|27635108|27584795|27488530|27480251|27246838|27214403|26917489|26911146|26741168|26655717|26645689|26621457|26184998|26125737|25951238|25909289|25877751|25789538|25777981|25755704|25755297|25663457|25450384|25218447|24952722|24937458|24778210|24619877|24495580|24481781|24412361|23970103|23759590|23579952|23408432|23354547|23262439|23186163|22669717|22615382|22534467|22371483|22152480|21969366|21937684|21821892|21369698|21105039|20863814|20832725|20478252|20403335|20228790|20226085|19536175|19336002|18669648|18048344|18029348|17973255|17709396|17373667|17363312|17320161|17311883|16710414|16645588|16541399|15803180|15640446|14702039|12657635|12237901|11483573|11478881|10878660|10616211|10336460
https://pharos.nih.gov/idg/targets/P29375,P29375,KDM5A,"Lysine-specific demethylase 5A","Histone demethylase that specifically demethylates 'Lys-4' of histone H3, thereby playing a central role in histone code. Does not demethylate histone H3 'Lys-9', H3 'Lys-27', H3 'Lys-36', H3 'Lys-79' or H4 'Lys-20'. Demethylates trimethylated and dimethylated but not monomethylated H3 'Lys-4'. Regulates specific gene transcription through DNA-binding on 5'-CCGCCC-3' motif (PubMed:18270511). May stimulate transcription mediated by nuclear receptors. Involved in transcriptional regulation of Hox proteins during cell differentiation (PubMed:19430464). May participate in transcriptional repression of cytokines such as CXCL12. Plays a role in the regulation of the circadian rhythm and in maintaining the normal periodicity of the circadian clock. In a histone demethylase-independent manner, acts as a coactivator of the CLOCK-ARNTL/BMAL1-mediated transcriptional activation of PER1/2 and other clock-controlled genes and increases histone acetylation at PER1/2 promoters by inhibiting the activity of HDAC1 (By similarity). Seems to act as a transcriptional corepressor for some genes such as MT1F and to favor the proliferation of cancer cells (PubMed:27427228).",Tchem,,"zinc finger transcription factor",-1.7933138759801617,TF/Epigenetic,,149,55,43.72,64.39,34.42,28572115|28112733|27512956|27499454|27427228|27253695|27224921|27214401|26645689|26566863|25686748|25575817|25190814|25015565|24716659|24582965|24442343|24376841|24275569|24069348|24068396|23922798|23794145|23722541|23266085|23186163|23093672|22615382|21960634|21935404|21562575|21348942|20383146|20068231|19850045|19762557|19690332|19430464|18722178|18669648|18270511|18029348|17573780|17320163|17320161|17320160|17311883|17081983|16645588|16541399|16541075|16344560|15949438|15640446|15489334|15302935|14702039|12477932|11445587|11358960|9129143|9110174|8889549|8619474|8530100|8414517|8125298|7935440|1857421
https://pharos.nih.gov/idg/targets/Q9UIF8,Q9UIF8,BAZ2B,"Bromodomain adjacent to zinc finger domain protein 2B","May play a role in transcriptional regulation interacting with ISWI.",Tchem,,,-2.1996183925603248,TF/Epigenetic,,90,16,38.71,151.08,5.67,28864776|28341809|28112733|26942307|25719566|25416956|25266743|24304323|23186163|22464331|21738491|21406692|20802025|19608861|18482256|17974005|17081983|15489334|14702039|12477932|10819331|10662543
https://pharos.nih.gov/idg/targets/Q9Y468,Q9Y468,L3MBTL1,"Lethal(3)malignant brain tumor-like protein 1","Polycomb group (PcG) protein that specifically recognizes and binds mono- and dimethyllysine residues on target proteins, therey acting as a 'reader' of a network of post-translational modifications. PcG proteins maintain the transcriptionally repressive state of genes: acts as a chromatin compaction factor by recognizing and binding mono- and dimethylated histone H1b/HIST1H1E at 'Lys-26' (H1bK26me1 and H1bK26me2) and histone H4 at 'Lys-20' (H4K20me1 and H4K20me2), leading to condense chromatin and repress transcription. Recognizes and binds p53/TP53 monomethylated at 'Lys-382', leading to repress p53/TP53-target genes. Also recognizes and binds RB1/RB monomethylated at 'Lys-860'. Participates in the ETV6-mediated repression. Probably plays a role in cell proliferation. Overexpression induces multinucleated cells, suggesting that it is required to accomplish normal mitosis.",Tchem,,"DNA binding protein",-2.4567554136614302,TF/Epigenetic,,106,33,30.94,284.50,27.43,27553422|25754204|24243547|23186163|22120668|21837478|21341991|21149733|20870725|20870719|20622853|20585043|19144645|18474616|18408754|18042461|18026117|17974005|17540172|16415788|16344560|15790807|15566354|15489334|15334543|15123827|14702039|12842041|12588862|12477932|11780052|11549316|10737800|10445843|9734811|8889548
