"URL","Uniprot ID","Keyword","Link"
https://pharos.nih.gov/idg/targets/P41229,P41229,"Complete proteome",http://www.uniprot.org/keywords/KW-0181
https://pharos.nih.gov/idg/targets/P41229,P41229,Metal-binding,http://www.uniprot.org/keywords/KW-0479
https://pharos.nih.gov/idg/targets/P41229,P41229,Nucleus,http://www.uniprot.org/keywords/KW-0539
https://pharos.nih.gov/idg/targets/P41229,P41229,"Reference proteome",http://www.uniprot.org/keywords/KW-1185
https://pharos.nih.gov/idg/targets/P41229,P41229,Repeat,http://www.uniprot.org/keywords/KW-0677
https://pharos.nih.gov/idg/targets/P41229,P41229,Transcription,http://www.uniprot.org/keywords/KW-0804
https://pharos.nih.gov/idg/targets/P41229,P41229,"Transcription regulation",http://www.uniprot.org/keywords/KW-0805
https://pharos.nih.gov/idg/targets/P41229,P41229,Zinc,http://www.uniprot.org/keywords/KW-0862
https://pharos.nih.gov/idg/targets/P41229,P41229,Zinc-finger,http://www.uniprot.org/keywords/KW-0863
https://pharos.nih.gov/idg/targets/P41229,P41229,"Alternative splicing",http://www.uniprot.org/keywords/KW-0025
https://pharos.nih.gov/idg/targets/P41229,P41229,"Disease mutation",http://www.uniprot.org/keywords/KW-0225
https://pharos.nih.gov/idg/targets/P41229,P41229,"Mental retardation",http://www.uniprot.org/keywords/KW-0991
https://pharos.nih.gov/idg/targets/P41229,P41229,"Isopeptide bond",http://www.uniprot.org/keywords/KW-1017
https://pharos.nih.gov/idg/targets/P41229,P41229,Phosphoprotein,http://www.uniprot.org/keywords/KW-0597
https://pharos.nih.gov/idg/targets/P41229,P41229,"Ubl conjugation",http://www.uniprot.org/keywords/KW-0832
https://pharos.nih.gov/idg/targets/P41229,P41229,3D-structure,http://www.uniprot.org/keywords/KW-0002
https://pharos.nih.gov/idg/targets/P41229,P41229,"Biological rhythms",http://www.uniprot.org/keywords/KW-0090
https://pharos.nih.gov/idg/targets/P41229,P41229,Oxidoreductase,http://www.uniprot.org/keywords/KW-0560
https://pharos.nih.gov/idg/targets/P41229,P41229,Repressor,http://www.uniprot.org/keywords/KW-0678
https://pharos.nih.gov/idg/targets/P41229,P41229,"Chromatin regulator",http://www.uniprot.org/keywords/KW-0156
https://pharos.nih.gov/idg/targets/P41229,P41229,Iron,http://www.uniprot.org/keywords/KW-0408
https://pharos.nih.gov/idg/targets/P41229,P41229,Dioxygenase,http://www.uniprot.org/keywords/KW-0223
https://pharos.nih.gov/idg/targets/Q9UIF9,Q9UIF9,"Complete proteome",http://www.uniprot.org/keywords/KW-0181
https://pharos.nih.gov/idg/targets/Q9UIF9,Q9UIF9,DNA-binding,http://www.uniprot.org/keywords/KW-0238
https://pharos.nih.gov/idg/targets/Q9UIF9,Q9UIF9,Metal-binding,http://www.uniprot.org/keywords/KW-0479
https://pharos.nih.gov/idg/targets/Q9UIF9,Q9UIF9,Nucleus,http://www.uniprot.org/keywords/KW-0539
https://pharos.nih.gov/idg/targets/Q9UIF9,Q9UIF9,Polymorphism,http://www.uniprot.org/keywords/KW-0621
https://pharos.nih.gov/idg/targets/Q9UIF9,Q9UIF9,"Reference proteome",http://www.uniprot.org/keywords/KW-1185
https://pharos.nih.gov/idg/targets/Q9UIF9,Q9UIF9,Repeat,http://www.uniprot.org/keywords/KW-0677
https://pharos.nih.gov/idg/targets/Q9UIF9,Q9UIF9,Transcription,http://www.uniprot.org/keywords/KW-0804
https://pharos.nih.gov/idg/targets/Q9UIF9,Q9UIF9,"Transcription regulation",http://www.uniprot.org/keywords/KW-0805
https://pharos.nih.gov/idg/targets/Q9UIF9,Q9UIF9,Zinc,http://www.uniprot.org/keywords/KW-0862
https://pharos.nih.gov/idg/targets/Q9UIF9,Q9UIF9,Zinc-finger,http://www.uniprot.org/keywords/KW-0863
https://pharos.nih.gov/idg/targets/Q9UIF9,Q9UIF9,"Alternative splicing",http://www.uniprot.org/keywords/KW-0025
https://pharos.nih.gov/idg/targets/Q9UIF9,Q9UIF9,"Isopeptide bond",http://www.uniprot.org/keywords/KW-1017
https://pharos.nih.gov/idg/targets/Q9UIF9,Q9UIF9,Phosphoprotein,http://www.uniprot.org/keywords/KW-0597
https://pharos.nih.gov/idg/targets/Q9UIF9,Q9UIF9,"Ubl conjugation",http://www.uniprot.org/keywords/KW-0832
https://pharos.nih.gov/idg/targets/Q9UIF9,Q9UIF9,Acetylation,http://www.uniprot.org/keywords/KW-0007
https://pharos.nih.gov/idg/targets/Q9UIF9,Q9UIF9,3D-structure,http://www.uniprot.org/keywords/KW-0002
https://pharos.nih.gov/idg/targets/Q9UIF9,Q9UIF9,"Coiled coil",http://www.uniprot.org/keywords/KW-0175
https://pharos.nih.gov/idg/targets/Q9UIF9,Q9UIF9,Repressor,http://www.uniprot.org/keywords/KW-0678
https://pharos.nih.gov/idg/targets/Q9UIF9,Q9UIF9,RNA-binding,http://www.uniprot.org/keywords/KW-0694
https://pharos.nih.gov/idg/targets/Q9UIF9,Q9UIF9,"Chromatin regulator",http://www.uniprot.org/keywords/KW-0156
https://pharos.nih.gov/idg/targets/Q9UIF9,Q9UIF9,Bromodomain,http://www.uniprot.org/keywords/KW-0103
https://pharos.nih.gov/idg/targets/Q86U86,Q86U86,"Complete proteome",http://www.uniprot.org/keywords/KW-0181
https://pharos.nih.gov/idg/targets/Q86U86,Q86U86,DNA-binding,http://www.uniprot.org/keywords/KW-0238
https://pharos.nih.gov/idg/targets/Q86U86,Q86U86,Nucleus,http://www.uniprot.org/keywords/KW-0539
https://pharos.nih.gov/idg/targets/Q86U86,Q86U86,Polymorphism,http://www.uniprot.org/keywords/KW-0621
https://pharos.nih.gov/idg/targets/Q86U86,Q86U86,"Reference proteome",http://www.uniprot.org/keywords/KW-1185
https://pharos.nih.gov/idg/targets/Q86U86,Q86U86,Repeat,http://www.uniprot.org/keywords/KW-0677
https://pharos.nih.gov/idg/targets/Q86U86,Q86U86,Transcription,http://www.uniprot.org/keywords/KW-0804
https://pharos.nih.gov/idg/targets/Q86U86,Q86U86,"Transcription regulation",http://www.uniprot.org/keywords/KW-0805
https://pharos.nih.gov/idg/targets/Q86U86,Q86U86,"Alternative splicing",http://www.uniprot.org/keywords/KW-0025
https://pharos.nih.gov/idg/targets/Q86U86,Q86U86,"Isopeptide bond",http://www.uniprot.org/keywords/KW-1017
https://pharos.nih.gov/idg/targets/Q86U86,Q86U86,Phosphoprotein,http://www.uniprot.org/keywords/KW-0597
https://pharos.nih.gov/idg/targets/Q86U86,Q86U86,"Ubl conjugation",http://www.uniprot.org/keywords/KW-0832
https://pharos.nih.gov/idg/targets/Q86U86,Q86U86,Acetylation,http://www.uniprot.org/keywords/KW-0007
https://pharos.nih.gov/idg/targets/Q86U86,Q86U86,3D-structure,http://www.uniprot.org/keywords/KW-0002
https://pharos.nih.gov/idg/targets/Q86U86,Q86U86,"Chromatin regulator",http://www.uniprot.org/keywords/KW-0156
https://pharos.nih.gov/idg/targets/Q86U86,Q86U86,"Tumor suppressor",http://www.uniprot.org/keywords/KW-0043
https://pharos.nih.gov/idg/targets/Q86U86,Q86U86,Bromodomain,http://www.uniprot.org/keywords/KW-0103
https://pharos.nih.gov/idg/targets/Q9UGL1,Q9UGL1,"Complete proteome",http://www.uniprot.org/keywords/KW-0181
https://pharos.nih.gov/idg/targets/Q9UGL1,Q9UGL1,Metal-binding,http://www.uniprot.org/keywords/KW-0479
https://pharos.nih.gov/idg/targets/Q9UGL1,Q9UGL1,Nucleus,http://www.uniprot.org/keywords/KW-0539
https://pharos.nih.gov/idg/targets/Q9UGL1,Q9UGL1,"Reference proteome",http://www.uniprot.org/keywords/KW-1185
https://pharos.nih.gov/idg/targets/Q9UGL1,Q9UGL1,Repeat,http://www.uniprot.org/keywords/KW-0677
https://pharos.nih.gov/idg/targets/Q9UGL1,Q9UGL1,Transcription,http://www.uniprot.org/keywords/KW-0804
https://pharos.nih.gov/idg/targets/Q9UGL1,Q9UGL1,"Transcription regulation",http://www.uniprot.org/keywords/KW-0805
https://pharos.nih.gov/idg/targets/Q9UGL1,Q9UGL1,Zinc,http://www.uniprot.org/keywords/KW-0862
https://pharos.nih.gov/idg/targets/Q9UGL1,Q9UGL1,Zinc-finger,http://www.uniprot.org/keywords/KW-0863
https://pharos.nih.gov/idg/targets/Q9UGL1,Q9UGL1,"Alternative splicing",http://www.uniprot.org/keywords/KW-0025
https://pharos.nih.gov/idg/targets/Q9UGL1,Q9UGL1,"Isopeptide bond",http://www.uniprot.org/keywords/KW-1017
https://pharos.nih.gov/idg/targets/Q9UGL1,Q9UGL1,Phosphoprotein,http://www.uniprot.org/keywords/KW-0597
https://pharos.nih.gov/idg/targets/Q9UGL1,Q9UGL1,"Ubl conjugation",http://www.uniprot.org/keywords/KW-0832
https://pharos.nih.gov/idg/targets/Q9UGL1,Q9UGL1,Acetylation,http://www.uniprot.org/keywords/KW-0007
https://pharos.nih.gov/idg/targets/Q9UGL1,Q9UGL1,3D-structure,http://www.uniprot.org/keywords/KW-0002
https://pharos.nih.gov/idg/targets/Q9UGL1,Q9UGL1,"Biological rhythms",http://www.uniprot.org/keywords/KW-0090
https://pharos.nih.gov/idg/targets/Q9UGL1,Q9UGL1,Oxidoreductase,http://www.uniprot.org/keywords/KW-0560
https://pharos.nih.gov/idg/targets/Q9UGL1,Q9UGL1,Repressor,http://www.uniprot.org/keywords/KW-0678
https://pharos.nih.gov/idg/targets/Q9UGL1,Q9UGL1,"Chromatin regulator",http://www.uniprot.org/keywords/KW-0156
https://pharos.nih.gov/idg/targets/Q9UGL1,Q9UGL1,Iron,http://www.uniprot.org/keywords/KW-0408
https://pharos.nih.gov/idg/targets/Q9UGL1,Q9UGL1,Dioxygenase,http://www.uniprot.org/keywords/KW-0223
https://pharos.nih.gov/idg/targets/P29375,P29375,"Complete proteome",http://www.uniprot.org/keywords/KW-0181
https://pharos.nih.gov/idg/targets/P29375,P29375,Metal-binding,http://www.uniprot.org/keywords/KW-0479
https://pharos.nih.gov/idg/targets/P29375,P29375,Nucleus,http://www.uniprot.org/keywords/KW-0539
https://pharos.nih.gov/idg/targets/P29375,P29375,Polymorphism,http://www.uniprot.org/keywords/KW-0621
https://pharos.nih.gov/idg/targets/P29375,P29375,"Reference proteome",http://www.uniprot.org/keywords/KW-1185
https://pharos.nih.gov/idg/targets/P29375,P29375,Repeat,http://www.uniprot.org/keywords/KW-0677
https://pharos.nih.gov/idg/targets/P29375,P29375,Transcription,http://www.uniprot.org/keywords/KW-0804
https://pharos.nih.gov/idg/targets/P29375,P29375,"Transcription regulation",http://www.uniprot.org/keywords/KW-0805
https://pharos.nih.gov/idg/targets/P29375,P29375,Zinc,http://www.uniprot.org/keywords/KW-0862
https://pharos.nih.gov/idg/targets/P29375,P29375,Zinc-finger,http://www.uniprot.org/keywords/KW-0863
https://pharos.nih.gov/idg/targets/P29375,P29375,"Alternative splicing",http://www.uniprot.org/keywords/KW-0025
https://pharos.nih.gov/idg/targets/P29375,P29375,"Isopeptide bond",http://www.uniprot.org/keywords/KW-1017
https://pharos.nih.gov/idg/targets/P29375,P29375,Phosphoprotein,http://www.uniprot.org/keywords/KW-0597
https://pharos.nih.gov/idg/targets/P29375,P29375,"Ubl conjugation",http://www.uniprot.org/keywords/KW-0832
https://pharos.nih.gov/idg/targets/P29375,P29375,3D-structure,http://www.uniprot.org/keywords/KW-0002
https://pharos.nih.gov/idg/targets/P29375,P29375,"Biological rhythms",http://www.uniprot.org/keywords/KW-0090
https://pharos.nih.gov/idg/targets/P29375,P29375,Oxidoreductase,http://www.uniprot.org/keywords/KW-0560
https://pharos.nih.gov/idg/targets/P29375,P29375,"Developmental protein",http://www.uniprot.org/keywords/KW-0217
https://pharos.nih.gov/idg/targets/P29375,P29375,Activator,http://www.uniprot.org/keywords/KW-0010
https://pharos.nih.gov/idg/targets/P29375,P29375,"Chromatin regulator",http://www.uniprot.org/keywords/KW-0156
https://pharos.nih.gov/idg/targets/P29375,P29375,Iron,http://www.uniprot.org/keywords/KW-0408
https://pharos.nih.gov/idg/targets/P29375,P29375,Dioxygenase,http://www.uniprot.org/keywords/KW-0223
https://pharos.nih.gov/idg/targets/Q9UIF8,Q9UIF8,"Complete proteome",http://www.uniprot.org/keywords/KW-0181
https://pharos.nih.gov/idg/targets/Q9UIF8,Q9UIF8,DNA-binding,http://www.uniprot.org/keywords/KW-0238
https://pharos.nih.gov/idg/targets/Q9UIF8,Q9UIF8,Metal-binding,http://www.uniprot.org/keywords/KW-0479
https://pharos.nih.gov/idg/targets/Q9UIF8,Q9UIF8,Nucleus,http://www.uniprot.org/keywords/KW-0539
https://pharos.nih.gov/idg/targets/Q9UIF8,Q9UIF8,Polymorphism,http://www.uniprot.org/keywords/KW-0621
https://pharos.nih.gov/idg/targets/Q9UIF8,Q9UIF8,"Reference proteome",http://www.uniprot.org/keywords/KW-1185
https://pharos.nih.gov/idg/targets/Q9UIF8,Q9UIF8,Transcription,http://www.uniprot.org/keywords/KW-0804
https://pharos.nih.gov/idg/targets/Q9UIF8,Q9UIF8,"Transcription regulation",http://www.uniprot.org/keywords/KW-0805
https://pharos.nih.gov/idg/targets/Q9UIF8,Q9UIF8,Zinc,http://www.uniprot.org/keywords/KW-0862
https://pharos.nih.gov/idg/targets/Q9UIF8,Q9UIF8,Zinc-finger,http://www.uniprot.org/keywords/KW-0863
https://pharos.nih.gov/idg/targets/Q9UIF8,Q9UIF8,"Alternative splicing",http://www.uniprot.org/keywords/KW-0025
https://pharos.nih.gov/idg/targets/Q9UIF8,Q9UIF8,"Isopeptide bond",http://www.uniprot.org/keywords/KW-1017
https://pharos.nih.gov/idg/targets/Q9UIF8,Q9UIF8,Phosphoprotein,http://www.uniprot.org/keywords/KW-0597
https://pharos.nih.gov/idg/targets/Q9UIF8,Q9UIF8,"Ubl conjugation",http://www.uniprot.org/keywords/KW-0832
https://pharos.nih.gov/idg/targets/Q9UIF8,Q9UIF8,Acetylation,http://www.uniprot.org/keywords/KW-0007
https://pharos.nih.gov/idg/targets/Q9UIF8,Q9UIF8,3D-structure,http://www.uniprot.org/keywords/KW-0002
https://pharos.nih.gov/idg/targets/Q9UIF8,Q9UIF8,"Coiled coil",http://www.uniprot.org/keywords/KW-0175
https://pharos.nih.gov/idg/targets/Q9UIF8,Q9UIF8,Bromodomain,http://www.uniprot.org/keywords/KW-0103
https://pharos.nih.gov/idg/targets/Q9Y468,Q9Y468,"Complete proteome",http://www.uniprot.org/keywords/KW-0181
https://pharos.nih.gov/idg/targets/Q9Y468,Q9Y468,Metal-binding,http://www.uniprot.org/keywords/KW-0479
https://pharos.nih.gov/idg/targets/Q9Y468,Q9Y468,Nucleus,http://www.uniprot.org/keywords/KW-0539
https://pharos.nih.gov/idg/targets/Q9Y468,Q9Y468,Polymorphism,http://www.uniprot.org/keywords/KW-0621
https://pharos.nih.gov/idg/targets/Q9Y468,Q9Y468,"Reference proteome",http://www.uniprot.org/keywords/KW-1185
https://pharos.nih.gov/idg/targets/Q9Y468,Q9Y468,Repeat,http://www.uniprot.org/keywords/KW-0677
https://pharos.nih.gov/idg/targets/Q9Y468,Q9Y468,Transcription,http://www.uniprot.org/keywords/KW-0804
https://pharos.nih.gov/idg/targets/Q9Y468,Q9Y468,"Transcription regulation",http://www.uniprot.org/keywords/KW-0805
https://pharos.nih.gov/idg/targets/Q9Y468,Q9Y468,Zinc,http://www.uniprot.org/keywords/KW-0862
https://pharos.nih.gov/idg/targets/Q9Y468,Q9Y468,Zinc-finger,http://www.uniprot.org/keywords/KW-0863
https://pharos.nih.gov/idg/targets/Q9Y468,Q9Y468,"Alternative splicing",http://www.uniprot.org/keywords/KW-0025
https://pharos.nih.gov/idg/targets/Q9Y468,Q9Y468,Phosphoprotein,http://www.uniprot.org/keywords/KW-0597
https://pharos.nih.gov/idg/targets/Q9Y468,Q9Y468,"Ubl conjugation",http://www.uniprot.org/keywords/KW-0832
https://pharos.nih.gov/idg/targets/Q9Y468,Q9Y468,3D-structure,http://www.uniprot.org/keywords/KW-0002
https://pharos.nih.gov/idg/targets/Q9Y468,Q9Y468,Repressor,http://www.uniprot.org/keywords/KW-0678
https://pharos.nih.gov/idg/targets/Q9Y468,Q9Y468,"Chromatin regulator",http://www.uniprot.org/keywords/KW-0156
