"URL","Uniprot ID","Keyword","Link"
https://pharos.nih.gov/idg/targets/P43220,P43220,"Complete proteome",http://www.uniprot.org/keywords/KW-0181
https://pharos.nih.gov/idg/targets/P43220,P43220,Polymorphism,http://www.uniprot.org/keywords/KW-0621
https://pharos.nih.gov/idg/targets/P43220,P43220,"Reference proteome",http://www.uniprot.org/keywords/KW-1185
https://pharos.nih.gov/idg/targets/P43220,P43220,"Cell membrane",http://www.uniprot.org/keywords/KW-1003
https://pharos.nih.gov/idg/targets/P43220,P43220,"Disulfide bond",http://www.uniprot.org/keywords/KW-1015
https://pharos.nih.gov/idg/targets/P43220,P43220,"G-protein coupled receptor",http://www.uniprot.org/keywords/KW-0297
https://pharos.nih.gov/idg/targets/P43220,P43220,Glycoprotein,http://www.uniprot.org/keywords/KW-0325
https://pharos.nih.gov/idg/targets/P43220,P43220,Membrane,http://www.uniprot.org/keywords/KW-0472
https://pharos.nih.gov/idg/targets/P43220,P43220,Receptor,http://www.uniprot.org/keywords/KW-0675
https://pharos.nih.gov/idg/targets/P43220,P43220,Transducer,http://www.uniprot.org/keywords/KW-0807
https://pharos.nih.gov/idg/targets/P43220,P43220,Transmembrane,http://www.uniprot.org/keywords/KW-0812
https://pharos.nih.gov/idg/targets/P43220,P43220,"Transmembrane helix",http://www.uniprot.org/keywords/KW-1133
https://pharos.nih.gov/idg/targets/P43220,P43220,3D-structure,http://www.uniprot.org/keywords/KW-0002
https://pharos.nih.gov/idg/targets/P43220,P43220,Signal,http://www.uniprot.org/keywords/KW-0732
https://pharos.nih.gov/idg/targets/P43220,P43220,ADP-ribosylation,http://www.uniprot.org/keywords/KW-0013
https://pharos.nih.gov/idg/targets/P47872,P47872,"Complete proteome",http://www.uniprot.org/keywords/KW-0181
https://pharos.nih.gov/idg/targets/P47872,P47872,Polymorphism,http://www.uniprot.org/keywords/KW-0621
https://pharos.nih.gov/idg/targets/P47872,P47872,"Reference proteome",http://www.uniprot.org/keywords/KW-1185
https://pharos.nih.gov/idg/targets/P47872,P47872,"Cell membrane",http://www.uniprot.org/keywords/KW-1003
https://pharos.nih.gov/idg/targets/P47872,P47872,"G-protein coupled receptor",http://www.uniprot.org/keywords/KW-0297
https://pharos.nih.gov/idg/targets/P47872,P47872,Glycoprotein,http://www.uniprot.org/keywords/KW-0325
https://pharos.nih.gov/idg/targets/P47872,P47872,Membrane,http://www.uniprot.org/keywords/KW-0472
https://pharos.nih.gov/idg/targets/P47872,P47872,Receptor,http://www.uniprot.org/keywords/KW-0675
https://pharos.nih.gov/idg/targets/P47872,P47872,Transducer,http://www.uniprot.org/keywords/KW-0807
https://pharos.nih.gov/idg/targets/P47872,P47872,Transmembrane,http://www.uniprot.org/keywords/KW-0812
https://pharos.nih.gov/idg/targets/P47872,P47872,"Transmembrane helix",http://www.uniprot.org/keywords/KW-1133
https://pharos.nih.gov/idg/targets/P47872,P47872,Signal,http://www.uniprot.org/keywords/KW-0732
https://pharos.nih.gov/idg/targets/Q02643,Q02643,"Complete proteome",http://www.uniprot.org/keywords/KW-0181
https://pharos.nih.gov/idg/targets/Q02643,Q02643,Polymorphism,http://www.uniprot.org/keywords/KW-0621
https://pharos.nih.gov/idg/targets/Q02643,Q02643,"Reference proteome",http://www.uniprot.org/keywords/KW-1185
https://pharos.nih.gov/idg/targets/Q02643,Q02643,"Disease mutation",http://www.uniprot.org/keywords/KW-0225
https://pharos.nih.gov/idg/targets/Q02643,Q02643,"Cell membrane",http://www.uniprot.org/keywords/KW-1003
https://pharos.nih.gov/idg/targets/Q02643,Q02643,"Disulfide bond",http://www.uniprot.org/keywords/KW-1015
https://pharos.nih.gov/idg/targets/Q02643,Q02643,"G-protein coupled receptor",http://www.uniprot.org/keywords/KW-0297
https://pharos.nih.gov/idg/targets/Q02643,Q02643,Glycoprotein,http://www.uniprot.org/keywords/KW-0325
https://pharos.nih.gov/idg/targets/Q02643,Q02643,Membrane,http://www.uniprot.org/keywords/KW-0472
https://pharos.nih.gov/idg/targets/Q02643,Q02643,Receptor,http://www.uniprot.org/keywords/KW-0675
https://pharos.nih.gov/idg/targets/Q02643,Q02643,Transducer,http://www.uniprot.org/keywords/KW-0807
https://pharos.nih.gov/idg/targets/Q02643,Q02643,Transmembrane,http://www.uniprot.org/keywords/KW-0812
https://pharos.nih.gov/idg/targets/Q02643,Q02643,"Transmembrane helix",http://www.uniprot.org/keywords/KW-1133
https://pharos.nih.gov/idg/targets/Q02643,Q02643,3D-structure,http://www.uniprot.org/keywords/KW-0002
https://pharos.nih.gov/idg/targets/Q02643,Q02643,Signal,http://www.uniprot.org/keywords/KW-0732
https://pharos.nih.gov/idg/targets/Q02643,Q02643,Dwarfism,http://www.uniprot.org/keywords/KW-0242
https://pharos.nih.gov/idg/targets/P41587,P41587,"Complete proteome",http://www.uniprot.org/keywords/KW-0181
https://pharos.nih.gov/idg/targets/P41587,P41587,Polymorphism,http://www.uniprot.org/keywords/KW-0621
https://pharos.nih.gov/idg/targets/P41587,P41587,"Reference proteome",http://www.uniprot.org/keywords/KW-1185
https://pharos.nih.gov/idg/targets/P41587,P41587,"Alternative splicing",http://www.uniprot.org/keywords/KW-0025
https://pharos.nih.gov/idg/targets/P41587,P41587,"Cell membrane",http://www.uniprot.org/keywords/KW-1003
https://pharos.nih.gov/idg/targets/P41587,P41587,"Disulfide bond",http://www.uniprot.org/keywords/KW-1015
https://pharos.nih.gov/idg/targets/P41587,P41587,"G-protein coupled receptor",http://www.uniprot.org/keywords/KW-0297
https://pharos.nih.gov/idg/targets/P41587,P41587,Glycoprotein,http://www.uniprot.org/keywords/KW-0325
https://pharos.nih.gov/idg/targets/P41587,P41587,Membrane,http://www.uniprot.org/keywords/KW-0472
https://pharos.nih.gov/idg/targets/P41587,P41587,Receptor,http://www.uniprot.org/keywords/KW-0675
https://pharos.nih.gov/idg/targets/P41587,P41587,Transducer,http://www.uniprot.org/keywords/KW-0807
https://pharos.nih.gov/idg/targets/P41587,P41587,Transmembrane,http://www.uniprot.org/keywords/KW-0812
https://pharos.nih.gov/idg/targets/P41587,P41587,"Transmembrane helix",http://www.uniprot.org/keywords/KW-1133
https://pharos.nih.gov/idg/targets/P41587,P41587,3D-structure,http://www.uniprot.org/keywords/KW-0002
https://pharos.nih.gov/idg/targets/P41587,P41587,Signal,http://www.uniprot.org/keywords/KW-0732
https://pharos.nih.gov/idg/targets/P41586,P41586,"Complete proteome",http://www.uniprot.org/keywords/KW-0181
https://pharos.nih.gov/idg/targets/P41586,P41586,"Reference proteome",http://www.uniprot.org/keywords/KW-1185
https://pharos.nih.gov/idg/targets/P41586,P41586,"Alternative splicing",http://www.uniprot.org/keywords/KW-0025
https://pharos.nih.gov/idg/targets/P41586,P41586,Phosphoprotein,http://www.uniprot.org/keywords/KW-0597
https://pharos.nih.gov/idg/targets/P41586,P41586,"Cell membrane",http://www.uniprot.org/keywords/KW-1003
https://pharos.nih.gov/idg/targets/P41586,P41586,"Disulfide bond",http://www.uniprot.org/keywords/KW-1015
https://pharos.nih.gov/idg/targets/P41586,P41586,"G-protein coupled receptor",http://www.uniprot.org/keywords/KW-0297
https://pharos.nih.gov/idg/targets/P41586,P41586,Glycoprotein,http://www.uniprot.org/keywords/KW-0325
https://pharos.nih.gov/idg/targets/P41586,P41586,Membrane,http://www.uniprot.org/keywords/KW-0472
https://pharos.nih.gov/idg/targets/P41586,P41586,Receptor,http://www.uniprot.org/keywords/KW-0675
https://pharos.nih.gov/idg/targets/P41586,P41586,Transducer,http://www.uniprot.org/keywords/KW-0807
https://pharos.nih.gov/idg/targets/P41586,P41586,Transmembrane,http://www.uniprot.org/keywords/KW-0812
https://pharos.nih.gov/idg/targets/P41586,P41586,"Transmembrane helix",http://www.uniprot.org/keywords/KW-1133
https://pharos.nih.gov/idg/targets/P41586,P41586,3D-structure,http://www.uniprot.org/keywords/KW-0002
https://pharos.nih.gov/idg/targets/P41586,P41586,Signal,http://www.uniprot.org/keywords/KW-0732
https://pharos.nih.gov/idg/targets/P41586,P41586,"Developmental protein",http://www.uniprot.org/keywords/KW-0217
https://pharos.nih.gov/idg/targets/P41586,P41586,Differentiation,http://www.uniprot.org/keywords/KW-0221
https://pharos.nih.gov/idg/targets/P41586,P41586,Spermatogenesis,http://www.uniprot.org/keywords/KW-0744
https://pharos.nih.gov/idg/targets/O95838,O95838,"Complete proteome",http://www.uniprot.org/keywords/KW-0181
https://pharos.nih.gov/idg/targets/O95838,O95838,Polymorphism,http://www.uniprot.org/keywords/KW-0621
https://pharos.nih.gov/idg/targets/O95838,O95838,"Reference proteome",http://www.uniprot.org/keywords/KW-1185
https://pharos.nih.gov/idg/targets/O95838,O95838,"Cell membrane",http://www.uniprot.org/keywords/KW-1003
https://pharos.nih.gov/idg/targets/O95838,O95838,"Disulfide bond",http://www.uniprot.org/keywords/KW-1015
https://pharos.nih.gov/idg/targets/O95838,O95838,"G-protein coupled receptor",http://www.uniprot.org/keywords/KW-0297
https://pharos.nih.gov/idg/targets/O95838,O95838,Glycoprotein,http://www.uniprot.org/keywords/KW-0325
https://pharos.nih.gov/idg/targets/O95838,O95838,Membrane,http://www.uniprot.org/keywords/KW-0472
https://pharos.nih.gov/idg/targets/O95838,O95838,Receptor,http://www.uniprot.org/keywords/KW-0675
https://pharos.nih.gov/idg/targets/O95838,O95838,Transducer,http://www.uniprot.org/keywords/KW-0807
https://pharos.nih.gov/idg/targets/O95838,O95838,Transmembrane,http://www.uniprot.org/keywords/KW-0812
https://pharos.nih.gov/idg/targets/O95838,O95838,"Transmembrane helix",http://www.uniprot.org/keywords/KW-1133
https://pharos.nih.gov/idg/targets/P30988,P30988,"Complete proteome",http://www.uniprot.org/keywords/KW-0181
https://pharos.nih.gov/idg/targets/P30988,P30988,Polymorphism,http://www.uniprot.org/keywords/KW-0621
https://pharos.nih.gov/idg/targets/P30988,P30988,"Reference proteome",http://www.uniprot.org/keywords/KW-1185
https://pharos.nih.gov/idg/targets/P30988,P30988,"Alternative splicing",http://www.uniprot.org/keywords/KW-0025
https://pharos.nih.gov/idg/targets/P30988,P30988,"Cell membrane",http://www.uniprot.org/keywords/KW-1003
https://pharos.nih.gov/idg/targets/P30988,P30988,"Disulfide bond",http://www.uniprot.org/keywords/KW-1015
https://pharos.nih.gov/idg/targets/P30988,P30988,"G-protein coupled receptor",http://www.uniprot.org/keywords/KW-0297
https://pharos.nih.gov/idg/targets/P30988,P30988,Glycoprotein,http://www.uniprot.org/keywords/KW-0325
https://pharos.nih.gov/idg/targets/P30988,P30988,Membrane,http://www.uniprot.org/keywords/KW-0472
https://pharos.nih.gov/idg/targets/P30988,P30988,Receptor,http://www.uniprot.org/keywords/KW-0675
https://pharos.nih.gov/idg/targets/P30988,P30988,Transducer,http://www.uniprot.org/keywords/KW-0807
https://pharos.nih.gov/idg/targets/P30988,P30988,Transmembrane,http://www.uniprot.org/keywords/KW-0812
https://pharos.nih.gov/idg/targets/P30988,P30988,"Transmembrane helix",http://www.uniprot.org/keywords/KW-1133
https://pharos.nih.gov/idg/targets/P30988,P30988,3D-structure,http://www.uniprot.org/keywords/KW-0002
https://pharos.nih.gov/idg/targets/P30988,P30988,Signal,http://www.uniprot.org/keywords/KW-0732
https://pharos.nih.gov/idg/targets/P30988,P30988,"Direct protein sequencing",http://www.uniprot.org/keywords/KW-0903
https://pharos.nih.gov/idg/targets/P30988,P30988,"Alternative promoter usage",http://www.uniprot.org/keywords/KW-0877
https://pharos.nih.gov/idg/targets/P49190,P49190,"Complete proteome",http://www.uniprot.org/keywords/KW-0181
https://pharos.nih.gov/idg/targets/P49190,P49190,"Reference proteome",http://www.uniprot.org/keywords/KW-1185
https://pharos.nih.gov/idg/targets/P49190,P49190,"Cell membrane",http://www.uniprot.org/keywords/KW-1003
https://pharos.nih.gov/idg/targets/P49190,P49190,"G-protein coupled receptor",http://www.uniprot.org/keywords/KW-0297
https://pharos.nih.gov/idg/targets/P49190,P49190,Glycoprotein,http://www.uniprot.org/keywords/KW-0325
https://pharos.nih.gov/idg/targets/P49190,P49190,Membrane,http://www.uniprot.org/keywords/KW-0472
https://pharos.nih.gov/idg/targets/P49190,P49190,Receptor,http://www.uniprot.org/keywords/KW-0675
https://pharos.nih.gov/idg/targets/P49190,P49190,Transducer,http://www.uniprot.org/keywords/KW-0807
https://pharos.nih.gov/idg/targets/P49190,P49190,Transmembrane,http://www.uniprot.org/keywords/KW-0812
https://pharos.nih.gov/idg/targets/P49190,P49190,"Transmembrane helix",http://www.uniprot.org/keywords/KW-1133
https://pharos.nih.gov/idg/targets/P49190,P49190,Signal,http://www.uniprot.org/keywords/KW-0732
https://pharos.nih.gov/idg/targets/P48546,P48546,"Complete proteome",http://www.uniprot.org/keywords/KW-0181
https://pharos.nih.gov/idg/targets/P48546,P48546,Polymorphism,http://www.uniprot.org/keywords/KW-0621
https://pharos.nih.gov/idg/targets/P48546,P48546,"Reference proteome",http://www.uniprot.org/keywords/KW-1185
https://pharos.nih.gov/idg/targets/P48546,P48546,"Alternative splicing",http://www.uniprot.org/keywords/KW-0025
https://pharos.nih.gov/idg/targets/P48546,P48546,"Cell membrane",http://www.uniprot.org/keywords/KW-1003
https://pharos.nih.gov/idg/targets/P48546,P48546,"Disulfide bond",http://www.uniprot.org/keywords/KW-1015
https://pharos.nih.gov/idg/targets/P48546,P48546,"G-protein coupled receptor",http://www.uniprot.org/keywords/KW-0297
https://pharos.nih.gov/idg/targets/P48546,P48546,Glycoprotein,http://www.uniprot.org/keywords/KW-0325
https://pharos.nih.gov/idg/targets/P48546,P48546,Membrane,http://www.uniprot.org/keywords/KW-0472
https://pharos.nih.gov/idg/targets/P48546,P48546,Receptor,http://www.uniprot.org/keywords/KW-0675
https://pharos.nih.gov/idg/targets/P48546,P48546,Transducer,http://www.uniprot.org/keywords/KW-0807
https://pharos.nih.gov/idg/targets/P48546,P48546,Transmembrane,http://www.uniprot.org/keywords/KW-0812
https://pharos.nih.gov/idg/targets/P48546,P48546,"Transmembrane helix",http://www.uniprot.org/keywords/KW-1133
https://pharos.nih.gov/idg/targets/P48546,P48546,3D-structure,http://www.uniprot.org/keywords/KW-0002
https://pharos.nih.gov/idg/targets/P48546,P48546,Signal,http://www.uniprot.org/keywords/KW-0732
https://pharos.nih.gov/idg/targets/P47871,P47871,"Complete proteome",http://www.uniprot.org/keywords/KW-0181
https://pharos.nih.gov/idg/targets/P47871,P47871,Polymorphism,http://www.uniprot.org/keywords/KW-0621
https://pharos.nih.gov/idg/targets/P47871,P47871,"Reference proteome",http://www.uniprot.org/keywords/KW-1185
https://pharos.nih.gov/idg/targets/P47871,P47871,Phosphoprotein,http://www.uniprot.org/keywords/KW-0597
https://pharos.nih.gov/idg/targets/P47871,P47871,"Cell membrane",http://www.uniprot.org/keywords/KW-1003
https://pharos.nih.gov/idg/targets/P47871,P47871,"Disulfide bond",http://www.uniprot.org/keywords/KW-1015
https://pharos.nih.gov/idg/targets/P47871,P47871,"G-protein coupled receptor",http://www.uniprot.org/keywords/KW-0297
https://pharos.nih.gov/idg/targets/P47871,P47871,Glycoprotein,http://www.uniprot.org/keywords/KW-0325
https://pharos.nih.gov/idg/targets/P47871,P47871,Membrane,http://www.uniprot.org/keywords/KW-0472
https://pharos.nih.gov/idg/targets/P47871,P47871,Receptor,http://www.uniprot.org/keywords/KW-0675
https://pharos.nih.gov/idg/targets/P47871,P47871,Transducer,http://www.uniprot.org/keywords/KW-0807
https://pharos.nih.gov/idg/targets/P47871,P47871,Transmembrane,http://www.uniprot.org/keywords/KW-0812
https://pharos.nih.gov/idg/targets/P47871,P47871,"Transmembrane helix",http://www.uniprot.org/keywords/KW-1133
https://pharos.nih.gov/idg/targets/P47871,P47871,3D-structure,http://www.uniprot.org/keywords/KW-0002
https://pharos.nih.gov/idg/targets/P47871,P47871,Signal,http://www.uniprot.org/keywords/KW-0732
https://pharos.nih.gov/idg/targets/P47871,P47871,"Diabetes mellitus",http://www.uniprot.org/keywords/KW-0219
https://pharos.nih.gov/idg/targets/P32241,P32241,"Complete proteome",http://www.uniprot.org/keywords/KW-0181
https://pharos.nih.gov/idg/targets/P32241,P32241,Polymorphism,http://www.uniprot.org/keywords/KW-0621
https://pharos.nih.gov/idg/targets/P32241,P32241,"Reference proteome",http://www.uniprot.org/keywords/KW-1185
https://pharos.nih.gov/idg/targets/P32241,P32241,"Alternative splicing",http://www.uniprot.org/keywords/KW-0025
https://pharos.nih.gov/idg/targets/P32241,P32241,"Cell membrane",http://www.uniprot.org/keywords/KW-1003
https://pharos.nih.gov/idg/targets/P32241,P32241,"Disulfide bond",http://www.uniprot.org/keywords/KW-1015
https://pharos.nih.gov/idg/targets/P32241,P32241,"G-protein coupled receptor",http://www.uniprot.org/keywords/KW-0297
https://pharos.nih.gov/idg/targets/P32241,P32241,Glycoprotein,http://www.uniprot.org/keywords/KW-0325
https://pharos.nih.gov/idg/targets/P32241,P32241,Membrane,http://www.uniprot.org/keywords/KW-0472
https://pharos.nih.gov/idg/targets/P32241,P32241,Receptor,http://www.uniprot.org/keywords/KW-0675
https://pharos.nih.gov/idg/targets/P32241,P32241,Transducer,http://www.uniprot.org/keywords/KW-0807
https://pharos.nih.gov/idg/targets/P32241,P32241,Transmembrane,http://www.uniprot.org/keywords/KW-0812
https://pharos.nih.gov/idg/targets/P32241,P32241,"Transmembrane helix",http://www.uniprot.org/keywords/KW-1133
https://pharos.nih.gov/idg/targets/P32241,P32241,3D-structure,http://www.uniprot.org/keywords/KW-0002
https://pharos.nih.gov/idg/targets/P32241,P32241,Signal,http://www.uniprot.org/keywords/KW-0732
https://pharos.nih.gov/idg/targets/Q03431,Q03431,"Complete proteome",http://www.uniprot.org/keywords/KW-0181
https://pharos.nih.gov/idg/targets/Q03431,Q03431,"Reference proteome",http://www.uniprot.org/keywords/KW-1185
https://pharos.nih.gov/idg/targets/Q03431,Q03431,"Disease mutation",http://www.uniprot.org/keywords/KW-0225
https://pharos.nih.gov/idg/targets/Q03431,Q03431,Phosphoprotein,http://www.uniprot.org/keywords/KW-0597
https://pharos.nih.gov/idg/targets/Q03431,Q03431,"Cell membrane",http://www.uniprot.org/keywords/KW-1003
https://pharos.nih.gov/idg/targets/Q03431,Q03431,"Disulfide bond",http://www.uniprot.org/keywords/KW-1015
https://pharos.nih.gov/idg/targets/Q03431,Q03431,"G-protein coupled receptor",http://www.uniprot.org/keywords/KW-0297
https://pharos.nih.gov/idg/targets/Q03431,Q03431,Glycoprotein,http://www.uniprot.org/keywords/KW-0325
https://pharos.nih.gov/idg/targets/Q03431,Q03431,Membrane,http://www.uniprot.org/keywords/KW-0472
https://pharos.nih.gov/idg/targets/Q03431,Q03431,Receptor,http://www.uniprot.org/keywords/KW-0675
https://pharos.nih.gov/idg/targets/Q03431,Q03431,Transducer,http://www.uniprot.org/keywords/KW-0807
https://pharos.nih.gov/idg/targets/Q03431,Q03431,Transmembrane,http://www.uniprot.org/keywords/KW-0812
https://pharos.nih.gov/idg/targets/Q03431,Q03431,"Transmembrane helix",http://www.uniprot.org/keywords/KW-1133
https://pharos.nih.gov/idg/targets/Q03431,Q03431,3D-structure,http://www.uniprot.org/keywords/KW-0002
https://pharos.nih.gov/idg/targets/Q03431,Q03431,Signal,http://www.uniprot.org/keywords/KW-0732
https://pharos.nih.gov/idg/targets/Q03431,Q03431,Dwarfism,http://www.uniprot.org/keywords/KW-0242
https://pharos.nih.gov/idg/targets/P34998,P34998,"Complete proteome",http://www.uniprot.org/keywords/KW-0181
https://pharos.nih.gov/idg/targets/P34998,P34998,"Reference proteome",http://www.uniprot.org/keywords/KW-1185
https://pharos.nih.gov/idg/targets/P34998,P34998,"Alternative splicing",http://www.uniprot.org/keywords/KW-0025
https://pharos.nih.gov/idg/targets/P34998,P34998,Phosphoprotein,http://www.uniprot.org/keywords/KW-0597
https://pharos.nih.gov/idg/targets/P34998,P34998,"Cell membrane",http://www.uniprot.org/keywords/KW-1003
https://pharos.nih.gov/idg/targets/P34998,P34998,"Disulfide bond",http://www.uniprot.org/keywords/KW-1015
https://pharos.nih.gov/idg/targets/P34998,P34998,"G-protein coupled receptor",http://www.uniprot.org/keywords/KW-0297
https://pharos.nih.gov/idg/targets/P34998,P34998,Glycoprotein,http://www.uniprot.org/keywords/KW-0325
https://pharos.nih.gov/idg/targets/P34998,P34998,Membrane,http://www.uniprot.org/keywords/KW-0472
https://pharos.nih.gov/idg/targets/P34998,P34998,Receptor,http://www.uniprot.org/keywords/KW-0675
https://pharos.nih.gov/idg/targets/P34998,P34998,Transducer,http://www.uniprot.org/keywords/KW-0807
https://pharos.nih.gov/idg/targets/P34998,P34998,Transmembrane,http://www.uniprot.org/keywords/KW-0812
https://pharos.nih.gov/idg/targets/P34998,P34998,"Transmembrane helix",http://www.uniprot.org/keywords/KW-1133
https://pharos.nih.gov/idg/targets/P34998,P34998,3D-structure,http://www.uniprot.org/keywords/KW-0002
https://pharos.nih.gov/idg/targets/P34998,P34998,Signal,http://www.uniprot.org/keywords/KW-0732
https://pharos.nih.gov/idg/targets/P34998,P34998,"Direct protein sequencing",http://www.uniprot.org/keywords/KW-0903
https://pharos.nih.gov/idg/targets/P34998,P34998,Endosome,http://www.uniprot.org/keywords/KW-0967
https://pharos.nih.gov/idg/targets/Q16602,Q16602,"Complete proteome",http://www.uniprot.org/keywords/KW-0181
https://pharos.nih.gov/idg/targets/Q16602,Q16602,Polymorphism,http://www.uniprot.org/keywords/KW-0621
https://pharos.nih.gov/idg/targets/Q16602,Q16602,"Reference proteome",http://www.uniprot.org/keywords/KW-1185
https://pharos.nih.gov/idg/targets/Q16602,Q16602,Phosphoprotein,http://www.uniprot.org/keywords/KW-0597
https://pharos.nih.gov/idg/targets/Q16602,Q16602,"Cell membrane",http://www.uniprot.org/keywords/KW-1003
https://pharos.nih.gov/idg/targets/Q16602,Q16602,"Disulfide bond",http://www.uniprot.org/keywords/KW-1015
https://pharos.nih.gov/idg/targets/Q16602,Q16602,"G-protein coupled receptor",http://www.uniprot.org/keywords/KW-0297
https://pharos.nih.gov/idg/targets/Q16602,Q16602,Glycoprotein,http://www.uniprot.org/keywords/KW-0325
https://pharos.nih.gov/idg/targets/Q16602,Q16602,Membrane,http://www.uniprot.org/keywords/KW-0472
https://pharos.nih.gov/idg/targets/Q16602,Q16602,Receptor,http://www.uniprot.org/keywords/KW-0675
https://pharos.nih.gov/idg/targets/Q16602,Q16602,Transducer,http://www.uniprot.org/keywords/KW-0807
https://pharos.nih.gov/idg/targets/Q16602,Q16602,Transmembrane,http://www.uniprot.org/keywords/KW-0812
https://pharos.nih.gov/idg/targets/Q16602,Q16602,"Transmembrane helix",http://www.uniprot.org/keywords/KW-1133
https://pharos.nih.gov/idg/targets/Q16602,Q16602,3D-structure,http://www.uniprot.org/keywords/KW-0002
https://pharos.nih.gov/idg/targets/Q16602,Q16602,Signal,http://www.uniprot.org/keywords/KW-0732
https://pharos.nih.gov/idg/targets/Q16602,Q16602,"Direct protein sequencing",http://www.uniprot.org/keywords/KW-0903
