"URL","Uniprot ID","GeneSymbol","Name","Description","Development Level","DTOClass","PantherClass","Novelty","Target Family","PatentCount","AntibodyCount","PubmedCount","Knowledge Availability","PubmedScore","PubtatorScore","PMIDs"
https://pharos.nih.gov/idg/targets/Q9UKE5,Q9UKE5,TNIK,"TRAF2 and NCK-interacting protein kinase","Serine/threonine kinase that acts as an essential activator of the Wnt signaling pathway. Recruited to promoters of Wnt target genes and required to activate their expression. May act by phosphorylating TCF4/TCF7L2. Appears to act upstream of the JUN N-terminal pathway. May play a role in the response to environmental stress. Part of a signaling complex composed of NEDD4, RAP2A and TNIK which regulates neuronal dendrite extension and arborization during development. More generally, it may play a role in cytoskeletal rearrangements and regulate cell spreading. Phosphorylates SMAD1 on Thr-322.",Tchem,"MSN subfamily",,-1.3339435152498331,Kinase,61164,441,33,49.71,28.55,15.03,28334814|27106596|26995282|26645429|26499327|26269113|25160513|24275569|23355318|23186163|22904686|22797597|22020285|21710359|21690388|21406692|21347282|21269460|20458337|20379614|20159449|19816403|19413330|19369195|19061864|19023125|18930710|18691976|18669648|18519826|18088087|18029348|17474147|17344846|17192257|16641997|15489334|15342639|15144186|14702039|12477932|12168954|11329013|10521462|10373574|9628581
https://pharos.nih.gov/idg/targets/Q9UL54,Q9UL54,TAOK2,"Serine/threonine-protein kinase TAO2","Serine/threonine-protein kinase involved in different processes such as membrane blebbing and apoptotic bodies formation DNA damage response and MAPK14/p38 MAPK stress-activated MAPK cascade. Phosphorylates itself, MBP, activated MAPK8, MAP2K3, MAP2K6 and tubulins. Activates the MAPK14/p38 MAPK signaling pathway through the specific activation and phosphorylation of the upstream MAP2K3 and MAP2K6 kinases. In response to DNA damage, involved in the G2/M transition DNA damage checkpoint by activating the p38/MAPK14 stress-activated MAPK cascade, probably by mediating phosphorylation of upstream MAP2K3 and MAP2K6 kinases. Isoform 1, but not isoform 2, plays a role in apoptotic morphological changes, including cell contraction, membrane blebbing and apoptotic bodies formation. This function, which requires the activation of MAPK8/JNK and nuclear localization of C-terminally truncated isoform 1, may be linked to the mitochondrial CASP9-associated death pathway. Isoform 1 binds to microtubules and affects their organization and stability independently of its kinase activity. Prevents MAP3K7-mediated activation of CHUK, and thus NF-kappa-B activation, but not that of MAPK8/JNK. May play a role in the osmotic stress-MAPK8 pathway. Isoform 2, but not isoform 1, is required for PCDH8 endocytosis. Following homophilic interactions between PCDH8 extracellular domains, isoform 2 phosphorylates and activates MAPK14/p38 MAPK which in turn phosphorylates isoform 2. This process leads to PCDH8 endocytosis and CDH2 cointernalization. Both isoforms are involved in MAPK14 phosphorylation.",Tchem,"TAO subfamily",,-1.524544705328541,Kinase,17248,154,23,43.38,36.07,146.26,25056061|24275569|23585562|23382219|23186163|22683681|21269460|20159944|20068231|19369195|19242545|19226137|18691976|18029348|17974005|17396146|17158878|16893890|15616553|15489334|15342556|15146197|14702039|13679851|12975309|12665513|12639963|12477932|12421765|11279118|10660600|10497253|10048485|9786855
https://pharos.nih.gov/idg/targets/Q9Y6E0,Q9Y6E0,STK24,"Serine/threonine-protein kinase 24","Serine/threonine-protein kinase that acts on both serine and threonine residues and promotes apoptosis in response to stress stimuli and caspase activation. Mediates oxidative-stress-induced cell death by modulating phosphorylation of JNK1-JNK2 (MAPK8 and MAPK9), p38 (MAPK11, MAPK12, MAPK13 and MAPK14) during oxidative stress. Plays a role in a staurosporine-induced caspase-independent apoptotic pathway by regulating the nuclear translocation of AIFM1 and ENDOG and the DNase activity associated with ENDOG. Phosphorylates STK38L on 'Thr-442' and stimulates its kinase activity. In association with STK26 negatively regulates Golgi reorientation in polarized cell migration upon RHO activation (PubMed:27807006). Regulates also cellular migration with alteration of PTPN12 activity and PXN phosphorylation: phosphorylates PTPN12 and inhibits its activity and may regulate PXN phosphorylation through PTPN12. May act as a key regulator of axon regeneration in the optic nerve and radial nerve.",Tchem,"YSK subfamily",,-2.2411032400775732,Kinase,36691,243,50,49.04,132.95,68.07,27807006|26910843|25531779|25468996|25456499|25416956|25201988|24366813|24255178|23889253|23722424|23541896|23533145|23455922|23376485|23296203|23186163|22493453|22291017|22229648|22159054|21985334|21516116|21406692|21277991|21269460|20834067|20379614|20332113|20124694|20068231|19855390|19782762|19604147|19369195|19328558|19240061|19056867|18782753|18691976|18040775|17657516|17353931|17344846|17081983|17046825|16344560|16314523|16189514|15917084|15489334|15304321|15057823|12477932|12107159|11991713|10644707|9353338
https://pharos.nih.gov/idg/targets/Q9Y6R4,Q9Y6R4,MAP3K4,"Mitogen-activated protein kinase kinase kinase 4","Component of a protein kinase signal transduction cascade. Activates the CSBP2, P38 and JNK MAPK pathways, but not the ERK pathway. Specifically phosphorylates and activates MAP2K4 and MAP2K6.",Tbio,"STE11 family",,-1.4970434455294832,Kinase,3455,244,33,48.03,31.83,49.36,26802931|25241761|25173755|24452333|24036211|23760366|23186163|22773346|22732089|22309839|21531765|21406692|21269460|21152872|20624154|20221403|19690332|19413330|19369195|19270716|17496914|17344846|16256071|16157600|15881658|15601262|15489334|15262978|14702039|14574404|12878610|12477932|12052864|11498536|9841871|9827804|9482735|9305639|9305638|9079650|9039502|7566098
https://pharos.nih.gov/idg/targets/Q8WXR4,Q8WXR4,MYO3B,Myosin-IIIb,"Probable actin-based motor with a protein kinase activity. Required for normal cochlear hair bundle development and hearing. Plays an important role in the early steps of cochlear hair bundle morphogenesis. Influences the number and lengths of stereocilia to be produced and limits the growth of microvilli within the forming auditory hair bundles thereby contributing to the architecture of the hair bundle, including its staircase pattern. Involved in the elongation of actin in stereocilia tips by transporting the actin regulatory factor ESPN to the plus ends of actin filaments.",Tbio,"NinaC subfamily",,-0.7344950250211898,Kinase,601,127,12,34.45,5.14,3.93,27582493|26785147|23362303|23251661|22589738|20379614|20200978|17344846|15815621|14702039|12631723|12477932|11991710
https://pharos.nih.gov/idg/targets/Q9Y2U5,Q9Y2U5,MAP3K2,"Mitogen-activated protein kinase kinase kinase 2","Component of a protein kinase signal transduction cascade. Regulates the JNK and ERK5 pathways by phosphorylating and activating MAP2K5 and MAP2K7 (By similarity). Plays a role in caveolae kiss-and-run dynamics.",Tchem,"STE11 family",,-1.4703429322566304,Kinase,4804,199,42,44.83,26.55,35.61,28069384|27498924|27066749|26496610|25382779|25304384|25190348|25012295|24975362|24847881|24801835|24491810|24275569|24255178|23186163|22139075|21804577|21406692|20830310|20588253|20068231|19773279|19690332|19690195|19593445|19369195|19289468|18761086|18691976|18669648|18220336|18088087|17906693|17353931|17344846|17192257|17081983|16001074|15988011|15815621|15778465|15489334|15324660|15075238|15001576|14734742|14702039|14515274|12477932|11032806|10818102|10713157|10085062|9452471|8621389
https://pharos.nih.gov/idg/targets/O95747,O95747,OXSR1,"Serine/threonine-protein kinase OSR1","Regulates downstream kinases in response to environmental stress. May also have a function in regulating the actin cytoskeleton.",Tbio,"FRAY subfamily",,-0.9983612454189109,Kinase,3270,355,30,42.81,9.44,7.35,25416956|24393035|24275569|23186163|23034389|22989884|22361696|22223895|21423148|21406692|21269460|20889219|20819979|20068231|19690332|19413330|19177573|19056867|18831043|18669648|18318008|18270262|18029348|17721439|17525332|17452356|17353931|17344846|17081983|16832045|16669787|16389068|16263722|15761153|15489334|15345747|15302935|14707132|12477932|12386165|10470851|10231028|10083736
https://pharos.nih.gov/idg/targets/Q9Y4K4,Q9Y4K4,MAP4K5,"Mitogen-activated protein kinase kinase kinase kinase 5","May play a role in the response to environmental stress. Appears to act upstream of the JUN N-terminal pathway.",Tchem,"KHS subfamily",,-1.7681946238458024,Kinase,7150,0,23,42.81,60.51,8.51,27023625|24925725|24347629|24275569|23186163|21706016|20936779|20125193|19608861|19380743|18029348|17474147|17344846|17192257|16699725|15489334|15146197|14702039|12591926|12477932|10648385|10490605|10477597|9949177|9788432|9038372|8274451
https://pharos.nih.gov/idg/targets/Q02750,Q02750,MAP2K1,"Dual specificity mitogen-activated protein kinase kinase 1","Dual specificity protein kinase which acts as an essential component of the MAP kinase signal transduction pathway. Binding of extracellular ligands such as growth factors, cytokines and hormones to their cell-surface receptors activates RAS and this initiates RAF1 activation. RAF1 then further activates the dual-specificity protein kinases MAP2K1/MEK1 and MAP2K2/MEK2. Both MAP2K1/MEK1 and MAP2K2/MEK2 function specifically in the MAPK/ERK cascade, and catalyze the concomitant phosphorylation of a threonine and a tyrosine residue in a Thr-Glu-Tyr sequence located in the extracellular signal-regulated kinases MAPK3/ERK1 and MAPK1/ERK2, leading to their activation and further transduction of the signal within the MAPK/ERK cascade. Depending on the cellular context, this pathway mediates diverse biological functions such as cell growth, adhesion, survival and differentiation, predominantly through the regulation of transcription, metabolism and cytoskeletal rearrangements. One target of the MAPK/ERK cascade is peroxisome proliferator-activated receptor gamma (PPARG), a nuclear receptor that promotes differentiation and apoptosis. MAP2K1/MEK1 has been shown to export PPARG from the nucleus. The MAPK/ERK cascade is also involved in the regulation of endosomal dynamics, including lysosome processing and endosome cycling through the perinuclear recycling compartment (PNRC), as well as in the fragmentation of the Golgi apparatus during mitosis.",Tclin,"STE7 family",,-3.0719679192516174,Kinase,54927,2448,319,60.00,862.43,555.59,28687621|28533310|28423638|28190454|28178421|28166211|27956260|27862862|27693558|27597420|27588400|27169363|27098723|26980021|26967560|26860843|26858456|26825960|26625317|26544513|26514923|26496610|26426381|26384399|26358373|26324360|26208478|26163823|26155939|26143635|26034353|25899310|25729732|25722381|25713071|25710724|25600339|25541062|25534823|25463315|25437913|25425646|25416956|25408231|25370473|25351745|25202140|25194980|25188412|25155755|24982505|24909280|24746704|24709918|24681949|24501087|24445144|24419498|24375836|24275569|24241536|24211253|24132923|24091658|24011934|23934108|23923067|23852369|23746211|23727904|23698777|23698055|23684925|23626836|23524336|23423222|23376485|23360980|23241949|23237773|23225884|23157514|23001481|22946697|22946047|22935974|22902540|22833572|22805292|22805291|22791812|22773810|22752157|22707717|22588879|22572157|22546605|22495818|22357202|22327936|22298595|22241220|22197931|22188669|22180573|22065579|22052387|22037177|22020285|21965271|21835307|21779493|21713404|21707777|21705440|21621846|21458501|21447798|21383288|21336309|21316218|21310613|21269460|21179471|21131601|20956560|20926789|20885957|20679487|20676060|20621728|20610816|20554783|20512084|20354455|20302979|20299489|20179161|20172001|20056645|20007706|19858308|19835659|19816936|19802003|19706763|19681119|19625741|19567590|19565474|19500021|19453261|19447520|19411838|19369195|19342664|19261809|19206169|19197339|19164283|19161339|19156172|19153083|19133693|19056740|19019675|19014680|19001375|18951019|18691976|18660489|18632602|18617556|18593598|18533112|18434598|18424438|18413255|18390968|18329369|18305109|18192500|18060073|18042262|18029348|17981815|17979178|17951252|17880056|17724343|17704260|17667937|17603482|17490600|17461449|17419998|17366577|17260965|17255949|17197157|17192257|17182854|17110930|17101779|17054908|17038630|16957420|16861903|16820947|16737746|16728640|16439621|16344560|16313339|16239230|16129686|16086581|15979847|15888452|15757891|15665520|15657590|15657353|15615716|15572374|15557124|15543157|15538402|15520807|15353548|15302887|15299019|15297310|15292274|15284233|15276183|15155804|15069060|15021912|15020233|14737111|14702039|14672918|14656894|14581471|12975377|12917419|12839928|12807433|12792650|12697810|12689928|12682854|12663662|12612059|12609978|12594221|12556561|12531514|12522145|12522135|12482669|12477932|12456688|12370306|12167619|12063167|12032872|11948406|11891225|11823456|11741894|11684694|11604401|11579140|11535599|11520933|11409852|11352917|11278389|11266467|11260070|11226259|11134045|11104681|11044439|11044099|10997882|10982368|10912793|10848576|10828601|10806207|10799874|10780709|10757792|10716983|10712923|10644344|10570282|10523642|10509564|10489373|10409742|10395327|9841871|9779990|9765203|9733512|9621077|9563949|9558095|9553107|9465908|9351825|9325171|9223324|9069267|8939914|8626767|8621729|8529659|8394352|8388392|8226933|8157000|8131746|7969158|7957875|7731720|7624324|7601337|1281467
https://pharos.nih.gov/idg/targets/Q12851,Q12851,MAP4K2,"Mitogen-activated protein kinase kinase kinase kinase 2","Serine/threonine-protein kinase which acts as an essential component of the MAP kinase signal transduction pathway. Acts as a MAPK kinase kinase kinase (MAP4K) and is an upstream activator of the stress-activated protein kinase/c-Jun N-terminal kinase (SAP/JNK) signaling pathway and to a lesser extent of the p38 MAPKs signaling pathway. Required for the efficient activation of JNKs by TRAF6-dependent stimuli, including pathogen-associated molecular patterns (PAMPs) such as polyinosine-polycytidine (poly(IC)), lipopolysaccharides (LPS), lipid A, peptidoglycan (PGN), or bacterial flagellin. To a lesser degree, IL-1 and engagement of CD40 also stimulate MAP4K2-mediated JNKs activation. The requirement for MAP4K2/GCK is most pronounced for LPS signaling, and extends to LPS stimulation of c-Jun phosphorylation and induction of IL-8. Enhances MAP3K1 oligomerization, which may relieve N-terminal mediated MAP3K1 autoinhibition and lead to activation following autophosphorylation. Mediates also the SAP/JNK signaling pathway and the p38 MAPKs signaling pathway through activation of the MAP3Ks MAP3K10/MLK2 and MAP3K11/MLK3. May play a role in the regulation of vesicle targeting or fusion. regulation of vesicle targeting or fusion.",Tchem,"KHS subfamily",,-1.6042301015965006,Kinase,9397,193,21,41.32,35.28,7.39,27151888|25075558|24275569|24072714|23186163|22433857|21768215|21044950|20628086|20332113|19913121|19690332|19369195|18669648|18029348|17584736|17192257|16554811|15489334|15456887|12477932|11784851|11316611|10026130|9712898|9253601|8643544|7515885|7477268|1740341|1570017
https://pharos.nih.gov/idg/targets/O95819,O95819,MAP4K4,"Mitogen-activated protein kinase kinase kinase kinase 4","Serine/threonine kinase that may play a role in the response to environmental stress and cytokines such as TNF-alpha. Appears to act upstream of the JUN N-terminal pathway. Phosphorylates SMAD1 on Thr-322.",Tchem,"MSN subfamily",,-2.1906409825147874,Kinase,49874,547,41,50.15,152.56,52.17,28061846|27174326|27044870|27010469|26918832|26722431|26549737|25799996|25625039|25601402|24626571|24275569|24244164|24233838|23543740|23453885|23207904|23186163|23094072|22824148|22814378|22797597|21690388|21406692|21269460|21196414|20857524|20068231|19690332|19690174|19369195|18981001|18691976|18669648|18220336|17974005|17344846|17227768|17192257|16537454|16344560|15815621|15302935|14966141|14702039|12612079|12477932|12387898|12185077|11967148|11369779|10805734|10669731|9890973|9734811|9135144
https://pharos.nih.gov/idg/targets/O94804,O94804,STK10,"Serine/threonine-protein kinase 10","Serine/threonine-protein kinase involved in regulation of lymphocyte migration. Phosphorylates MSN, and possibly PLK1. Involved in regulation of lymphocyte migration by mediating phosphorylation of ERM proteins such as MSN. Acts as a negative regulator of MAP3K1/MEKK1. May also act as a cell cycle regulator by acting as a polo kinase kinase: mediates phosphorylation of PLK1 in vitro; however such data require additional evidences in vivo.",Tchem,"SLK subfamily",,-2.335219861815249,Kinase,7397,236,22,42.41,213.02,84.96,28430576|27177495|24275569|23842845|23793025|23209304|23186163|21905501|21606217|21406692|21269460|20458337|20379614|20306291|20068231|19690332|19413330|19369195|19367720|19255442|18691976|18669648|18239682|18088087|17974005|17344846|17192257|16964243|16344560|16175573|15489334|15372022|15302935|14702039|12639966|12477932|11903060|10692593|10199912
https://pharos.nih.gov/idg/targets/Q6ZN16,Q6ZN16,MAP3K15,"Mitogen-activated protein kinase kinase kinase 15","May function in a signal transduction pathway that is activated by various cell stresses and leads to apoptosis.",Tchem,"STE11 family",,-0.9415565889266306,Kinase,384,97,6,24.49,6.81,5.92,23250415|23186163|20362554|19369195|18029348|17344846|15772651|15146197|14702039
https://pharos.nih.gov/idg/targets/Q8N4C8,Q8N4C8,MINK1,"Misshapen-like kinase 1","Isoform 4 can activate the JNK pathway. Involved in the regulation of actin cytoskeleton reorganization, cell-matrix adhesion, cell-cell adhesion and cell migration.",Tchem,"MSN subfamily",,-2.101813633807342,Kinase,26509,178,26,44.90,122.28,158.47,26496226|25816751|25747578|24275569|24129315|23186163|22797597|22665485|22037766|21690388|21406692|21269460|21048137|20068231|19690332|19413330|19369195|19056867|18930710|18752142|18691976|18669648|18220336|18088087|17344846|17165161|17081983|16760206|16625196|16344560|16337592|15489334|15469942|15302935|14702039|12668260|12665801|12477932|12107410|12087176|10708748|8889548
https://pharos.nih.gov/idg/targets/Q8NEV4,Q8NEV4,MYO3A,Myosin-IIIa,"Probable actin-based motor with a protein kinase activity. Probably plays a role in vision and hearing (PubMed:12032315). Required for normal cochlear hair bundle development and hearing. Plays an important role in the early steps of cochlear hair bundle morphogenesis. Influences the number and lengths of stereocilia to be produced and limits the growth of microvilli within the forming auditory hair bundles thereby contributing to the architecture of the hair bundle, including its staircase pattern. Involved in the elongation of actin in stereocilia tips by transporting the actin regulatory factor ESPN to the plus ends of actin filaments (By similarity).",Tbio,"NinaC subfamily",,-1.2528043054382052,Kinase,1277,130,28,34.05,20.10,23.51,27582493|27063751|26841241|26785147|25822849|25402663|24214986|23534349|23251661|20826793|20610541|20090771|19229853|18229949|17344846|17074769|17021180|17012748|16385451|15761153|15489334|15302935|15203218|15164054|12672820|12477932|12032315|10936054|1262820
https://pharos.nih.gov/idg/targets/P45985,P45985,MAP2K4,"Dual specificity mitogen-activated protein kinase kinase 4","Dual specificity protein kinase which acts as an essential component of the MAP kinase signal transduction pathway. Essential component of the stress-activated protein kinase/c-Jun N-terminal kinase (SAP/JNK) signaling pathway. With MAP2K7/MKK7, is the one of the only known kinase to directly activate the stress-activated protein kinase/c-Jun N-terminal kinases MAPK8/JNK1, MAPK9/JNK2 and MAPK10/JNK3. MAP2K4/MKK4 and MAP2K7/MKK7 both activate the JNKs by phosphorylation, but they differ in their preference for the phosphorylation site in the Thr-Pro-Tyr motif. MAP2K4 shows preference for phosphorylation of the Tyr residue and MAP2K7/MKK7 for the Thr residue. The phosphorylation of the Thr residue by MAP2K7/MKK7 seems to be the prerequisite for JNK activation at least in response to proinflammatory cytokines, while other stimuli activate both MAP2K4/MKK4 and MAP2K7/MKK7 which synergistically phosphorylate JNKs. MAP2K4 is required for maintaining peripheral lymphoid homeostasis. The MKK/JNK signaling pathway is also involved in mitochondrial death signaling pathway, including the release cytochrome c, leading to apoptosis. Whereas MAP2K7/MKK7 exclusively activates JNKs, MAP2K4/MKK4 additionally activates the p38 MAPKs MAPK11, MAPK12, MAPK13 and MAPK14.",Tchem,"STE7 family",,-2.436456029520545,Kinase,22043,998,135,53.61,236.67,224.61,28733031|28319306|27594411|27509166|27353001|27173611|26856463|26554761|26080319|26028649|25732927|25244576|25019290|24721794|24556602|24532253|24487067|24275569|24129315|23960075|23921907|23877919|23653187|23355465|23299404|22952603|22828509|22730327|22535895|22526163|22335172|22158075|22154358|22154052|21925502|21915030|21896780|21702039|21638028|21575258|21518142|21487811|21372598|21333379|21269460|21048031|21030692|20801953|20732303|20554746|20309881|20156194|20068231|19861690|19782076|19638505|19610067|19593445|19513509|19413330|19369195|19351817|19351724|19265040|19012245|19001375|18713996|18669648|18436711|18408005|18337456|17675521|17496909|17389591|17344846|17322004|17178861|17158870|17009014|16964394|16802349|16709574|16627982|16625196|16533805|16388335|16344560|16339111|16197369|16167336|15911620|15866172|15737736|15670787|15623633|15592684|15496400|15489334|15328343|15299019|15276183|15262961|15256484|14716300|14702039|14661062|14511403|14504284|13130464|12788955|12730213|12714585|12556533|12477932|12456688|12391307|12368275|12223490|12220515|12189133|11836244|11707464|11306453|11104681|11090355|11062067|10715136|10521444|10489373|10187804|9841871|9808624|9761781|9661668|9622070|9582321|9405400|9331070|9182538|9162092|9006895|9003778|9002521|8786147|8755474|8631303|7997270|7839144|7716521
https://pharos.nih.gov/idg/targets/Q56UN5,Q56UN5,MAP3K19,"Mitogen-activated protein kinase kinase kinase 19",,Tchem,"STE11 family",,0.07525095271530231,Kinase,2566,33,7,18.26,1.74,52.39,27935962|27144281|17344846|15815621|15489334|14702039|12477932|8125298
https://pharos.nih.gov/idg/targets/P46734,P46734,MAP2K3,"Dual specificity mitogen-activated protein kinase kinase 3","Dual specificity kinase. Is activated by cytokines and environmental stress in vivo. Catalyzes the concomitant phosphorylation of a threonine and a tyrosine residue in the MAP kinase p38. Part of a signaling cascade that begins with the activation of the adrenergic receptor ADRA1B and leads to the activation of MAPK14.",Tchem,"STE7 family",,-2.3530133576641026,Kinase,12683,1060,71,55.24,190.89,66.71,28628118|27717867|27418173|27181679|26573508|26149640|24487387|24480516|24112539|23825110|23602568|22814378|22696064|22164285|22154358|21771788|21368234|21269460|21224381|21206905|21137025|21048031|21044950|20805296|20173330|20068231|20067578|19946888|19805025|19672773|19413330|19047046|17438131|17406030|17344846|17255949|16728640|16709866|16709574|16344560|16341674|15797859|15778394|15677464|15516490|15489334|15375157|15276183|14702039|13679851|12761180|12589052|12477932|12377770|12054652|12024021|11980910|11971971|11414763|11279172|11279118|11181995|11062067|10997882|10856288|10497253|9841871|9786855|9768359|9465908|9038352|8900184|8626699|8622669|8226933|8125298|7839144|7750576
https://pharos.nih.gov/idg/targets/Q9H2G2,Q9H2G2,SLK,"STE20-like serine/threonine-protein kinase","Mediates apoptosis and actin stress fiber dissolution.",Tchem,"SLK subfamily",,-2.338606672541707,Kinase,21845,200,30,42.45,211.39,58.28,26818812|26094769|25882817|25468996|24958772|24275569|23985322|23209304|23186163|23128389|22203681|21460842|21406692|21269460|20068231|19690332|19525980|19369195|19199708|19056867|18691976|18669648|18287541|18239682|18029348|17344846|17321610|17081983|16837460|16385451|15489334|15164054|12477932|12421765|11316611|11149944|10699464|10611247|9039502|3526554
https://pharos.nih.gov/idg/targets/Q9H2K8,Q9H2K8,TAOK3,"Serine/threonine-protein kinase TAO3","Serine/threonine-protein kinase that acts as a regulator of the p38/MAPK14 stress-activated MAPK cascade and of the MAPK8/JNK cascade. Acts as an activator of the p38/MAPK14 stress-activated MAPK cascade. In response to DNA damage, involved in the G2/M transition DNA damage checkpoint by activating the p38/MAPK14 stress-activated MAPK cascade, probably by mediating phosphorylation of upstream MAP2K3 and MAP2K6 kinases. Inhibits basal activity of MAPK8/JNK cascade and diminishes its activation in response epidermal growth factor (EGF).",Tchem,"TAO subfamily",,-2.6207216831731657,Kinase,14770,325,15,41.70,379.04,27.30,26646899|25857706|24909733|24275569|23186163|21406692|21269460|20949042|20379614|20068231|19369195|18691976|18669648|18029348|17974005|17396146|17344846|16541075|16344560|15489334|14996095|14702039|13679851|12477932|11278723|10924369|10559204
https://pharos.nih.gov/idg/targets/Q92918,Q92918,MAP4K1,"Mitogen-activated protein kinase kinase kinase kinase 1","Serine/threonine-protein kinase, which may play a role in the response to environmental stress. Appears to act upstream of the JUN N-terminal pathway. May play a role in hematopoietic lineage decisions and growth regulation. Able to autophosphorylate.",Tchem,"KHS subfamily",,-1.3473996936842585,Kinase,4503,456,39,43.10,32.28,38.25,24362026|23460610|22801218|22541691|22421156|22105350|21915030|21269460|20231852|19946888|19706536|19690332|19369195|19141650|17895239|17712048|17474147|17353368|17344846|17192257|17024227|16449643|16341093|15743830|15364934|15302935|15057824|14563325|12522005|11514608|11487585|11432831|11313918|11279207|11278340|11053428|10602493|10567356|10233887|10224067|9891069|9788432|9346925|8824585
https://pharos.nih.gov/idg/targets/O14733,O14733,MAP2K7,"Dual specificity mitogen-activated protein kinase kinase 7","Dual specificity protein kinase which acts as an essential component of the MAP kinase signal transduction pathway. Essential component of the stress-activated protein kinase/c-Jun N-terminal kinase (SAP/JNK) signaling pathway. With MAP2K4/MKK4, is the one of the only known kinase to directly activate the stress-activated protein kinase/c-Jun N-terminal kinases MAPK8/JNK1, MAPK9/JNK2 and MAPK10/JNK3. MAP2K4/MKK4 and MAP2K7/MKK7 both activate the JNKs by phosphorylation, but they differ in their preference for the phosphorylation site in the Thr-Pro-Tyr motif. MAP2K4/MKK4 shows preference for phosphorylation of the Tyr residue and MAP2K7/MKK7 for the Thr residue. The monophosphorylation of JNKs on the Thr residue is sufficient to increase JNK activity indicating that MAP2K7/MKK7 is important to trigger JNK activity, while the additional phosphorylation of the Tyr residue by MAP2K4/MKK4 ensures optimal JNK activation. Has a specific role in JNK signal transduction pathway activated by proinflammatory cytokines. The MKK/JNK signaling pathway is also involved in mitochondrial death signaling pathway, including the release cytochrome c, leading to apoptosis.",Tchem,"STE7 family",,-3.6635602801832214,Kinase,15138,513,69,47.30,3766.30,1751.26,29037961|28890347|28561662|28263969|28120412|27861856|27369075|27028764|26987717|26649302|26443849|26364603|26351322|25959272|25899612|25737554|25428880|25343485|25314077|25284480|25241761|24634165|24533778|24104474|23900681|23341463|23186163|22903704|22899651|22814378|22509080|22267733|22159816|22154358|21749326|21531765|21333379|21278800|21148294|21074392|20801953|20156194|20067578|19413330|18713996|18436711|18343408|18286207|18222647|17709393|17496909|17485467|17344846|17110930|16840345|16802349|16533805|16442502|15866172|15489334|15299019|15276183|14702039|14697235|14615289|13130464|12477932|12220515|12189133|11891214|11390361|11318610|11274363|11104681|10490659|9661668|9535930|9488659|9372971|9312068|9207092
https://pharos.nih.gov/idg/targets/Q13233,Q13233,MAP3K1,"Mitogen-activated protein kinase kinase kinase 1","Component of a protein kinase signal transduction cascade (PubMed:9808624). Activates the ERK and JNK kinase pathways by phosphorylation of MAP2K1 and MAP2K4 (PubMed:9808624). May phosphorylate the MAPK8/JNK1 kinase (PubMed:17761173). Activates CHUK and IKBKB, the central protein kinases of the NF-kappa-B pathway (PubMed:9808624).",Tchem,"STE11 family",,-2.123987227152327,Kinase,30258,334,123,55.00,119.44,172.34,28504475|28178648|28029147|26237449|26050649|26019450|26018553|25899310|25529635|25352737|25241761|24759887|24595411|24493630|24253898|24204828|24135036|24097068|23966867|23754948|23634849|23535729|23225170|23209189|23186163|22468730|22110214|21921033|21364884|21152872|21129722|21048223|20940704|20923779|20809358|20686565|20628086|20605201|20554749|20453838|20417875|20237344|20145138|20128690|19913121|19843670|19789366|19617217|19593445|19513748|19453261|19413330|19369195|19330030|19289468|19270716|19262425|19232126|19094228|19028704|18984593|18973230|18785201|18784253|18691976|18669648|18521924|18467339|18437204|18434448|18420486|18355772|18308848|18287093|18220336|18032450|17997823|17906693|17889508|17761173|17620599|17529967|17397260|17344846|17301822|16888650|16810323|16760432|16714289|16636664|16434970|16344560|16286467|16046415|16044153|15372022|15299005|15276183|15262978|15205333|15001576|14743216|14612408|14500727|12878610|12763138|12600818|12584189|12456688|12228228|12223491|12185592|12079429|12049732|12048245|11971971|11971970|11903060|11784851|11782455|11756439|11746500|10805784|10611349|10465784|9836645|9808624|9689078|9639556|9452471|9008162|8597633|7997270
https://pharos.nih.gov/idg/targets/Q9P289,Q9P289,STK26,"Serine/threonine-protein kinase 26","Mediator of cell growth (PubMed:11641781, PubMed:17360971). Modulates apoptosis (PubMed:11641781, PubMed:17360971). In association with STK24 negatively regulates Golgi reorientation in polarized cell migration upon RHO activation (PubMed:27807006).",Tchem,"YSK subfamily",,-1.2319803391845525,Kinase,23471,234,33,36.13,19.24,19.69,29232556|28219358|27807006|25944712|25650755|25642822|25550858|24859810|24374310|24275569|23889253|23541896|23533145|23455922|23186163|22797597|22750858|22291017|21561863|21423148|21406692|21269460|20730082|20332113|20068231|19690332|19386264|19370760|19369195|18782753|18691976|18669648|17360971|17344846|16344560|15772651|15489334|15037601|14702039|12810671|12477932|11741893|11641781|11316611|11306563|1164178
https://pharos.nih.gov/idg/targets/Q7L7X3,Q7L7X3,TAOK1,"Serine/threonine-protein kinase TAO1","Serine/threonine-protein kinase involved in various processes such as p38/MAPK14 stress-activated MAPK cascade, DNA damage response and regulation of cytoskeleton stability. Phosphorylates MAP2K3, MAP2K6 and MARK2. Acts as an activator of the p38/MAPK14 stress-activated MAPK cascade by mediating phosphorylation and subsequent activation of the upstream MAP2K3 and MAP2K6 kinases. Involved in G-protein coupled receptor signaling to p38/MAPK14. In response to DNA damage, involved in the G2/M transition DNA damage checkpoint by activating the p38/MAPK14 stress-activated MAPK cascade, probably by mediating phosphorylation of MAP2K3 and MAP2K6. Acts as a regulator of cytoskeleton stability by phosphorylating 'Thr-208' of MARK2, leading to activate MARK2 kinase activity and subsequent phosphorylation and detachment of MAPT/TAU from microtubules. Also acts as a regulator of apoptosis: regulates apoptotic morphological changes, including cell contraction, membrane blebbing and apoptotic bodies formation via activation of the MAPK8/JNK cascade.",Tchem,"TAO subfamily",,-1.5938759196696382,Kinase,5037,221,35,46.89,36.87,19.66,27108190|24898139|24275569|24026423|23585562|23376485|23186163|22683681|22423221|22139419|22075148|21406692|21269460|20949042|20162290|19904549|19820697|19690332|19413330|19369195|19110211|19056867|18691976|18669648|18216281|18088087|18029348|17900936|17417629|17396146|17344846|17081983|16964243|16893890|16625196|16407310|15489334|15302935|14976552|14702039|14517247|13679851|12665513|12477932|12107410|11733138|10737800|10718198|10497253|9786855|8889548
https://pharos.nih.gov/idg/targets/Q13043,Q13043,STK4,"Serine/threonine-protein kinase 4","Stress-activated, pro-apoptotic kinase which, following caspase-cleavage, enters the nucleus and induces chromatin condensation followed by internucleosomal DNA fragmentation. Key component of the Hippo signaling pathway which plays a pivotal role in organ size control and tumor suppression by restricting proliferation and promoting apoptosis. The core of this pathway is composed of a kinase cascade wherein STK3/MST2 and STK4/MST1, in complex with its regulatory protein SAV1, phosphorylates and activates LATS1/2 in complex with its regulatory protein MOB1, which in turn phosphorylates and inactivates YAP1 oncoprotein and WWTR1/TAZ. Phosphorylation of YAP1 by LATS2 inhibits its translocation into the nucleus to regulate cellular genes important for cell proliferation, cell death, and cell migration. STK3/MST2 and STK4/MST1 are required to repress proliferation of mature hepatocytes, to prevent activation of facultative adult liver stem cells (oval cells), and to inhibit tumor formation (By similarity). Phosphorylates 'Ser-14' of histone H2B (H2BS14ph) during apoptosis. Phosphorylates FOXO3 upon oxidative stress, which results in its nuclear translocation and cell death initiation. Phosphorylates MOBKL1A, MOBKL1B and RASSF2. Phosphorylates TNNI3 (cardiac Tn-I) and alters its binding affinity to TNNC1 (cardiac Tn-C) and TNNT2 (cardiac Tn-T). Phosphorylates FOXO1 on 'Ser-212' and regulates its activation and stimulates transcription of PMAIP1 in a FOXO1-dependent manner. Phosphorylates SIRT1 and inhibits SIRT1-mediated p53/TP53 deacetylation, thereby promoting p53/TP53 dependent transcription and apoptosis upon DNA damage. Acts as an inhibitor of PKB/AKT1. Phosphorylates AR on 'Ser-650' and suppresses its activity by intersecting with PKB/AKT1 signaling and antagonizing formation of AR-chromatin complexes.",Tchem,"MST subfamily>",,-1.530509204630216,Kinase,18039,266,84,51.01,32.89,15.11,28656802|28169360|28152516|28103766|28099921|28087714|27825096|27238285|27125670|26457732|26117625|26116501|25367221|24813251|24633305|24393845|24366813|24275569|24255178|23647599|23455922|23419720|23386615|23186163|22863277|22814378|22739148|22619175|22294732|22292086|22223895|22174160|22112013|21730291|21516123|21512132|21406692|21269460|21245099|21228115|21212262|21199877|20920251|20562859|20412773|20379614|20068231|19962960|19940129|19822666|19690332|19525978|19484742|19369195|19062280|18986304|18691976|18669648|18510339|18328708|18029348|17932490|17726016|17538946|17344846|17192257|16930133|16892067|16751106|16510573|15688006|15489334|15345747|15157167|15109305|15075335|14729613|14702039|12942774|12757711|12477932|12384512|12223493|11964314|11864565|11805089|11780052|11517310|11278782|11278283|9545236|8889548|8816758|8702870|8566796|8274451|8125298|7665586|2902784|1655021
https://pharos.nih.gov/idg/targets/Q13153,Q13153,PAK1,"Serine/threonine-protein kinase PAK 1","Protein kinase involved in intracellular signaling pathways downstream of integrins and receptor-type kinases that plays an important role in cytoskeleton dynamics, in cell adhesion, migration, proliferation, apoptosis, mitosis, and in vesicle-mediated transport processes. Can directly phosphorylate BAD and protects cells against apoptosis. Activated by interaction with CDC42 and RAC1. Functions as GTPase effector that links the Rho-related GTPases CDC42 and RAC1 to the JNK MAP kinase pathway. Phosphorylates and activates MAP2K1, and thereby mediates activation of downstream MAP kinases. Involved in the reorganization of the actin cytoskeleton, actin stress fibers and of focal adhesion complexes. Phosphorylates the tubulin chaperone TBCB and thereby plays a role in the regulation of microtubule biogenesis and organization of the tubulin cytoskeleton. Plays a role in the regulation of insulin secretion in response to elevated glucose levels. Part of a ternary complex that contains PAK1, DVL1 and MUSK that is important for MUSK-dependent regulation of AChR clustering during the formation of the neuromuscular junction (NMJ). Activity is inhibited in cells undergoing apoptosis, potentially due to binding of CDC2L1 and CDC2L2. Phosphorylates MYL9/MLC2. Phosphorylates RAF1 at 'Ser-338' and 'Ser-339' resulting in: activation of RAF1, stimulation of RAF1 translocation to mitochondria, phosphorylation of BAD by RAF1, and RAF1 binding to BCL2. Phosphorylates SNAI1 at 'Ser-246' promoting its transcriptional repressor activity by increasing its accumulation in the nucleus. In podocytes, promotes NR3C2 nuclear localization. Required for atypical chemokine receptor ACKR2-induced phosphorylation of LIMK1 and cofilin (CFL1) and for the up-regulation of ACKR2 from endosomal compartment to cell membrane, increasing its efficiency in chemokine uptake and degradation. In synapses, seems to mediate the regulation of F-actin cluster formation performed by SHANK3, maybe through CFL1 phosphorylation and inactivation. Plays a role in RUFY3-mediated facilitating gastric cancer cells migration and invasion (PubMed:25766321).",Tchem,"PAKA subfamily",,-2.2929905107152906,Kinase,25992,1060,361,58.87,237.82,357.05,29146188|28753606|28692051|28278510|28202661|28186966|28055013|28052407|27997893|27913610|27542844|27474226|27430434|27260988|27229476|27178741|27122002|27121078|27117533|27060895|27056567|27044328|27027431|27012601|27003261|26944939|26940976|26918678|26898755|26884861|26809475|26774265|26547035|26423403|26379399|26377044|26324182|26257058|26255026|26218748|26175416|26160174|26104863|26078008|26036343|26023713|26004135|25981171|25956913|25888627|25852190|25843002|25791829|25766321|25746720|25675297|25596744|25569743|25472536|25466889|25456130|25447917|25416956|25416031|25415869|25412958|25388666|25327287|25228413|25215948|25198505|25182632|25159681|25150978|25125660|25074413|25019394|24954107|24935174|24859002|24811999|24792722|24634274|24625804|24561527|24347489|24275569|24236193|24172987|23885116|23811795|23811286|23744893|23737530|23653349|23633677|23622267|23613712|23576562|23535073|23516476|23503467|23499762|23455922|23393142|23340249|23338047|23333386|23321640|23300274|23298303|23258534|23246867|23233484|23186163|23175184|23055517|23038262|23019370|23017497|22983922|22945935|22848689|22845716|22814378|22669945|22581261|22493453|22458949|22419666|22416254|22369945|22293972|22252525|22153498|22130069|22117219|22105362|22105346|22100495|22096607|21982772|21969371|21822311|21748785|21727092|21722895|21719533|21653999|21454543|21406692|21310649|21269460|21209852|21167153|21070974|21029865|20936779|20811717|20810653|20729389|20595063|20591216|20526801|20523167|20508983|20457839|20426825|20417602|20413688|20400510|20379614|20213082|20179234|20131316|20083228|20079895|20056178|20001745|19893577|19819966|19747561|19732720|19693014|19690332|19667065|19628037|19610058|19596003|19574218|19557173|19520772|19435845|19413330|19298660|19296259|19270716|19165420|19162178|19136554|18923061|18922890|18854161|18787380|18716323|18676874|18669648|18656238|18586681|18448666|18411304|18392133|18354494|18347024|18344974|18325335|18319303|18314909|18160398|18086875|18065495|18029348|18006851|17989089|17981134|17911169|17726028|17621631|17609315|17491012|17486065|17420447|17389360|17355222|17255101|17245428|17060906|17018616|17012749|16964243|16845324|16800003|16705121|16628223|16611744|16554811|16492808|16490785|16449192|16413544|16407834|16344560|16278681|16246732|16204230|16101281|16061695|16033904|16026643|16002401|15893667|15864311|15849194|15833848|15831477|15824732|15761153|15749698|15688026|15684429|15611088|15597056|15561713|15556869|15542607|15489334|15378030|15350535|15345747|15333633|15324660|15225553|15169762|15161701|15059930|15047871|14970201|14749719|14707132|14702039|14694110|14607331|14585966|14580336|14579272|14530270|14521508|12937139|12912914|12887923|12887916|12879077|12876277|12855698|12624090|12606577|12560069|12551923|12531429|12522133|12477932|12453877|12374744|12237306|12198493|12189148|12154000|12151336|12138087|12089369|12085993|12011045|12006652|11956071|11950930|11950598|11950587|11948406|11864573|11804587|11733498|11719502|11604394|11604131|11557983|11397816|11382770|11371639|11340065|11278486|11278241|11157752|11134022|11030651|10995762|10975528|10967094|10938077|10805734|10772928|10652353|10611223|10559936|10551809|10461188|10358014|10330411|10330410|10205168|10092231|10075701|10026169|9852149|9823899|9774445|9774440|9705280|9659915|9533029|9528787|9395435|9351825|9298982|9234708|9032240|8824201|8805275|8107774|7744004
https://pharos.nih.gov/idg/targets/Q9UEW8,Q9UEW8,STK39,"STE20/SPS1-related proline-alanine-rich protein kinase","May act as a mediator of stress-activated signals. Mediates the inhibiton of SLC4A4, SLC26A6 as well as CFTR activities by the WNK scaffolds, probably through phosphorylation.",Tbio,"FRAY subfamily",,-2.1171420427960297,Kinase,12571,575,66,46.44,148.94,88.03,27142475|27122160|27082544|26914237|26911228|26673921|26662444|26584301|26506223|26469904|26416847|26233565|26112741|25994507|25531585|25515571|25362046|25323061|25164821|25064009|24873805|24722188|24655550|24631562|24393035|24312176|24191005|24133122|23894895|23759979|23527223|23235358|23186163|23151749|23034389|21705622|21442361|21423148|21406692|21321328|21317537|21292315|21269460|21178783|20889219|20555294|20442269|20379614|20068231|20003416|19717643|19690332|19608861|19470686|19414679|19413330|19343169|19114657|18787102|18550547|18348195|18270262|18088087|17487921|17321610|17081983|16964243|16950202|16669787|16263722|15815621|14988727|14702039|14563843|12740379|11514053|10980603
https://pharos.nih.gov/idg/targets/Q8IVH8,Q8IVH8,MAP4K3,"Mitogen-activated protein kinase kinase kinase kinase 3","May play a role in the response to environmental stress. Appears to act upstream of the JUN N-terminal pathway.",Tchem,"KHS subfamily",,-1.1584462668944207,Kinase,20135,254,23,41.03,15.30,16.91,28099144|27727493|27203390|23981581|22898570|22867055|22814378|22223895|21983831|20936779|20628086|20379614|20227368|20200978|19913121|19806019|19587239|19369195|17474147|17344846|16344560|15489334|14702039|12477932|12127567|11384986|9847074|9275185
https://pharos.nih.gov/idg/targets/P52564,P52564,MAP2K6,"Dual specificity mitogen-activated protein kinase kinase 6","Dual specificity protein kinase which acts as an essential component of the MAP kinase signal transduction pathway. With MAP3K3/MKK3, catalyzes the concomitant phosphorylation of a threonine and a tyrosine residue in the MAP kinases p38 MAPK11, MAPK12, MAPK13 and MAPK14 and plays an important role in the regulation of cellular responses to cytokines and all kinds of stresses. Especially, MAP2K3/MKK3 and MAP2K6/MKK6 are both essential for the activation of MAPK11 and MAPK13 induced by environmental stress, whereas MAP2K6/MKK6 is the major MAPK11 activator in response to TNF. MAP2K6/MKK6 also phosphorylates and activates PAK6. The p38 MAP kinase signal transduction pathway leads to direct activation of transcription factors. Nuclear targets of p38 MAP kinase include the transcription factors ATF2 and ELK1. Within the p38 MAPK signal transduction pathway, MAP3K6/MKK6 mediates phosphorylation of STAT4 through MAPK14 activation, and is therefore required for STAT4 activation and STAT4-regulated gene expression in response to IL-12 stimulation. The pathway is also crucial for IL-6-induced SOCS3 expression and down-regulation of IL-6-mediated gene induction; and for IFNG-dependent gene transcription. Has a role in osteoclast differentiation through NF-kappa-B transactivation by TNFSF11, and in endochondral ossification and since SOX9 is another likely downstream target of the p38 MAPK pathway. MAP2K6/MKK6 mediates apoptotic cell death in thymocytes. Acts also as a regulator for melanocytes dendricity, through the modulation of Rho family GTPases.",Tchem,"STE7 family",,-2.017634227723217,Kinase,18365,636,77,51.55,74.40,95.33,27181679|25241761|25214442|25019214|24936062|24554482|24085465|23744074|23186163|22569225|22383536|22164285|22154358|21926646|21368234|21308746|21269460|21078955|20869211|20805296|20628086|20364819|20162623|20067578|19913121|19846005|19672773|19234473|19141286|19047046|18669648|18327563|16960152|16728640|16498455|16344560|16342939|16313339|15923648|15866172|15790570|15778394|15722372|15677464|15550393|15516490|15492008|15489334|15375157|15276183|15229216|12761180|12589052|12509443|12477932|12054652|12052864|11971971|11836244|11727828|11689443|11460167|11279118|11104681|11062067|11035004|10961885|10848581|10570156|10497253|10347227|10094049|9841871|9779990|9768359|9430721|9218798|8861944|8663074|8626699|8622669|8621675|8125298|7750576
https://pharos.nih.gov/idg/targets/P41279,P41279,MAP3K8,"Mitogen-activated protein kinase kinase kinase 8","Required for lipopolysaccharide (LPS)-induced, TLR4-mediated activation of the MAPK/ERK pathway in macrophages, thus being critical for production of the proinflammatory cytokine TNF-alpha (TNF) during immune responses. Involved in the regulation of T-helper cell differentiation and IFNG expression in T-cells. Involved in mediating host resistance to bacterial infection through negative regulation of type I interferon (IFN) production. In vitro, activates MAPK/ERK pathway in response to IL1 in an IRAK1-independent manner, leading to up-regulation of IL8 and CCL4. Transduces CD40 and TNFRSF1A signals that activate ERK in B-cells and macrophages, and thus may play a role in the regulation of immunoglobulin production. May also play a role in the transduction of TNF signals that activate JNK and NF-kappa-B in some cell types. In adipocytes, activates MAPK/ERK pathway in an IKBKB-dependent manner in response to IL1B and TNF, but not insulin, leading to induction of lipolysis. Plays a role in the cell cycle. Isoform 1 shows some transforming activity, although it is much weaker than that of the activated oncogenic variant.",Tchem,"STE-UNIQUE family",,-2.092296341326843,Kinase,54861,433,101,49.00,154.28,102.80,29084252|28361341|27835990|27717821|27002000|26300007|26215868|25918157|25852190|25815776|25723737|25674762|25609649|25531326|25316791|25274482|24998852|24819603|24723682|24642963|24586913|24404585|24275658|24275569|24265246|23982215|23828905|23533274|23527104|23322277|23252623|23186163|23128233|23125217|22988300|22939624|22197930|21988832|21868363|21741362|21539449|21267413|21107320|20945381|20603871|20487506|20379614|20227498|19939924|19808894|19804365|19754427|19272346|19054068|19001140|18984674|18795070|18669648|18572386|18518937|18439422|18319612|18187448|18029348|17848581|17724252|17472361|17398070|17324460|17290588|17082220|16806191|16565081|16385451|16371247|16344560|16087150|15699325|15670770|15575964|15489334|15466476|15342556|15287022|15188402|15169888|15164054|14743216|14702039|14517305|12975377|12832462|12667451|12477932|12138205|11932422|11342626|11278268|10896655|10669751|10072079|9950430|9742107|9603908|9257820|8889549|8631303|8479752|8226782|2072910|1833717
https://pharos.nih.gov/idg/targets/Q99759,Q99759,MAP3K3,"Mitogen-activated protein kinase kinase kinase 3","Component of a protein kinase signal transduction cascade. Mediates activation of the NF-kappa-B, AP1 and DDIT3 transcriptional regulators.",Tchem,"STE11 family",,-1.7361183345620477,Kinase,7681,183,62,47.79,54.71,47.67,27787230|27027284|26997451|26304632|26088427|25982527|25824786|25728774|25429064|25388155|25241761|25043814|25040987|24975362|24418622|24383423|23186163|22105580|22021425|21998595|20628086|20615764|20495538|20448038|20068038|19913121|19903815|19690332|19560753|19369195|19265138|18691976|18391951|18308725|17985933|17974005|17344846|16737960|16625196|16407301|16381901|16260783|16039990|15572679|15489336|15489334|15146197|15047705|15001576|14743216|14702039|14662759|14661019|12912994|12761501|12761204|12477932|12392720|12391307|12065326|11429546|11256614|11230166|11076863|11073940|10700190|10593883|9452471|9006902|8889548|8125298
https://pharos.nih.gov/idg/targets/Q99683,Q99683,MAP3K5,"Mitogen-activated protein kinase kinase kinase 5","Serine/threonine kinase which acts as an essential component of the MAP kinase signal transduction pathway. Plays an important role in the cascades of cellular responses evoked by changes in the environment. Mediates signaling for determination of cell fate such as differentiation and survival. Plays a crucial role in the apoptosis signal transduction pathway through mitochondria-dependent caspase activation. MAP3K5/ASK1 is required for the innate immune response, which is essential for host defense against a wide range of pathogens. Mediates signal transduction of various stressors like oxidative stress as well as by receptor-mediated inflammatory signals, such as the tumor necrosis factor (TNF) or lipopolysaccharide (LPS). Once activated, acts as an upstream activator of the MKK/JNK signal transduction cascade and the p38 MAPK signal transduction cascade through the phosphorylation and activation of several MAP kinase kinases like MAP2K4/SEK1, MAP2K3/MKK3, MAP2K6/MKK6 and MAP2K7/MKK7. These MAP2Ks in turn activate p38 MAPKs and c-jun N-terminal kinases (JNKs). Both p38 MAPK and JNKs control the transcription factors activator protein-1 (AP-1).",Tchem,"STE11 family",,-2.6622253657590313,Kinase,19893,1185,203,56.68,525.42,288.64,28349059|28028021|27989136|27890558|27869172|27775615|27588831|27514745|27221474|27050273|27045525|26912789|26773495|26707143|26694167|26661061|26405834|26243192|26191261|26165383|26134265|26095851|25982447|25901786|25852190|25797626|25752609|25391652|25241761|25135476|25116390|25068797|24912301|24574456|24448648|24275569|24082073|24008424|23982205|23799149|23744074|23580093|23569274|23556445|23416061|23319048|23219526|23186163|23102700|23087182|23031789|23015639|23000344|22925655|22723553|22609355|22399290|22197930|22167179|22095282|21771788|21764682|21738216|21725208|21594902|21510938|21496457|21383696|21378396|21187402|20800594|20674765|20661259|20628086|20609399|20601186|20512919|20430109|20379614|20364819|20358250|20213747|20185809|20130137|20048146|20035634|19961619|19940360|19935702|19920149|19913121|19903888|19880523|19805025|19782076|19749799|19748889|19590015|19570911|19389260|19369195|19351724|19306926|19293155|19287004|19004820|19001375|18948261|18841476|18822283|18759454|18669648|18501712|18408005|18380010|18327563|18292600|18219322|18211888|18178252|18088087|18054391|18028450|17937911|17883330|17827388|17724081|17652454|17595347|17543279|17541429|17456047|17389591|17344846|17331470|17325029|17292829|17244475|17220297|17210579|16648474|16644673|16636664|16532036|16515547|16512785|16476732|16449798|16407264|16316999|16129676|16049941|16038411|15983381|15925322|15866172|15864780|15843568|15782121|15755722|15701637|15670787|15489334|15328343|15310755|15246877|15218033|15210709|15094778|15023544|14761963|14749717|14702039|14688258|14668338|14574404|12968034|12912994|12819028|12813029|12697749|12566458|12556535|12543931|12482984|12477932|12473108|12391142|12372597|12244106|12189133|12089063|12077134|12050113|11959862|11920685|11689443|11495919|11493600|11427728|11416155|11356842|11336675|11298454|11278289|11154276|11096076|11090355|11029458|11003656|10921914|10849426|10734135|10688666|10523862|10411906|9875215|9774977|9743501|9651337|9564042|9465908|8974401|8940179
https://pharos.nih.gov/idg/targets/P36507,P36507,MAP2K2,"Dual specificity mitogen-activated protein kinase kinase 2","Catalyzes the concomitant phosphorylation of a threonine and a tyrosine residue in a Thr-Glu-Tyr sequence located in MAP kinases. Activates the ERK1 and ERK2 MAP kinases (By similarity).",Tclin,"STE7 family",,-1.837436788236484,Kinase,23171,883,158,55.85,60.87,108.58,28178421|27956260|27751966|27181679|27098723|27086506|26956845|26858456|26625317|26163823|26155939|26078274|25852190|25722381|25600339|25487361|25463315|25425646|25416956|25218145|24746704|24501087|24375836|24311457|24275569|24011934|23684925|23626836|23423222|23379592|23237773|23186163|22946697|22935974|22902540|22895183|22833572|22805292|22805291|22298595|22197931|22185284|22052387|21988832|21969554|21615688|21525035|21509657|21458501|21447798|21445343|21406692|21365009|21269460|21178588|20885957|20837746|20358587|20302979|20172001|20068231|19858308|19816936|19690332|19681119|19565474|19500021|19496172|19453261|19447520|19413330|19369195|19206169|19164283|19156172|19014680|18691976|18669648|18617556|18424438|18413255|18390968|18088087|18060073|18042262|17981815|17979178|17704260|17603482|17461449|17419998|17366577|17192257|17116858|17101779|17081983|17038630|16964243|16957420|16651638|16439621|16332685|16239230|15979847|15543157|15489334|15302935|15292274|15284233|15276183|15071496|14702039|14672918|14656894|14517288|14499342|12839928|12792650|12612059|12582162|12531514|12505790|12482669|12477932|12167619|12063167|12032872|11909642|11823456|11579140|11520933|11409852|11260070|11134045|11104681|11044099|10982368|10862698|10828601|10799874|10780709|10712923|10509564|10489373|10409742|10224087|9915804|9781012|9733512|9671314|9621077|9563949|9558095|9427625|9325171|9223324|9159118|9069267|8702863|8668348|8626767|8529659|8393135|8388392|8226933|8157000|7839144|7687743|7566098
https://pharos.nih.gov/idg/targets/Q7RTN6,Q7RTN6,STRADA,"STE20-related kinase adapter protein alpha","Pseudokinase which, in complex with CAB39/MO25 (CAB39/MO25alpha or CAB39L/MO25beta), binds to and activates STK11/LKB1. Adopts a closed conformation typical of active protein kinases and binds STK11/LKB1 as a pseudosubstrate, promoting conformational change of STK11/LKB1 in an active conformation.",Tbio,"STE20 family",,-1.511560973584243,Kinase,3680,237,26,36.86,26.93,20.45,27170158|25852190|25241761|23186163|21423148|20562859|20424326|19892943|19513107|19386264|19369195|18854318|18687677|18391951|18256292|17974005|17921699|17522105|17344846|16625196|16054041|15733851|15561763|15183188|14976552|14730349|14702039|14676191|14517248|12805220|12747765|12477932
https://pharos.nih.gov/idg/targets/O96013,O96013,PAK4,"Serine/threonine-protein kinase PAK 4","Serine/threonine protein kinase that plays a role in a variety of different signaling pathways including cytoskeleton regulation, cell migration, growth, proliferation or cell survival. Activation by various effectors including growth factor receptors or active CDC42 and RAC1 results in a conformational change and a subsequent autophosphorylation on several serine and/or threonine residues. Phosphorylates and inactivates the protein phosphatase SSH1, leading to increased inhibitory phosphorylation of the actin binding/depolymerizing factor cofilin. Decreased cofilin activity may lead to stabilization of actin filaments. Phosphorylates LIMK1, a kinase that also inhibits the activity of cofilin. Phosphorylates integrin beta5/ITGB5 and thus regulates cell motility. Phosphorylates ARHGEF2 and activates the downstream target RHOA that plays a role in the regulation of assembly of focal adhesions and actin stress fibers. Stimulates cell survival by phosphorylating the BCL2 antagonist of cell death BAD. Alternatively, inhibits apoptosis by preventing caspase-8 binding to death domain receptors in a kinase independent manner. Plays a role in cell-cycle progression by controlling levels of the cell-cycle regulatory protein CDKN1A and by phosphorylating RAN.",Tchem,"PAKB subfamily",,-2.2326051521218666,Kinase,17386,436,102,45.14,194.69,89.43,28577975|28534509|28432261|28407679|28393218|28288786|28096095|27919028|27903866|27700527|27496712|27297086|26841865|26614788|26607847|26598620|26546043|26411419|26218748|26124003|26068882|25975262|25791829|25662318|25637478|25560280|25468996|25410752|25359780|25238288|25074804|24829151|24704155|24374310|24366569|24275569|24255178|24129315|23934187|23893240|23841590|23790167|23652058|23642861|23293332|23254288|23233484|23229348|23186163|22988085|22766504|22710715|22689056|22653441|22450748|22085492|21832093|21788589|21423176|21406692|21385901|21269460|21044950|20936779|20926745|20805321|20719960|20631255|20578242|20564219|20507994|20501374|20406887|20070256|20068231|19778628|19690332|19594544|19369195|19050074|18836286|18782768|18691976|18669648|18636970|18628988|18424072|18319301|17974005|17555715|17353931|17344846|17192257|17081983|16897755|16381901|16227624|16169070|15827085|15660133|15489336|15489334|15345747|15324660|15161933|14702039|14625312|14560027|12529371|12477932|12356872|11950587|11413130|11313478|11278822|11076863|10574461|10461188|9822598
https://pharos.nih.gov/idg/targets/O00506,O00506,STK25,"Serine/threonine-protein kinase 25","Oxidant stress-activated serine/threonine kinase that may play a role in the response to environmental stress. Targets to the Golgi apparatus where it appears to regulate protein transport events, cell adhesion, and polarity complexes important for cell migration.",Tchem,"YSK subfamily",,-1.236397724591654,Kinase,3124,187,35,37.83,21.86,17.18,27107012|26871637|26553096|25550858|25416956|23889253|23665169|23535732|23533145|23455922|22782892|22652780|22391949|22291017|21561863|21516116|21423148|21396913|21269460|20592472|20332113|18782753|18364353|17657516|17353931|17253963|16344560|16189514|15815621|15489334|15037601|14702039|12477932|9160885|8889548|8887545
https://pharos.nih.gov/idg/targets/O95382,O95382,MAP3K6,"Mitogen-activated protein kinase kinase kinase 6","Component of a protein kinase signal transduction cascade. Activates the JNK, but not ERK or p38 kinase pathways.",Tchem,"STE11 family",,-1.2387835442018273,Kinase,2091,152,12,40.56,17.37,12.53,26243192|25340522|23186163|20628086|19935702|19913121|19369195|19246638|19214184|18691976|18669648|18327563|17714688|17344846|17210579|16959974|16710414|15489334|12477932|9875215
https://pharos.nih.gov/idg/targets/Q13163,Q13163,MAP2K5,"Dual specificity mitogen-activated protein kinase kinase 5","Acts as a scaffold for the formation of a ternary MAP3K2/MAP3K3-MAP3K5-MAPK7 signaling complex. Activation of this pathway appears to play a critical role in protecting cells from stress-induced apoptosis, neuronal survival and cardiac development and angiogenesis.",Tchem,"STE7 family",,-1.9129362574833875,Kinase,5337,415,59,51.50,66.23,53.06,28329290|27878304|27160304|26498236|25662172|25637721|25241761|25231870|25142570|24975362|24861553|24436253|24205826|23950888|23563607|22594783|22344219|21925394|21861603|21820407|21779176|21767578|21166929|20935630|20628086|20551324|20396431|19913121|19822783|19605361|19369195|19279021|19223043|18691976|18588859|18071319|17872495|17637780|17474147|17344846|16758967|16728640|16572171|15489334|15378007|15075238|14743216|14702039|14583600|12618764|12477932|12219026|11520859|11387209|11158308|11073940|10593883|10531364|9790194|9384584|8889548|7759517|7499418
https://pharos.nih.gov/idg/targets/Q13177,Q13177,PAK2,"Serine/threonine-protein kinase PAK 2","Serine/threonine protein kinase that plays a role in a variety of different signaling pathways including cytoskeleton regulation, cell motility, cell cycle progression, apoptosis or proliferation. Acts as downstream effector of the small GTPases CDC42 and RAC1. Activation by the binding of active CDC42 and RAC1 results in a conformational change and a subsequent autophosphorylation on several serine and/or threonine residues. Full-length PAK2 stimulates cell survival and cell growth. Phosphorylates MAPK4 and MAPK6 and activates the downstream target MAPKAPK5, a regulator of F-actin polymerization and cell migration. Phosphorylates JUN and plays an important role in EGF-induced cell proliferation. Phosphorylates many other substrates including histone H4 to promote assembly of H3.3 and H4 into nucleosomes, BAD, ribosomal protein S6, or MBP. Additionally, associates with ARHGEF7 and GIT1 to perform kinase-independent functions such as spindle orientation control during mitosis. On the other hand, apoptotic stimuli such as DNA damage lead to caspase-mediated cleavage of PAK2, generating PAK-2p34, an active p34 fragment that translocates to the nucleus and promotes cellular apoptosis involving the JNK signaling pathway. Caspase-activated PAK2 phosphorylates MKNK1 and reduces cellular translation.",Tchem,"PAKA subfamily",,-1.9051213219677638,Kinase,22539,647,113,52.28,88.78,126.36,28707321|27889207|26496610|26412398|26363097|26350970|26218748|26186482|26150340|26078008|25596744|25468996|25416956|25050916|24840740|24621074|24434518|24275569|24025335|23746211|23499762|23186163|22814378|22705156|22393057|22223895|21850710|21819585|21724829|21555521|21516116|21406692|21317288|21269460|21177766|21170023|21116278|21098037|20936779|20724730|20696164|20691406|20523167|20209159|20131316|20068231|20056178|19923322|19690332|19628037|19608861|19435845|19273597|19264842|19242610|19240112|18716323|18669648|18411304|18344974|18319301|18176785|18088087|17881449|17555715|17543336|17353931|17081983|17060906|16979207|16964243|16867995|16837009|16787945|16617111|16527308|16501114|16374509|16344560|16281055|16204230|15908432|15489334|15471851|15252450|15234964|15194762|15187108|15047871|15047825|14749374|12907671|12853446|12829691|12823590|12549935|12477932|12453877|12237306|12226077|12215529|11956071|11943200|11895474|11805089|11604131|11345898|11278486|11160719|11121037|11070003|10748018|10607567|10461188|10320322|10200518|10075701|10047984|9786869|9535855|9395435|9171063|9151826|8625410|7744004|7673144|7618083|7556080|1985906
https://pharos.nih.gov/idg/targets/Q9C0K7,Q9C0K7,STRADB,"STE20-related kinase adapter protein beta","Pseudokinase which, in complex with CAB39/MO25 (CAB39/MO25alpha or CAB39L/MO25beta), binds to and activates STK11/LKB1. Adopts a closed conformation typical of active protein kinases and binds STK11/LKB1 as a pseudosubstrate, promoting conformational change of STK11/LKB1 in an active conformation (By similarity).",Tbio,"STE20 family",,-1.0872911368030056,Kinase,2043,308,15,30.88,11.50,6.46,23414517|20562859|17344846|16879967|16756488|16054041|15815621|15489334|14702039|14676191|14517248|14511394|12574163|12477932|12048196|11161814
https://pharos.nih.gov/idg/targets/Q99558,Q99558,MAP3K14,"Mitogen-activated protein kinase kinase kinase 14","Lymphotoxin beta-activated kinase which seems to be exclusively involved in the activation of NF-kappa-B and its transcriptional activity. Promotes proteolytic processing of NFKB2/P100, which leads to activation of NF-kappa-B via the non-canonical pathway. Could act in a receptor-selective manner.",Tchem,"STE-UNIQUE family",,,Kinase,,244,113,42.86,0.00,127.96,27889261|27678221|27555280|27499151|27416764|26823811|26602079|26498133|26269411|26195760|26178280|25766331|25622756|25416956|25406581|25246529|25241761|25187543|25079338|25043127|25036637|24533079|24362935|23536439|23301098|22968463|22939624|22921830|22718757|22685329|22474019|22469134|22105365|21963849|21887257|21869881|21846802|21833088|21478870|21273489|21257964|21048031|20937806|20823135|20735436|20682767|20501937|20466000|20348096|20338663|20125184|19909783|19897484|19646419|19641890|19641626|19593445|19453261|19262425|18752500|18439422|18434448|18056702|18029348|18022362|17729113|17543278|17344846|17158868|16498412|16344560|16286467|16009713|15951441|15489334|15252129|15208311|15173580|15084608|15001576|14743216|14743126|14702039|12884866|12874243|12853971|12477932|12393548|12185077|12049732|11801607|11585904|11511100|11278268|11239468|11116146|11035039|11002417|10887201|10807933|10779355|10733566|10521444|10195894|10094049|10072079|10022904|9927690|9819420|9799091|9751059|9742107|9689078|9520446|9346485|9275204|9244310|9020361
https://pharos.nih.gov/idg/targets/Q7Z2Y5,Q7Z2Y5,NRK,"Nik-related protein kinase","May phosphorylate cofilin-1 and induce actin polymerization through this process, during the late stages of embryogenesis. Involved in the TNF-alpha-induced signaling pathway (By similarity).",Tdark,"STE20 family",,-0.21967182703249077,Kinase,,32,10,27.51,2.00,3.07,27634343|21406692|17974005|17344846|16381901|15772651|15489336|15489334|14702039|12837278|12477932|11230166|11076863
https://pharos.nih.gov/idg/targets/O75914,O75914,PAK3,"Serine/threonine-protein kinase PAK 3","Serine/threonine protein kinase that plays a role in a variety of different signaling pathways including cytoskeleton regulation, cell migration, or cell cycle regulation. Plays a role in dendrite spine morphogenesis as well as synapse formation and plasticity. Acts as downstream effector of the small GTPases CDC42 and RAC1. Activation by the binding of active CDC42 and RAC1 results in a conformational change and a subsequent autophosphorylation on several serine and/or threonine residues. Phosphorylates MAPK4 and MAPK6 and activates the downstream target MAPKAPK5, a regulator of F-actin polymerization and cell migration. Additionally, phosphorylates TNNI3/troponin I to modulate calcium sensitivity and relaxation kinetics of thin myofilaments. May also be involved in early neuronal development.",Tchem,"PAKA subfamily",,-1.3505863716971578,Kinase,19308,377,57,41.63,21.08,44.86,27474226|25981171|25666757|25596744|25109462|24184505|23818969|23622267|21949127|21177870|21115725|20960100|20596523|19036346|18805672|18639460|18523455|18507705|17853471|17452356|17344846|16344560|15772651|15574732|15548136|15099969|14702039|14673471|12890786|12884430|12777533|12477932|12464619|12237306|11862216|11741931|11517222|11278553|11278486|11259591|11096073|10946356|10896954|10461188|10205168|10075701|9823899|9731525|9726964|9722579|9659915|9332663|9110174|9065412|8826460|8687195|8619474|8107774|7559638
https://pharos.nih.gov/idg/targets/Q9P286,Q9P286,PAK5,"Serine/threonine-protein kinase PAK 5","Serine/threonine protein kinase that plays a role in a variety of different signaling pathways including cytoskeleton regulation, cell migration, proliferation or cell survival. Activation by various effectors including growth factor receptors or active CDC42 and RAC1 results in a conformational change and a subsequent autophosphorylation on several serine and/or threonine residues. Phosphorylates the proto-oncogene RAF1 and stimulates its kinase activity. Promotes cell survival by phosphorylating the BCL2 antagonist of cell death BAD. Phosphorylates CTNND1, probably to regulate cytoskeletal organization and cell morphology. Keeps microtubules stable through MARK2 inhibition and destabilizes the F-actin network leading to the disappearance of stress fibers and focal adhesions.",Tchem,"PAKB subfamily",,-1.5105922570674293,Kinase,9430,275,45,0.00,36.14,25.46,28232500|28005267|27323857|27107014|27095851|26682509|26212009|26116538|25910212|25632266|25436453|25416956|25052921|24869804|24474471|24062079|23877225|23836671|23696025|23251661|23106939|20936779|20877624|20564219|20379614|20070256|19415746|18628988|18465753|17353931|17344846|17292838|17064668|16581795|16189514|16014608|15489334|14702039|12897128|12860998|12477932|12032833|11950587|11780052|11756552|11733543|10880354|10837486|10574462|10521512|9381178
https://pharos.nih.gov/idg/targets/Q9NQU5,Q9NQU5,PAK6,"Serine/threonine-protein kinase PAK 6","Serine/threonine protein kinase that plays a role in the regulation of gene transcription. The kinase activity is induced by various effectors including AR or MAP2K6/MAPKK6. Phosphorylates the DNA-binding domain of androgen receptor/AR and thereby inhibits AR-mediated transcription. Inhibits also ESR1-mediated transcription. May play a role in cytoskeleton regulation by interacting with IQGAP1. May protect cells from apoptosis through phosphorylation of BAD.",Tchem,"PAKB subfamily",,-1.576382594505365,Kinase,10514,402,40,38.90,44.43,28.56,28486133|26598554|26459798|26442588|26375402|26058485|25468996|25426562|25416956|25056061|24947832|24576777|24510904|24352566|24130878|23685956|23251661|23132866|22339630|20817787|20524398|20453000|20070256|20054820|19692168|19625176|19362342|19170196|18676680|18642328|18465753|17584649|17353931|17344846|16959974|16572171|16344560|15550393|15489334|14702039|14573606|12477932|11773441|11278661
https://pharos.nih.gov/idg/targets/Q13188,Q13188,STK3,"Serine/threonine-protein kinase 3","Stress-activated, pro-apoptotic kinase which, following caspase-cleavage, enters the nucleus and induces chromatin condensation followed by internucleosomal DNA fragmentation. Key component of the Hippo signaling pathway which plays a pivotal role in organ size control and tumor suppression by restricting proliferation and promoting apoptosis. The core of this pathway is composed of a kinase cascade wherein STK3/MST2 and STK4/MST1, in complex with its regulatory protein SAV1, phosphorylates and activates LATS1/2 in complex with its regulatory protein MOB1, which in turn phosphorylates and inactivates YAP1 oncoprotein and WWTR1/TAZ. Phosphorylation of YAP1 by LATS2 inhibits its translocation into the nucleus to regulate cellular genes important for cell proliferation, cell death, and cell migration. STK3/MST2 and STK4/MST1 are required to repress proliferation of mature hepatocytes, to prevent activation of facultative adult liver stem cells (oval cells), and to inhibit tumor formation. Phosphorylates NKX2-1 (By similarity). Phosphorylates NEK2 and plays a role in centrosome disjunction by regulating the localization of NEK2 to centrosome, and its ability to phosphorylate CROCC and CEP250. In conjunction with SAV1, activates the transcriptional activity of ESR1 through the modulation of its phosphorylation. Positively regulates RAF1 activation via suppression of the inhibitory phosphorylation of RAF1 on 'Ser-259'. Phosphorylates MOBKL1A and RASSF2. Phosphorylates MOBKL1B on 'Thr-74'. Acts cooperatively with MOBKL1B to activate STK38.",Tchem,"MST subfamily>",,-1.1333901028845135,Kinase,2419,303,67,45.63,11.29,55.36,28152516|28103766|28099921|28087714|27566175|27238285|26908611|25814670|25416956|25367221|25035424|24992339|24929361|24881775|24366813|24255178|24180524|23972470|23459937|23455922|23386615|23186163|22590567|22292086|22195963|22102242|21988832|21944251|21406692|21269460|21199877|21104395|21076410|20920251|20562859|20412773|20231902|20212043|20145135|20086174|19962960|19822666|19690332|19525978|19484742|19413330|19369195|19327996|18691976|18669648|18640976|18362890|18347058|18328708|17889669|17538946|17344846|17081983|16930133|16510573|16421571|15688006|15618521|15489334|15109305|14729613|14702039|12554736|12477932|11964314|11278283|10840030|8816758|8816756|8566796|8274451|7665586|7566098
