"URL","Uniprot ID","Keyword","Link"
https://pharos.nih.gov/idg/targets/Q9UKE5,Q9UKE5,"Complete proteome",http://www.uniprot.org/keywords/KW-0181
https://pharos.nih.gov/idg/targets/Q9UKE5,Q9UKE5,Nucleus,http://www.uniprot.org/keywords/KW-0539
https://pharos.nih.gov/idg/targets/Q9UKE5,Q9UKE5,Polymorphism,http://www.uniprot.org/keywords/KW-0621
https://pharos.nih.gov/idg/targets/Q9UKE5,Q9UKE5,"Reference proteome",http://www.uniprot.org/keywords/KW-1185
https://pharos.nih.gov/idg/targets/Q9UKE5,Q9UKE5,"Alternative splicing",http://www.uniprot.org/keywords/KW-0025
https://pharos.nih.gov/idg/targets/Q9UKE5,Q9UKE5,Cytoplasm,http://www.uniprot.org/keywords/KW-0963
https://pharos.nih.gov/idg/targets/Q9UKE5,Q9UKE5,Cytoskeleton,http://www.uniprot.org/keywords/KW-0206
https://pharos.nih.gov/idg/targets/Q9UKE5,Q9UKE5,"Mental retardation",http://www.uniprot.org/keywords/KW-0991
https://pharos.nih.gov/idg/targets/Q9UKE5,Q9UKE5,Phosphoprotein,http://www.uniprot.org/keywords/KW-0597
https://pharos.nih.gov/idg/targets/Q9UKE5,Q9UKE5,3D-structure,http://www.uniprot.org/keywords/KW-0002
https://pharos.nih.gov/idg/targets/Q9UKE5,Q9UKE5,Transferase,http://www.uniprot.org/keywords/KW-0808
https://pharos.nih.gov/idg/targets/Q9UKE5,Q9UKE5,ATP-binding,http://www.uniprot.org/keywords/KW-0067
https://pharos.nih.gov/idg/targets/Q9UKE5,Q9UKE5,Nucleotide-binding,http://www.uniprot.org/keywords/KW-0547
https://pharos.nih.gov/idg/targets/Q9UKE5,Q9UKE5,Neurogenesis,http://www.uniprot.org/keywords/KW-0524
https://pharos.nih.gov/idg/targets/Q9UKE5,Q9UKE5,Endosome,http://www.uniprot.org/keywords/KW-0967
https://pharos.nih.gov/idg/targets/Q9UKE5,Q9UKE5,Kinase,http://www.uniprot.org/keywords/KW-0418
https://pharos.nih.gov/idg/targets/Q9UKE5,Q9UKE5,"Serine-threonine-protein kinase",http://www.uniprot.org/keywords/KW-0723
https://pharos.nih.gov/idg/targets/Q9UKE5,Q9UKE5,"Wnt signaling pathway",http://www.uniprot.org/keywords/KW-0879
https://pharos.nih.gov/idg/targets/Q9UL54,Q9UL54,"Complete proteome",http://www.uniprot.org/keywords/KW-0181
https://pharos.nih.gov/idg/targets/Q9UL54,Q9UL54,Nucleus,http://www.uniprot.org/keywords/KW-0539
https://pharos.nih.gov/idg/targets/Q9UL54,Q9UL54,"Reference proteome",http://www.uniprot.org/keywords/KW-1185
https://pharos.nih.gov/idg/targets/Q9UL54,Q9UL54,"Alternative splicing",http://www.uniprot.org/keywords/KW-0025
https://pharos.nih.gov/idg/targets/Q9UL54,Q9UL54,"Cell projection",http://www.uniprot.org/keywords/KW-0966
https://pharos.nih.gov/idg/targets/Q9UL54,Q9UL54,Cytoplasm,http://www.uniprot.org/keywords/KW-0963
https://pharos.nih.gov/idg/targets/Q9UL54,Q9UL54,Cytoskeleton,http://www.uniprot.org/keywords/KW-0206
https://pharos.nih.gov/idg/targets/Q9UL54,Q9UL54,Phosphoprotein,http://www.uniprot.org/keywords/KW-0597
https://pharos.nih.gov/idg/targets/Q9UL54,Q9UL54,Membrane,http://www.uniprot.org/keywords/KW-0472
https://pharos.nih.gov/idg/targets/Q9UL54,Q9UL54,Transmembrane,http://www.uniprot.org/keywords/KW-0812
https://pharos.nih.gov/idg/targets/Q9UL54,Q9UL54,"Transmembrane helix",http://www.uniprot.org/keywords/KW-1133
https://pharos.nih.gov/idg/targets/Q9UL54,Q9UL54,Transferase,http://www.uniprot.org/keywords/KW-0808
https://pharos.nih.gov/idg/targets/Q9UL54,Q9UL54,ATP-binding,http://www.uniprot.org/keywords/KW-0067
https://pharos.nih.gov/idg/targets/Q9UL54,Q9UL54,"Coiled coil",http://www.uniprot.org/keywords/KW-0175
https://pharos.nih.gov/idg/targets/Q9UL54,Q9UL54,Nucleotide-binding,http://www.uniprot.org/keywords/KW-0547
https://pharos.nih.gov/idg/targets/Q9UL54,Q9UL54,Magnesium,http://www.uniprot.org/keywords/KW-0460
https://pharos.nih.gov/idg/targets/Q9UL54,Q9UL54,"Cytoplasmic vesicle",http://www.uniprot.org/keywords/KW-0968
https://pharos.nih.gov/idg/targets/Q9UL54,Q9UL54,Kinase,http://www.uniprot.org/keywords/KW-0418
https://pharos.nih.gov/idg/targets/Q9UL54,Q9UL54,"Serine-threonine-protein kinase",http://www.uniprot.org/keywords/KW-0723
https://pharos.nih.gov/idg/targets/Q9Y6E0,Q9Y6E0,"Complete proteome",http://www.uniprot.org/keywords/KW-0181
https://pharos.nih.gov/idg/targets/Q9Y6E0,Q9Y6E0,Metal-binding,http://www.uniprot.org/keywords/KW-0479
https://pharos.nih.gov/idg/targets/Q9Y6E0,Q9Y6E0,Nucleus,http://www.uniprot.org/keywords/KW-0539
https://pharos.nih.gov/idg/targets/Q9Y6E0,Q9Y6E0,Polymorphism,http://www.uniprot.org/keywords/KW-0621
https://pharos.nih.gov/idg/targets/Q9Y6E0,Q9Y6E0,"Reference proteome",http://www.uniprot.org/keywords/KW-1185
https://pharos.nih.gov/idg/targets/Q9Y6E0,Q9Y6E0,"Alternative splicing",http://www.uniprot.org/keywords/KW-0025
https://pharos.nih.gov/idg/targets/Q9Y6E0,Q9Y6E0,Cytoplasm,http://www.uniprot.org/keywords/KW-0963
https://pharos.nih.gov/idg/targets/Q9Y6E0,Q9Y6E0,Phosphoprotein,http://www.uniprot.org/keywords/KW-0597
https://pharos.nih.gov/idg/targets/Q9Y6E0,Q9Y6E0,Membrane,http://www.uniprot.org/keywords/KW-0472
https://pharos.nih.gov/idg/targets/Q9Y6E0,Q9Y6E0,Acetylation,http://www.uniprot.org/keywords/KW-0007
https://pharos.nih.gov/idg/targets/Q9Y6E0,Q9Y6E0,3D-structure,http://www.uniprot.org/keywords/KW-0002
https://pharos.nih.gov/idg/targets/Q9Y6E0,Q9Y6E0,Transferase,http://www.uniprot.org/keywords/KW-0808
https://pharos.nih.gov/idg/targets/Q9Y6E0,Q9Y6E0,ATP-binding,http://www.uniprot.org/keywords/KW-0067
https://pharos.nih.gov/idg/targets/Q9Y6E0,Q9Y6E0,Nucleotide-binding,http://www.uniprot.org/keywords/KW-0547
https://pharos.nih.gov/idg/targets/Q9Y6E0,Q9Y6E0,Magnesium,http://www.uniprot.org/keywords/KW-0460
https://pharos.nih.gov/idg/targets/Q9Y6E0,Q9Y6E0,Apoptosis,http://www.uniprot.org/keywords/KW-0053
https://pharos.nih.gov/idg/targets/Q9Y6E0,Q9Y6E0,Kinase,http://www.uniprot.org/keywords/KW-0418
https://pharos.nih.gov/idg/targets/Q9Y6E0,Q9Y6E0,"Serine-threonine-protein kinase",http://www.uniprot.org/keywords/KW-0723
https://pharos.nih.gov/idg/targets/Q9Y6R4,Q9Y6R4,"Complete proteome",http://www.uniprot.org/keywords/KW-0181
https://pharos.nih.gov/idg/targets/Q9Y6R4,Q9Y6R4,Metal-binding,http://www.uniprot.org/keywords/KW-0479
https://pharos.nih.gov/idg/targets/Q9Y6R4,Q9Y6R4,Polymorphism,http://www.uniprot.org/keywords/KW-0621
https://pharos.nih.gov/idg/targets/Q9Y6R4,Q9Y6R4,"Reference proteome",http://www.uniprot.org/keywords/KW-1185
https://pharos.nih.gov/idg/targets/Q9Y6R4,Q9Y6R4,"Alternative splicing",http://www.uniprot.org/keywords/KW-0025
https://pharos.nih.gov/idg/targets/Q9Y6R4,Q9Y6R4,Cytoplasm,http://www.uniprot.org/keywords/KW-0963
https://pharos.nih.gov/idg/targets/Q9Y6R4,Q9Y6R4,Phosphoprotein,http://www.uniprot.org/keywords/KW-0597
https://pharos.nih.gov/idg/targets/Q9Y6R4,Q9Y6R4,Transferase,http://www.uniprot.org/keywords/KW-0808
https://pharos.nih.gov/idg/targets/Q9Y6R4,Q9Y6R4,ATP-binding,http://www.uniprot.org/keywords/KW-0067
https://pharos.nih.gov/idg/targets/Q9Y6R4,Q9Y6R4,Nucleotide-binding,http://www.uniprot.org/keywords/KW-0547
https://pharos.nih.gov/idg/targets/Q9Y6R4,Q9Y6R4,Magnesium,http://www.uniprot.org/keywords/KW-0460
https://pharos.nih.gov/idg/targets/Q9Y6R4,Q9Y6R4,Kinase,http://www.uniprot.org/keywords/KW-0418
https://pharos.nih.gov/idg/targets/Q9Y6R4,Q9Y6R4,"Serine-threonine-protein kinase",http://www.uniprot.org/keywords/KW-0723
https://pharos.nih.gov/idg/targets/Q8WXR4,Q8WXR4,"Complete proteome",http://www.uniprot.org/keywords/KW-0181
https://pharos.nih.gov/idg/targets/Q8WXR4,Q8WXR4,Polymorphism,http://www.uniprot.org/keywords/KW-0621
https://pharos.nih.gov/idg/targets/Q8WXR4,Q8WXR4,"Reference proteome",http://www.uniprot.org/keywords/KW-1185
https://pharos.nih.gov/idg/targets/Q8WXR4,Q8WXR4,Repeat,http://www.uniprot.org/keywords/KW-0677
https://pharos.nih.gov/idg/targets/Q8WXR4,Q8WXR4,"Alternative splicing",http://www.uniprot.org/keywords/KW-0025
https://pharos.nih.gov/idg/targets/Q8WXR4,Q8WXR4,"Cell projection",http://www.uniprot.org/keywords/KW-0966
https://pharos.nih.gov/idg/targets/Q8WXR4,Q8WXR4,Cytoplasm,http://www.uniprot.org/keywords/KW-0963
https://pharos.nih.gov/idg/targets/Q8WXR4,Q8WXR4,Cytoskeleton,http://www.uniprot.org/keywords/KW-0206
https://pharos.nih.gov/idg/targets/Q8WXR4,Q8WXR4,Transferase,http://www.uniprot.org/keywords/KW-0808
https://pharos.nih.gov/idg/targets/Q8WXR4,Q8WXR4,ATP-binding,http://www.uniprot.org/keywords/KW-0067
https://pharos.nih.gov/idg/targets/Q8WXR4,Q8WXR4,Nucleotide-binding,http://www.uniprot.org/keywords/KW-0547
https://pharos.nih.gov/idg/targets/Q8WXR4,Q8WXR4,Kinase,http://www.uniprot.org/keywords/KW-0418
https://pharos.nih.gov/idg/targets/Q8WXR4,Q8WXR4,"Serine-threonine-protein kinase",http://www.uniprot.org/keywords/KW-0723
https://pharos.nih.gov/idg/targets/Q8WXR4,Q8WXR4,Actin-binding,http://www.uniprot.org/keywords/KW-0009
https://pharos.nih.gov/idg/targets/Q8WXR4,Q8WXR4,"Motor protein",http://www.uniprot.org/keywords/KW-0505
https://pharos.nih.gov/idg/targets/Q8WXR4,Q8WXR4,Myosin,http://www.uniprot.org/keywords/KW-0518
https://pharos.nih.gov/idg/targets/Q8WXR4,Q8WXR4,"Sensory transduction",http://www.uniprot.org/keywords/KW-0716
https://pharos.nih.gov/idg/targets/Q8WXR4,Q8WXR4,Vision,http://www.uniprot.org/keywords/KW-0844
https://pharos.nih.gov/idg/targets/Q8WXR4,Q8WXR4,Hearing,http://www.uniprot.org/keywords/KW-1009
https://pharos.nih.gov/idg/targets/Q9Y2U5,Q9Y2U5,"Complete proteome",http://www.uniprot.org/keywords/KW-0181
https://pharos.nih.gov/idg/targets/Q9Y2U5,Q9Y2U5,Metal-binding,http://www.uniprot.org/keywords/KW-0479
https://pharos.nih.gov/idg/targets/Q9Y2U5,Q9Y2U5,Nucleus,http://www.uniprot.org/keywords/KW-0539
https://pharos.nih.gov/idg/targets/Q9Y2U5,Q9Y2U5,Polymorphism,http://www.uniprot.org/keywords/KW-0621
https://pharos.nih.gov/idg/targets/Q9Y2U5,Q9Y2U5,"Reference proteome",http://www.uniprot.org/keywords/KW-1185
https://pharos.nih.gov/idg/targets/Q9Y2U5,Q9Y2U5,Cytoplasm,http://www.uniprot.org/keywords/KW-0963
https://pharos.nih.gov/idg/targets/Q9Y2U5,Q9Y2U5,Phosphoprotein,http://www.uniprot.org/keywords/KW-0597
https://pharos.nih.gov/idg/targets/Q9Y2U5,Q9Y2U5,"Ubl conjugation",http://www.uniprot.org/keywords/KW-0832
https://pharos.nih.gov/idg/targets/Q9Y2U5,Q9Y2U5,3D-structure,http://www.uniprot.org/keywords/KW-0002
https://pharos.nih.gov/idg/targets/Q9Y2U5,Q9Y2U5,Transferase,http://www.uniprot.org/keywords/KW-0808
https://pharos.nih.gov/idg/targets/Q9Y2U5,Q9Y2U5,ATP-binding,http://www.uniprot.org/keywords/KW-0067
https://pharos.nih.gov/idg/targets/Q9Y2U5,Q9Y2U5,Nucleotide-binding,http://www.uniprot.org/keywords/KW-0547
https://pharos.nih.gov/idg/targets/Q9Y2U5,Q9Y2U5,Magnesium,http://www.uniprot.org/keywords/KW-0460
https://pharos.nih.gov/idg/targets/Q9Y2U5,Q9Y2U5,Kinase,http://www.uniprot.org/keywords/KW-0418
https://pharos.nih.gov/idg/targets/Q9Y2U5,Q9Y2U5,"Serine-threonine-protein kinase",http://www.uniprot.org/keywords/KW-0723
https://pharos.nih.gov/idg/targets/O95747,O95747,"Complete proteome",http://www.uniprot.org/keywords/KW-0181
https://pharos.nih.gov/idg/targets/O95747,O95747,Metal-binding,http://www.uniprot.org/keywords/KW-0479
https://pharos.nih.gov/idg/targets/O95747,O95747,Polymorphism,http://www.uniprot.org/keywords/KW-0621
https://pharos.nih.gov/idg/targets/O95747,O95747,"Reference proteome",http://www.uniprot.org/keywords/KW-1185
https://pharos.nih.gov/idg/targets/O95747,O95747,Cytoplasm,http://www.uniprot.org/keywords/KW-0963
https://pharos.nih.gov/idg/targets/O95747,O95747,Phosphoprotein,http://www.uniprot.org/keywords/KW-0597
https://pharos.nih.gov/idg/targets/O95747,O95747,Acetylation,http://www.uniprot.org/keywords/KW-0007
https://pharos.nih.gov/idg/targets/O95747,O95747,3D-structure,http://www.uniprot.org/keywords/KW-0002
https://pharos.nih.gov/idg/targets/O95747,O95747,Transferase,http://www.uniprot.org/keywords/KW-0808
https://pharos.nih.gov/idg/targets/O95747,O95747,ATP-binding,http://www.uniprot.org/keywords/KW-0067
https://pharos.nih.gov/idg/targets/O95747,O95747,Nucleotide-binding,http://www.uniprot.org/keywords/KW-0547
https://pharos.nih.gov/idg/targets/O95747,O95747,Magnesium,http://www.uniprot.org/keywords/KW-0460
https://pharos.nih.gov/idg/targets/O95747,O95747,Kinase,http://www.uniprot.org/keywords/KW-0418
https://pharos.nih.gov/idg/targets/O95747,O95747,"Serine-threonine-protein kinase",http://www.uniprot.org/keywords/KW-0723
https://pharos.nih.gov/idg/targets/Q9Y4K4,Q9Y4K4,"Complete proteome",http://www.uniprot.org/keywords/KW-0181
https://pharos.nih.gov/idg/targets/Q9Y4K4,Q9Y4K4,Polymorphism,http://www.uniprot.org/keywords/KW-0621
https://pharos.nih.gov/idg/targets/Q9Y4K4,Q9Y4K4,"Reference proteome",http://www.uniprot.org/keywords/KW-1185
https://pharos.nih.gov/idg/targets/Q9Y4K4,Q9Y4K4,Cytoplasm,http://www.uniprot.org/keywords/KW-0963
https://pharos.nih.gov/idg/targets/Q9Y4K4,Q9Y4K4,Phosphoprotein,http://www.uniprot.org/keywords/KW-0597
https://pharos.nih.gov/idg/targets/Q9Y4K4,Q9Y4K4,Transferase,http://www.uniprot.org/keywords/KW-0808
https://pharos.nih.gov/idg/targets/Q9Y4K4,Q9Y4K4,ATP-binding,http://www.uniprot.org/keywords/KW-0067
https://pharos.nih.gov/idg/targets/Q9Y4K4,Q9Y4K4,Nucleotide-binding,http://www.uniprot.org/keywords/KW-0547
https://pharos.nih.gov/idg/targets/Q9Y4K4,Q9Y4K4,Kinase,http://www.uniprot.org/keywords/KW-0418
https://pharos.nih.gov/idg/targets/Q9Y4K4,Q9Y4K4,"Serine-threonine-protein kinase",http://www.uniprot.org/keywords/KW-0723
https://pharos.nih.gov/idg/targets/Q02750,Q02750,"Complete proteome",http://www.uniprot.org/keywords/KW-0181
https://pharos.nih.gov/idg/targets/Q02750,Q02750,Nucleus,http://www.uniprot.org/keywords/KW-0539
https://pharos.nih.gov/idg/targets/Q02750,Q02750,"Reference proteome",http://www.uniprot.org/keywords/KW-1185
https://pharos.nih.gov/idg/targets/Q02750,Q02750,"Alternative splicing",http://www.uniprot.org/keywords/KW-0025
https://pharos.nih.gov/idg/targets/Q02750,Q02750,Cytoplasm,http://www.uniprot.org/keywords/KW-0963
https://pharos.nih.gov/idg/targets/Q02750,Q02750,Cytoskeleton,http://www.uniprot.org/keywords/KW-0206
https://pharos.nih.gov/idg/targets/Q02750,Q02750,"Disease mutation",http://www.uniprot.org/keywords/KW-0225
https://pharos.nih.gov/idg/targets/Q02750,Q02750,"Mental retardation",http://www.uniprot.org/keywords/KW-0991
https://pharos.nih.gov/idg/targets/Q02750,Q02750,Phosphoprotein,http://www.uniprot.org/keywords/KW-0597
https://pharos.nih.gov/idg/targets/Q02750,Q02750,Membrane,http://www.uniprot.org/keywords/KW-0472
https://pharos.nih.gov/idg/targets/Q02750,Q02750,Acetylation,http://www.uniprot.org/keywords/KW-0007
https://pharos.nih.gov/idg/targets/Q02750,Q02750,3D-structure,http://www.uniprot.org/keywords/KW-0002
https://pharos.nih.gov/idg/targets/Q02750,Q02750,Transferase,http://www.uniprot.org/keywords/KW-0808
https://pharos.nih.gov/idg/targets/Q02750,Q02750,ATP-binding,http://www.uniprot.org/keywords/KW-0067
https://pharos.nih.gov/idg/targets/Q02750,Q02750,Nucleotide-binding,http://www.uniprot.org/keywords/KW-0547
https://pharos.nih.gov/idg/targets/Q02750,Q02750,"Direct protein sequencing",http://www.uniprot.org/keywords/KW-0903
https://pharos.nih.gov/idg/targets/Q02750,Q02750,Kinase,http://www.uniprot.org/keywords/KW-0418
https://pharos.nih.gov/idg/targets/Q02750,Q02750,"Tyrosine-protein kinase",http://www.uniprot.org/keywords/KW-0829
https://pharos.nih.gov/idg/targets/Q02750,Q02750,"Serine-threonine-protein kinase",http://www.uniprot.org/keywords/KW-0723
https://pharos.nih.gov/idg/targets/Q02750,Q02750,Cardiomyopathy,http://www.uniprot.org/keywords/KW-0122
https://pharos.nih.gov/idg/targets/Q02750,Q02750,"Ectodermal dysplasia",http://www.uniprot.org/keywords/KW-0038
https://pharos.nih.gov/idg/targets/Q12851,Q12851,"Complete proteome",http://www.uniprot.org/keywords/KW-0181
https://pharos.nih.gov/idg/targets/Q12851,Q12851,"Reference proteome",http://www.uniprot.org/keywords/KW-1185
https://pharos.nih.gov/idg/targets/Q12851,Q12851,"Alternative splicing",http://www.uniprot.org/keywords/KW-0025
https://pharos.nih.gov/idg/targets/Q12851,Q12851,Cytoplasm,http://www.uniprot.org/keywords/KW-0963
https://pharos.nih.gov/idg/targets/Q12851,Q12851,Phosphoprotein,http://www.uniprot.org/keywords/KW-0597
https://pharos.nih.gov/idg/targets/Q12851,Q12851,"Ubl conjugation",http://www.uniprot.org/keywords/KW-0832
https://pharos.nih.gov/idg/targets/Q12851,Q12851,"Cell membrane",http://www.uniprot.org/keywords/KW-1003
https://pharos.nih.gov/idg/targets/Q12851,Q12851,Membrane,http://www.uniprot.org/keywords/KW-0472
https://pharos.nih.gov/idg/targets/Q12851,Q12851,"Golgi apparatus",http://www.uniprot.org/keywords/KW-0333
https://pharos.nih.gov/idg/targets/Q12851,Q12851,"Stress response",http://www.uniprot.org/keywords/KW-0346
https://pharos.nih.gov/idg/targets/Q12851,Q12851,Transferase,http://www.uniprot.org/keywords/KW-0808
https://pharos.nih.gov/idg/targets/Q12851,Q12851,ATP-binding,http://www.uniprot.org/keywords/KW-0067
https://pharos.nih.gov/idg/targets/Q12851,Q12851,Nucleotide-binding,http://www.uniprot.org/keywords/KW-0547
https://pharos.nih.gov/idg/targets/Q12851,Q12851,Immunity,http://www.uniprot.org/keywords/KW-0391
https://pharos.nih.gov/idg/targets/Q12851,Q12851,Kinase,http://www.uniprot.org/keywords/KW-0418
https://pharos.nih.gov/idg/targets/Q12851,Q12851,"Serine-threonine-protein kinase",http://www.uniprot.org/keywords/KW-0723
https://pharos.nih.gov/idg/targets/Q12851,Q12851,"Innate immunity",http://www.uniprot.org/keywords/KW-0399
https://pharos.nih.gov/idg/targets/O95819,O95819,"Complete proteome",http://www.uniprot.org/keywords/KW-0181
https://pharos.nih.gov/idg/targets/O95819,O95819,Polymorphism,http://www.uniprot.org/keywords/KW-0621
https://pharos.nih.gov/idg/targets/O95819,O95819,"Reference proteome",http://www.uniprot.org/keywords/KW-1185
https://pharos.nih.gov/idg/targets/O95819,O95819,"Alternative splicing",http://www.uniprot.org/keywords/KW-0025
https://pharos.nih.gov/idg/targets/O95819,O95819,Cytoplasm,http://www.uniprot.org/keywords/KW-0963
https://pharos.nih.gov/idg/targets/O95819,O95819,Phosphoprotein,http://www.uniprot.org/keywords/KW-0597
https://pharos.nih.gov/idg/targets/O95819,O95819,Acetylation,http://www.uniprot.org/keywords/KW-0007
https://pharos.nih.gov/idg/targets/O95819,O95819,3D-structure,http://www.uniprot.org/keywords/KW-0002
https://pharos.nih.gov/idg/targets/O95819,O95819,Transferase,http://www.uniprot.org/keywords/KW-0808
https://pharos.nih.gov/idg/targets/O95819,O95819,ATP-binding,http://www.uniprot.org/keywords/KW-0067
https://pharos.nih.gov/idg/targets/O95819,O95819,Nucleotide-binding,http://www.uniprot.org/keywords/KW-0547
https://pharos.nih.gov/idg/targets/O95819,O95819,Kinase,http://www.uniprot.org/keywords/KW-0418
https://pharos.nih.gov/idg/targets/O95819,O95819,"Serine-threonine-protein kinase",http://www.uniprot.org/keywords/KW-0723
https://pharos.nih.gov/idg/targets/O94804,O94804,"Complete proteome",http://www.uniprot.org/keywords/KW-0181
https://pharos.nih.gov/idg/targets/O94804,O94804,Polymorphism,http://www.uniprot.org/keywords/KW-0621
https://pharos.nih.gov/idg/targets/O94804,O94804,"Reference proteome",http://www.uniprot.org/keywords/KW-1185
https://pharos.nih.gov/idg/targets/O94804,O94804,Phosphoprotein,http://www.uniprot.org/keywords/KW-0597
https://pharos.nih.gov/idg/targets/O94804,O94804,"Cell membrane",http://www.uniprot.org/keywords/KW-1003
https://pharos.nih.gov/idg/targets/O94804,O94804,Membrane,http://www.uniprot.org/keywords/KW-0472
https://pharos.nih.gov/idg/targets/O94804,O94804,3D-structure,http://www.uniprot.org/keywords/KW-0002
https://pharos.nih.gov/idg/targets/O94804,O94804,"Cell cycle",http://www.uniprot.org/keywords/KW-0131
https://pharos.nih.gov/idg/targets/O94804,O94804,Transferase,http://www.uniprot.org/keywords/KW-0808
https://pharos.nih.gov/idg/targets/O94804,O94804,ATP-binding,http://www.uniprot.org/keywords/KW-0067
https://pharos.nih.gov/idg/targets/O94804,O94804,"Coiled coil",http://www.uniprot.org/keywords/KW-0175
https://pharos.nih.gov/idg/targets/O94804,O94804,Nucleotide-binding,http://www.uniprot.org/keywords/KW-0547
https://pharos.nih.gov/idg/targets/O94804,O94804,Kinase,http://www.uniprot.org/keywords/KW-0418
https://pharos.nih.gov/idg/targets/O94804,O94804,"Serine-threonine-protein kinase",http://www.uniprot.org/keywords/KW-0723
https://pharos.nih.gov/idg/targets/Q6ZN16,Q6ZN16,"Complete proteome",http://www.uniprot.org/keywords/KW-0181
https://pharos.nih.gov/idg/targets/Q6ZN16,Q6ZN16,Metal-binding,http://www.uniprot.org/keywords/KW-0479
https://pharos.nih.gov/idg/targets/Q6ZN16,Q6ZN16,Polymorphism,http://www.uniprot.org/keywords/KW-0621
https://pharos.nih.gov/idg/targets/Q6ZN16,Q6ZN16,"Reference proteome",http://www.uniprot.org/keywords/KW-1185
https://pharos.nih.gov/idg/targets/Q6ZN16,Q6ZN16,"Alternative splicing",http://www.uniprot.org/keywords/KW-0025
https://pharos.nih.gov/idg/targets/Q6ZN16,Q6ZN16,Phosphoprotein,http://www.uniprot.org/keywords/KW-0597
https://pharos.nih.gov/idg/targets/Q6ZN16,Q6ZN16,Transferase,http://www.uniprot.org/keywords/KW-0808
https://pharos.nih.gov/idg/targets/Q6ZN16,Q6ZN16,ATP-binding,http://www.uniprot.org/keywords/KW-0067
https://pharos.nih.gov/idg/targets/Q6ZN16,Q6ZN16,"Coiled coil",http://www.uniprot.org/keywords/KW-0175
https://pharos.nih.gov/idg/targets/Q6ZN16,Q6ZN16,Nucleotide-binding,http://www.uniprot.org/keywords/KW-0547
https://pharos.nih.gov/idg/targets/Q6ZN16,Q6ZN16,Magnesium,http://www.uniprot.org/keywords/KW-0460
https://pharos.nih.gov/idg/targets/Q6ZN16,Q6ZN16,Kinase,http://www.uniprot.org/keywords/KW-0418
https://pharos.nih.gov/idg/targets/Q6ZN16,Q6ZN16,"Serine-threonine-protein kinase",http://www.uniprot.org/keywords/KW-0723
https://pharos.nih.gov/idg/targets/Q8N4C8,Q8N4C8,"Complete proteome",http://www.uniprot.org/keywords/KW-0181
https://pharos.nih.gov/idg/targets/Q8N4C8,Q8N4C8,Polymorphism,http://www.uniprot.org/keywords/KW-0621
https://pharos.nih.gov/idg/targets/Q8N4C8,Q8N4C8,"Reference proteome",http://www.uniprot.org/keywords/KW-1185
https://pharos.nih.gov/idg/targets/Q8N4C8,Q8N4C8,"Alternative splicing",http://www.uniprot.org/keywords/KW-0025
https://pharos.nih.gov/idg/targets/Q8N4C8,Q8N4C8,"Cell projection",http://www.uniprot.org/keywords/KW-0966
https://pharos.nih.gov/idg/targets/Q8N4C8,Q8N4C8,Cytoplasm,http://www.uniprot.org/keywords/KW-0963
https://pharos.nih.gov/idg/targets/Q8N4C8,Q8N4C8,Phosphoprotein,http://www.uniprot.org/keywords/KW-0597
https://pharos.nih.gov/idg/targets/Q8N4C8,Q8N4C8,"Cell membrane",http://www.uniprot.org/keywords/KW-1003
https://pharos.nih.gov/idg/targets/Q8N4C8,Q8N4C8,Membrane,http://www.uniprot.org/keywords/KW-0472
https://pharos.nih.gov/idg/targets/Q8N4C8,Q8N4C8,"Golgi apparatus",http://www.uniprot.org/keywords/KW-0333
https://pharos.nih.gov/idg/targets/Q8N4C8,Q8N4C8,Transferase,http://www.uniprot.org/keywords/KW-0808
https://pharos.nih.gov/idg/targets/Q8N4C8,Q8N4C8,ATP-binding,http://www.uniprot.org/keywords/KW-0067
https://pharos.nih.gov/idg/targets/Q8N4C8,Q8N4C8,Methylation,http://www.uniprot.org/keywords/KW-0488
https://pharos.nih.gov/idg/targets/Q8N4C8,Q8N4C8,Nucleotide-binding,http://www.uniprot.org/keywords/KW-0547
https://pharos.nih.gov/idg/targets/Q8N4C8,Q8N4C8,"Cell junction",http://www.uniprot.org/keywords/KW-0965
https://pharos.nih.gov/idg/targets/Q8N4C8,Q8N4C8,Kinase,http://www.uniprot.org/keywords/KW-0418
https://pharos.nih.gov/idg/targets/Q8N4C8,Q8N4C8,"Postsynaptic cell membrane",http://www.uniprot.org/keywords/KW-0628
https://pharos.nih.gov/idg/targets/Q8N4C8,Q8N4C8,Synapse,http://www.uniprot.org/keywords/KW-0770
https://pharos.nih.gov/idg/targets/Q8N4C8,Q8N4C8,"Serine-threonine-protein kinase",http://www.uniprot.org/keywords/KW-0723
https://pharos.nih.gov/idg/targets/Q8NEV4,Q8NEV4,"Complete proteome",http://www.uniprot.org/keywords/KW-0181
https://pharos.nih.gov/idg/targets/Q8NEV4,Q8NEV4,Polymorphism,http://www.uniprot.org/keywords/KW-0621
https://pharos.nih.gov/idg/targets/Q8NEV4,Q8NEV4,"Reference proteome",http://www.uniprot.org/keywords/KW-1185
https://pharos.nih.gov/idg/targets/Q8NEV4,Q8NEV4,Repeat,http://www.uniprot.org/keywords/KW-0677
https://pharos.nih.gov/idg/targets/Q8NEV4,Q8NEV4,"Alternative splicing",http://www.uniprot.org/keywords/KW-0025
https://pharos.nih.gov/idg/targets/Q8NEV4,Q8NEV4,"Cell projection",http://www.uniprot.org/keywords/KW-0966
https://pharos.nih.gov/idg/targets/Q8NEV4,Q8NEV4,Cytoplasm,http://www.uniprot.org/keywords/KW-0963
https://pharos.nih.gov/idg/targets/Q8NEV4,Q8NEV4,Cytoskeleton,http://www.uniprot.org/keywords/KW-0206
https://pharos.nih.gov/idg/targets/Q8NEV4,Q8NEV4,Transferase,http://www.uniprot.org/keywords/KW-0808
https://pharos.nih.gov/idg/targets/Q8NEV4,Q8NEV4,ATP-binding,http://www.uniprot.org/keywords/KW-0067
https://pharos.nih.gov/idg/targets/Q8NEV4,Q8NEV4,Nucleotide-binding,http://www.uniprot.org/keywords/KW-0547
https://pharos.nih.gov/idg/targets/Q8NEV4,Q8NEV4,Kinase,http://www.uniprot.org/keywords/KW-0418
https://pharos.nih.gov/idg/targets/Q8NEV4,Q8NEV4,"Serine-threonine-protein kinase",http://www.uniprot.org/keywords/KW-0723
https://pharos.nih.gov/idg/targets/Q8NEV4,Q8NEV4,Actin-binding,http://www.uniprot.org/keywords/KW-0009
https://pharos.nih.gov/idg/targets/Q8NEV4,Q8NEV4,"Motor protein",http://www.uniprot.org/keywords/KW-0505
https://pharos.nih.gov/idg/targets/Q8NEV4,Q8NEV4,Myosin,http://www.uniprot.org/keywords/KW-0518
https://pharos.nih.gov/idg/targets/Q8NEV4,Q8NEV4,"Sensory transduction",http://www.uniprot.org/keywords/KW-0716
https://pharos.nih.gov/idg/targets/Q8NEV4,Q8NEV4,Deafness,http://www.uniprot.org/keywords/KW-0209
https://pharos.nih.gov/idg/targets/Q8NEV4,Q8NEV4,Vision,http://www.uniprot.org/keywords/KW-0844
https://pharos.nih.gov/idg/targets/Q8NEV4,Q8NEV4,Hearing,http://www.uniprot.org/keywords/KW-1009
https://pharos.nih.gov/idg/targets/Q8NEV4,Q8NEV4,"Non-syndromic deafness",http://www.uniprot.org/keywords/KW-1010
https://pharos.nih.gov/idg/targets/P45985,P45985,"Complete proteome",http://www.uniprot.org/keywords/KW-0181
https://pharos.nih.gov/idg/targets/P45985,P45985,Nucleus,http://www.uniprot.org/keywords/KW-0539
https://pharos.nih.gov/idg/targets/P45985,P45985,Polymorphism,http://www.uniprot.org/keywords/KW-0621
https://pharos.nih.gov/idg/targets/P45985,P45985,"Reference proteome",http://www.uniprot.org/keywords/KW-1185
https://pharos.nih.gov/idg/targets/P45985,P45985,"Alternative splicing",http://www.uniprot.org/keywords/KW-0025
https://pharos.nih.gov/idg/targets/P45985,P45985,Cytoplasm,http://www.uniprot.org/keywords/KW-0963
https://pharos.nih.gov/idg/targets/P45985,P45985,Phosphoprotein,http://www.uniprot.org/keywords/KW-0597
https://pharos.nih.gov/idg/targets/P45985,P45985,Acetylation,http://www.uniprot.org/keywords/KW-0007
https://pharos.nih.gov/idg/targets/P45985,P45985,3D-structure,http://www.uniprot.org/keywords/KW-0002
https://pharos.nih.gov/idg/targets/P45985,P45985,"Stress response",http://www.uniprot.org/keywords/KW-0346
https://pharos.nih.gov/idg/targets/P45985,P45985,Transferase,http://www.uniprot.org/keywords/KW-0808
https://pharos.nih.gov/idg/targets/P45985,P45985,ATP-binding,http://www.uniprot.org/keywords/KW-0067
https://pharos.nih.gov/idg/targets/P45985,P45985,Methylation,http://www.uniprot.org/keywords/KW-0488
https://pharos.nih.gov/idg/targets/P45985,P45985,Nucleotide-binding,http://www.uniprot.org/keywords/KW-0547
https://pharos.nih.gov/idg/targets/P45985,P45985,Apoptosis,http://www.uniprot.org/keywords/KW-0053
https://pharos.nih.gov/idg/targets/P45985,P45985,Kinase,http://www.uniprot.org/keywords/KW-0418
https://pharos.nih.gov/idg/targets/P45985,P45985,"Tyrosine-protein kinase",http://www.uniprot.org/keywords/KW-0829
https://pharos.nih.gov/idg/targets/P45985,P45985,"Serine-threonine-protein kinase",http://www.uniprot.org/keywords/KW-0723
https://pharos.nih.gov/idg/targets/Q56UN5,Q56UN5,"Complete proteome",http://www.uniprot.org/keywords/KW-0181
https://pharos.nih.gov/idg/targets/Q56UN5,Q56UN5,Polymorphism,http://www.uniprot.org/keywords/KW-0621
https://pharos.nih.gov/idg/targets/Q56UN5,Q56UN5,"Reference proteome",http://www.uniprot.org/keywords/KW-1185
https://pharos.nih.gov/idg/targets/Q56UN5,Q56UN5,"Alternative splicing",http://www.uniprot.org/keywords/KW-0025
https://pharos.nih.gov/idg/targets/Q56UN5,Q56UN5,Transferase,http://www.uniprot.org/keywords/KW-0808
https://pharos.nih.gov/idg/targets/Q56UN5,Q56UN5,ATP-binding,http://www.uniprot.org/keywords/KW-0067
https://pharos.nih.gov/idg/targets/Q56UN5,Q56UN5,Nucleotide-binding,http://www.uniprot.org/keywords/KW-0547
https://pharos.nih.gov/idg/targets/Q56UN5,Q56UN5,Kinase,http://www.uniprot.org/keywords/KW-0418
https://pharos.nih.gov/idg/targets/Q56UN5,Q56UN5,"Serine-threonine-protein kinase",http://www.uniprot.org/keywords/KW-0723
https://pharos.nih.gov/idg/targets/P46734,P46734,"Complete proteome",http://www.uniprot.org/keywords/KW-0181
https://pharos.nih.gov/idg/targets/P46734,P46734,Polymorphism,http://www.uniprot.org/keywords/KW-0621
https://pharos.nih.gov/idg/targets/P46734,P46734,"Reference proteome",http://www.uniprot.org/keywords/KW-1185
https://pharos.nih.gov/idg/targets/P46734,P46734,"Alternative splicing",http://www.uniprot.org/keywords/KW-0025
https://pharos.nih.gov/idg/targets/P46734,P46734,"Disease mutation",http://www.uniprot.org/keywords/KW-0225
https://pharos.nih.gov/idg/targets/P46734,P46734,Phosphoprotein,http://www.uniprot.org/keywords/KW-0597
https://pharos.nih.gov/idg/targets/P46734,P46734,Acetylation,http://www.uniprot.org/keywords/KW-0007
https://pharos.nih.gov/idg/targets/P46734,P46734,Transferase,http://www.uniprot.org/keywords/KW-0808
https://pharos.nih.gov/idg/targets/P46734,P46734,ATP-binding,http://www.uniprot.org/keywords/KW-0067
https://pharos.nih.gov/idg/targets/P46734,P46734,Nucleotide-binding,http://www.uniprot.org/keywords/KW-0547
https://pharos.nih.gov/idg/targets/P46734,P46734,Kinase,http://www.uniprot.org/keywords/KW-0418
https://pharos.nih.gov/idg/targets/P46734,P46734,"Tyrosine-protein kinase",http://www.uniprot.org/keywords/KW-0829
https://pharos.nih.gov/idg/targets/P46734,P46734,"Serine-threonine-protein kinase",http://www.uniprot.org/keywords/KW-0723
https://pharos.nih.gov/idg/targets/Q9H2G2,Q9H2G2,"Complete proteome",http://www.uniprot.org/keywords/KW-0181
https://pharos.nih.gov/idg/targets/Q9H2G2,Q9H2G2,Polymorphism,http://www.uniprot.org/keywords/KW-0621
https://pharos.nih.gov/idg/targets/Q9H2G2,Q9H2G2,"Reference proteome",http://www.uniprot.org/keywords/KW-1185
https://pharos.nih.gov/idg/targets/Q9H2G2,Q9H2G2,"Alternative splicing",http://www.uniprot.org/keywords/KW-0025
https://pharos.nih.gov/idg/targets/Q9H2G2,Q9H2G2,Cytoplasm,http://www.uniprot.org/keywords/KW-0963
https://pharos.nih.gov/idg/targets/Q9H2G2,Q9H2G2,Phosphoprotein,http://www.uniprot.org/keywords/KW-0597
https://pharos.nih.gov/idg/targets/Q9H2G2,Q9H2G2,3D-structure,http://www.uniprot.org/keywords/KW-0002
https://pharos.nih.gov/idg/targets/Q9H2G2,Q9H2G2,Transferase,http://www.uniprot.org/keywords/KW-0808
https://pharos.nih.gov/idg/targets/Q9H2G2,Q9H2G2,ATP-binding,http://www.uniprot.org/keywords/KW-0067
https://pharos.nih.gov/idg/targets/Q9H2G2,Q9H2G2,"Coiled coil",http://www.uniprot.org/keywords/KW-0175
https://pharos.nih.gov/idg/targets/Q9H2G2,Q9H2G2,Nucleotide-binding,http://www.uniprot.org/keywords/KW-0547
https://pharos.nih.gov/idg/targets/Q9H2G2,Q9H2G2,Apoptosis,http://www.uniprot.org/keywords/KW-0053
https://pharos.nih.gov/idg/targets/Q9H2G2,Q9H2G2,Kinase,http://www.uniprot.org/keywords/KW-0418
https://pharos.nih.gov/idg/targets/Q9H2G2,Q9H2G2,"Serine-threonine-protein kinase",http://www.uniprot.org/keywords/KW-0723
https://pharos.nih.gov/idg/targets/Q9H2K8,Q9H2K8,"Complete proteome",http://www.uniprot.org/keywords/KW-0181
https://pharos.nih.gov/idg/targets/Q9H2K8,Q9H2K8,Polymorphism,http://www.uniprot.org/keywords/KW-0621
https://pharos.nih.gov/idg/targets/Q9H2K8,Q9H2K8,"Reference proteome",http://www.uniprot.org/keywords/KW-1185
https://pharos.nih.gov/idg/targets/Q9H2K8,Q9H2K8,Cytoplasm,http://www.uniprot.org/keywords/KW-0963
https://pharos.nih.gov/idg/targets/Q9H2K8,Q9H2K8,Phosphoprotein,http://www.uniprot.org/keywords/KW-0597
https://pharos.nih.gov/idg/targets/Q9H2K8,Q9H2K8,"Cell membrane",http://www.uniprot.org/keywords/KW-1003
https://pharos.nih.gov/idg/targets/Q9H2K8,Q9H2K8,Membrane,http://www.uniprot.org/keywords/KW-0472
https://pharos.nih.gov/idg/targets/Q9H2K8,Q9H2K8,Acetylation,http://www.uniprot.org/keywords/KW-0007
https://pharos.nih.gov/idg/targets/Q9H2K8,Q9H2K8,Transferase,http://www.uniprot.org/keywords/KW-0808
https://pharos.nih.gov/idg/targets/Q9H2K8,Q9H2K8,ATP-binding,http://www.uniprot.org/keywords/KW-0067
https://pharos.nih.gov/idg/targets/Q9H2K8,Q9H2K8,"Coiled coil",http://www.uniprot.org/keywords/KW-0175
https://pharos.nih.gov/idg/targets/Q9H2K8,Q9H2K8,Nucleotide-binding,http://www.uniprot.org/keywords/KW-0547
https://pharos.nih.gov/idg/targets/Q9H2K8,Q9H2K8,Kinase,http://www.uniprot.org/keywords/KW-0418
https://pharos.nih.gov/idg/targets/Q9H2K8,Q9H2K8,"Serine-threonine-protein kinase",http://www.uniprot.org/keywords/KW-0723
https://pharos.nih.gov/idg/targets/Q9H2K8,Q9H2K8,"DNA damage",http://www.uniprot.org/keywords/KW-0227
https://pharos.nih.gov/idg/targets/Q9H2K8,Q9H2K8,"DNA repair",http://www.uniprot.org/keywords/KW-0234
https://pharos.nih.gov/idg/targets/Q92918,Q92918,"Complete proteome",http://www.uniprot.org/keywords/KW-0181
https://pharos.nih.gov/idg/targets/Q92918,Q92918,Polymorphism,http://www.uniprot.org/keywords/KW-0621
https://pharos.nih.gov/idg/targets/Q92918,Q92918,"Reference proteome",http://www.uniprot.org/keywords/KW-1185
https://pharos.nih.gov/idg/targets/Q92918,Q92918,"Alternative splicing",http://www.uniprot.org/keywords/KW-0025
https://pharos.nih.gov/idg/targets/Q92918,Q92918,Phosphoprotein,http://www.uniprot.org/keywords/KW-0597
https://pharos.nih.gov/idg/targets/Q92918,Q92918,"Ubl conjugation",http://www.uniprot.org/keywords/KW-0832
https://pharos.nih.gov/idg/targets/Q92918,Q92918,Transferase,http://www.uniprot.org/keywords/KW-0808
https://pharos.nih.gov/idg/targets/Q92918,Q92918,ATP-binding,http://www.uniprot.org/keywords/KW-0067
https://pharos.nih.gov/idg/targets/Q92918,Q92918,Nucleotide-binding,http://www.uniprot.org/keywords/KW-0547
https://pharos.nih.gov/idg/targets/Q92918,Q92918,Kinase,http://www.uniprot.org/keywords/KW-0418
https://pharos.nih.gov/idg/targets/Q92918,Q92918,"Serine-threonine-protein kinase",http://www.uniprot.org/keywords/KW-0723
https://pharos.nih.gov/idg/targets/O14733,O14733,"Complete proteome",http://www.uniprot.org/keywords/KW-0181
https://pharos.nih.gov/idg/targets/O14733,O14733,Metal-binding,http://www.uniprot.org/keywords/KW-0479
https://pharos.nih.gov/idg/targets/O14733,O14733,Nucleus,http://www.uniprot.org/keywords/KW-0539
https://pharos.nih.gov/idg/targets/O14733,O14733,Polymorphism,http://www.uniprot.org/keywords/KW-0621
https://pharos.nih.gov/idg/targets/O14733,O14733,"Reference proteome",http://www.uniprot.org/keywords/KW-1185
https://pharos.nih.gov/idg/targets/O14733,O14733,"Alternative splicing",http://www.uniprot.org/keywords/KW-0025
https://pharos.nih.gov/idg/targets/O14733,O14733,Cytoplasm,http://www.uniprot.org/keywords/KW-0963
https://pharos.nih.gov/idg/targets/O14733,O14733,Phosphoprotein,http://www.uniprot.org/keywords/KW-0597
https://pharos.nih.gov/idg/targets/O14733,O14733,Acetylation,http://www.uniprot.org/keywords/KW-0007
https://pharos.nih.gov/idg/targets/O14733,O14733,3D-structure,http://www.uniprot.org/keywords/KW-0002
https://pharos.nih.gov/idg/targets/O14733,O14733,"Stress response",http://www.uniprot.org/keywords/KW-0346
https://pharos.nih.gov/idg/targets/O14733,O14733,Transferase,http://www.uniprot.org/keywords/KW-0808
https://pharos.nih.gov/idg/targets/O14733,O14733,ATP-binding,http://www.uniprot.org/keywords/KW-0067
https://pharos.nih.gov/idg/targets/O14733,O14733,"Coiled coil",http://www.uniprot.org/keywords/KW-0175
https://pharos.nih.gov/idg/targets/O14733,O14733,Nucleotide-binding,http://www.uniprot.org/keywords/KW-0547
https://pharos.nih.gov/idg/targets/O14733,O14733,Magnesium,http://www.uniprot.org/keywords/KW-0460
https://pharos.nih.gov/idg/targets/O14733,O14733,Apoptosis,http://www.uniprot.org/keywords/KW-0053
https://pharos.nih.gov/idg/targets/O14733,O14733,Kinase,http://www.uniprot.org/keywords/KW-0418
https://pharos.nih.gov/idg/targets/O14733,O14733,"Tyrosine-protein kinase",http://www.uniprot.org/keywords/KW-0829
https://pharos.nih.gov/idg/targets/O14733,O14733,"Serine-threonine-protein kinase",http://www.uniprot.org/keywords/KW-0723
https://pharos.nih.gov/idg/targets/Q13233,Q13233,"Complete proteome",http://www.uniprot.org/keywords/KW-0181
https://pharos.nih.gov/idg/targets/Q13233,Q13233,Metal-binding,http://www.uniprot.org/keywords/KW-0479
https://pharos.nih.gov/idg/targets/Q13233,Q13233,Polymorphism,http://www.uniprot.org/keywords/KW-0621
https://pharos.nih.gov/idg/targets/Q13233,Q13233,"Reference proteome",http://www.uniprot.org/keywords/KW-1185
https://pharos.nih.gov/idg/targets/Q13233,Q13233,Zinc,http://www.uniprot.org/keywords/KW-0862
https://pharos.nih.gov/idg/targets/Q13233,Q13233,Zinc-finger,http://www.uniprot.org/keywords/KW-0863
https://pharos.nih.gov/idg/targets/Q13233,Q13233,Phosphoprotein,http://www.uniprot.org/keywords/KW-0597
https://pharos.nih.gov/idg/targets/Q13233,Q13233,Acetylation,http://www.uniprot.org/keywords/KW-0007
https://pharos.nih.gov/idg/targets/Q13233,Q13233,Transferase,http://www.uniprot.org/keywords/KW-0808
https://pharos.nih.gov/idg/targets/Q13233,Q13233,ATP-binding,http://www.uniprot.org/keywords/KW-0067
https://pharos.nih.gov/idg/targets/Q13233,Q13233,Nucleotide-binding,http://www.uniprot.org/keywords/KW-0547
https://pharos.nih.gov/idg/targets/Q13233,Q13233,Magnesium,http://www.uniprot.org/keywords/KW-0460
https://pharos.nih.gov/idg/targets/Q13233,Q13233,Kinase,http://www.uniprot.org/keywords/KW-0418
https://pharos.nih.gov/idg/targets/Q13233,Q13233,"Serine-threonine-protein kinase",http://www.uniprot.org/keywords/KW-0723
https://pharos.nih.gov/idg/targets/Q9P289,Q9P289,"Complete proteome",http://www.uniprot.org/keywords/KW-0181
https://pharos.nih.gov/idg/targets/Q9P289,Q9P289,Metal-binding,http://www.uniprot.org/keywords/KW-0479
https://pharos.nih.gov/idg/targets/Q9P289,Q9P289,Polymorphism,http://www.uniprot.org/keywords/KW-0621
https://pharos.nih.gov/idg/targets/Q9P289,Q9P289,"Reference proteome",http://www.uniprot.org/keywords/KW-1185
https://pharos.nih.gov/idg/targets/Q9P289,Q9P289,"Alternative splicing",http://www.uniprot.org/keywords/KW-0025
https://pharos.nih.gov/idg/targets/Q9P289,Q9P289,Cytoplasm,http://www.uniprot.org/keywords/KW-0963
https://pharos.nih.gov/idg/targets/Q9P289,Q9P289,Phosphoprotein,http://www.uniprot.org/keywords/KW-0597
https://pharos.nih.gov/idg/targets/Q9P289,Q9P289,Acetylation,http://www.uniprot.org/keywords/KW-0007
https://pharos.nih.gov/idg/targets/Q9P289,Q9P289,3D-structure,http://www.uniprot.org/keywords/KW-0002
https://pharos.nih.gov/idg/targets/Q9P289,Q9P289,"Golgi apparatus",http://www.uniprot.org/keywords/KW-0333
https://pharos.nih.gov/idg/targets/Q9P289,Q9P289,Transferase,http://www.uniprot.org/keywords/KW-0808
https://pharos.nih.gov/idg/targets/Q9P289,Q9P289,ATP-binding,http://www.uniprot.org/keywords/KW-0067
https://pharos.nih.gov/idg/targets/Q9P289,Q9P289,Nucleotide-binding,http://www.uniprot.org/keywords/KW-0547
https://pharos.nih.gov/idg/targets/Q9P289,Q9P289,Magnesium,http://www.uniprot.org/keywords/KW-0460
https://pharos.nih.gov/idg/targets/Q9P289,Q9P289,Apoptosis,http://www.uniprot.org/keywords/KW-0053
https://pharos.nih.gov/idg/targets/Q9P289,Q9P289,Kinase,http://www.uniprot.org/keywords/KW-0418
https://pharos.nih.gov/idg/targets/Q9P289,Q9P289,"Serine-threonine-protein kinase",http://www.uniprot.org/keywords/KW-0723
https://pharos.nih.gov/idg/targets/Q7L7X3,Q7L7X3,"Complete proteome",http://www.uniprot.org/keywords/KW-0181
https://pharos.nih.gov/idg/targets/Q7L7X3,Q7L7X3,Polymorphism,http://www.uniprot.org/keywords/KW-0621
https://pharos.nih.gov/idg/targets/Q7L7X3,Q7L7X3,"Reference proteome",http://www.uniprot.org/keywords/KW-1185
https://pharos.nih.gov/idg/targets/Q7L7X3,Q7L7X3,"Alternative splicing",http://www.uniprot.org/keywords/KW-0025
https://pharos.nih.gov/idg/targets/Q7L7X3,Q7L7X3,Cytoplasm,http://www.uniprot.org/keywords/KW-0963
https://pharos.nih.gov/idg/targets/Q7L7X3,Q7L7X3,Phosphoprotein,http://www.uniprot.org/keywords/KW-0597
https://pharos.nih.gov/idg/targets/Q7L7X3,Q7L7X3,Transferase,http://www.uniprot.org/keywords/KW-0808
https://pharos.nih.gov/idg/targets/Q7L7X3,Q7L7X3,ATP-binding,http://www.uniprot.org/keywords/KW-0067
https://pharos.nih.gov/idg/targets/Q7L7X3,Q7L7X3,"Coiled coil",http://www.uniprot.org/keywords/KW-0175
https://pharos.nih.gov/idg/targets/Q7L7X3,Q7L7X3,Nucleotide-binding,http://www.uniprot.org/keywords/KW-0547
https://pharos.nih.gov/idg/targets/Q7L7X3,Q7L7X3,Apoptosis,http://www.uniprot.org/keywords/KW-0053
https://pharos.nih.gov/idg/targets/Q7L7X3,Q7L7X3,Kinase,http://www.uniprot.org/keywords/KW-0418
https://pharos.nih.gov/idg/targets/Q7L7X3,Q7L7X3,"Serine-threonine-protein kinase",http://www.uniprot.org/keywords/KW-0723
https://pharos.nih.gov/idg/targets/Q7L7X3,Q7L7X3,"DNA damage",http://www.uniprot.org/keywords/KW-0227
https://pharos.nih.gov/idg/targets/Q7L7X3,Q7L7X3,"DNA repair",http://www.uniprot.org/keywords/KW-0234
https://pharos.nih.gov/idg/targets/Q13043,Q13043,"Complete proteome",http://www.uniprot.org/keywords/KW-0181
https://pharos.nih.gov/idg/targets/Q13043,Q13043,Metal-binding,http://www.uniprot.org/keywords/KW-0479
https://pharos.nih.gov/idg/targets/Q13043,Q13043,Nucleus,http://www.uniprot.org/keywords/KW-0539
https://pharos.nih.gov/idg/targets/Q13043,Q13043,Polymorphism,http://www.uniprot.org/keywords/KW-0621
https://pharos.nih.gov/idg/targets/Q13043,Q13043,"Reference proteome",http://www.uniprot.org/keywords/KW-1185
https://pharos.nih.gov/idg/targets/Q13043,Q13043,"Alternative splicing",http://www.uniprot.org/keywords/KW-0025
https://pharos.nih.gov/idg/targets/Q13043,Q13043,Cytoplasm,http://www.uniprot.org/keywords/KW-0963
https://pharos.nih.gov/idg/targets/Q13043,Q13043,Phosphoprotein,http://www.uniprot.org/keywords/KW-0597
https://pharos.nih.gov/idg/targets/Q13043,Q13043,Acetylation,http://www.uniprot.org/keywords/KW-0007
https://pharos.nih.gov/idg/targets/Q13043,Q13043,3D-structure,http://www.uniprot.org/keywords/KW-0002
https://pharos.nih.gov/idg/targets/Q13043,Q13043,Transferase,http://www.uniprot.org/keywords/KW-0808
https://pharos.nih.gov/idg/targets/Q13043,Q13043,ATP-binding,http://www.uniprot.org/keywords/KW-0067
https://pharos.nih.gov/idg/targets/Q13043,Q13043,"Coiled coil",http://www.uniprot.org/keywords/KW-0175
https://pharos.nih.gov/idg/targets/Q13043,Q13043,Nucleotide-binding,http://www.uniprot.org/keywords/KW-0547
https://pharos.nih.gov/idg/targets/Q13043,Q13043,"Direct protein sequencing",http://www.uniprot.org/keywords/KW-0903
https://pharos.nih.gov/idg/targets/Q13043,Q13043,Magnesium,http://www.uniprot.org/keywords/KW-0460
https://pharos.nih.gov/idg/targets/Q13043,Q13043,Apoptosis,http://www.uniprot.org/keywords/KW-0053
https://pharos.nih.gov/idg/targets/Q13043,Q13043,Kinase,http://www.uniprot.org/keywords/KW-0418
https://pharos.nih.gov/idg/targets/Q13043,Q13043,"Serine-threonine-protein kinase",http://www.uniprot.org/keywords/KW-0723
https://pharos.nih.gov/idg/targets/Q13153,Q13153,"Complete proteome",http://www.uniprot.org/keywords/KW-0181
https://pharos.nih.gov/idg/targets/Q13153,Q13153,Polymorphism,http://www.uniprot.org/keywords/KW-0621
https://pharos.nih.gov/idg/targets/Q13153,Q13153,"Reference proteome",http://www.uniprot.org/keywords/KW-1185
https://pharos.nih.gov/idg/targets/Q13153,Q13153,"Alternative splicing",http://www.uniprot.org/keywords/KW-0025
https://pharos.nih.gov/idg/targets/Q13153,Q13153,"Cell projection",http://www.uniprot.org/keywords/KW-0966
https://pharos.nih.gov/idg/targets/Q13153,Q13153,Cytoplasm,http://www.uniprot.org/keywords/KW-0963
https://pharos.nih.gov/idg/targets/Q13153,Q13153,Phosphoprotein,http://www.uniprot.org/keywords/KW-0597
https://pharos.nih.gov/idg/targets/Q13153,Q13153,"Cell membrane",http://www.uniprot.org/keywords/KW-1003
https://pharos.nih.gov/idg/targets/Q13153,Q13153,Membrane,http://www.uniprot.org/keywords/KW-0472
https://pharos.nih.gov/idg/targets/Q13153,Q13153,Acetylation,http://www.uniprot.org/keywords/KW-0007
https://pharos.nih.gov/idg/targets/Q13153,Q13153,3D-structure,http://www.uniprot.org/keywords/KW-0002
https://pharos.nih.gov/idg/targets/Q13153,Q13153,Transferase,http://www.uniprot.org/keywords/KW-0808
https://pharos.nih.gov/idg/targets/Q13153,Q13153,ATP-binding,http://www.uniprot.org/keywords/KW-0067
https://pharos.nih.gov/idg/targets/Q13153,Q13153,Nucleotide-binding,http://www.uniprot.org/keywords/KW-0547
https://pharos.nih.gov/idg/targets/Q13153,Q13153,"Cell junction",http://www.uniprot.org/keywords/KW-0965
https://pharos.nih.gov/idg/targets/Q13153,Q13153,Apoptosis,http://www.uniprot.org/keywords/KW-0053
https://pharos.nih.gov/idg/targets/Q13153,Q13153,Kinase,http://www.uniprot.org/keywords/KW-0418
https://pharos.nih.gov/idg/targets/Q13153,Q13153,"Serine-threonine-protein kinase",http://www.uniprot.org/keywords/KW-0723
https://pharos.nih.gov/idg/targets/Q13153,Q13153,"Allosteric enzyme",http://www.uniprot.org/keywords/KW-0021
https://pharos.nih.gov/idg/targets/Q13153,Q13153,Exocytosis,http://www.uniprot.org/keywords/KW-0268
https://pharos.nih.gov/idg/targets/Q9UEW8,Q9UEW8,"Complete proteome",http://www.uniprot.org/keywords/KW-0181
https://pharos.nih.gov/idg/targets/Q9UEW8,Q9UEW8,Nucleus,http://www.uniprot.org/keywords/KW-0539
https://pharos.nih.gov/idg/targets/Q9UEW8,Q9UEW8,"Reference proteome",http://www.uniprot.org/keywords/KW-1185
https://pharos.nih.gov/idg/targets/Q9UEW8,Q9UEW8,"Alternative splicing",http://www.uniprot.org/keywords/KW-0025
https://pharos.nih.gov/idg/targets/Q9UEW8,Q9UEW8,Cytoplasm,http://www.uniprot.org/keywords/KW-0963
https://pharos.nih.gov/idg/targets/Q9UEW8,Q9UEW8,Phosphoprotein,http://www.uniprot.org/keywords/KW-0597
https://pharos.nih.gov/idg/targets/Q9UEW8,Q9UEW8,Acetylation,http://www.uniprot.org/keywords/KW-0007
https://pharos.nih.gov/idg/targets/Q9UEW8,Q9UEW8,Transferase,http://www.uniprot.org/keywords/KW-0808
https://pharos.nih.gov/idg/targets/Q9UEW8,Q9UEW8,ATP-binding,http://www.uniprot.org/keywords/KW-0067
https://pharos.nih.gov/idg/targets/Q9UEW8,Q9UEW8,Nucleotide-binding,http://www.uniprot.org/keywords/KW-0547
https://pharos.nih.gov/idg/targets/Q9UEW8,Q9UEW8,Kinase,http://www.uniprot.org/keywords/KW-0418
https://pharos.nih.gov/idg/targets/Q9UEW8,Q9UEW8,"Serine-threonine-protein kinase",http://www.uniprot.org/keywords/KW-0723
https://pharos.nih.gov/idg/targets/Q8IVH8,Q8IVH8,"Complete proteome",http://www.uniprot.org/keywords/KW-0181
https://pharos.nih.gov/idg/targets/Q8IVH8,Q8IVH8,Polymorphism,http://www.uniprot.org/keywords/KW-0621
https://pharos.nih.gov/idg/targets/Q8IVH8,Q8IVH8,"Reference proteome",http://www.uniprot.org/keywords/KW-1185
https://pharos.nih.gov/idg/targets/Q8IVH8,Q8IVH8,"Alternative splicing",http://www.uniprot.org/keywords/KW-0025
https://pharos.nih.gov/idg/targets/Q8IVH8,Q8IVH8,Phosphoprotein,http://www.uniprot.org/keywords/KW-0597
https://pharos.nih.gov/idg/targets/Q8IVH8,Q8IVH8,Acetylation,http://www.uniprot.org/keywords/KW-0007
https://pharos.nih.gov/idg/targets/Q8IVH8,Q8IVH8,3D-structure,http://www.uniprot.org/keywords/KW-0002
https://pharos.nih.gov/idg/targets/Q8IVH8,Q8IVH8,Transferase,http://www.uniprot.org/keywords/KW-0808
https://pharos.nih.gov/idg/targets/Q8IVH8,Q8IVH8,ATP-binding,http://www.uniprot.org/keywords/KW-0067
https://pharos.nih.gov/idg/targets/Q8IVH8,Q8IVH8,Nucleotide-binding,http://www.uniprot.org/keywords/KW-0547
https://pharos.nih.gov/idg/targets/Q8IVH8,Q8IVH8,Kinase,http://www.uniprot.org/keywords/KW-0418
https://pharos.nih.gov/idg/targets/Q8IVH8,Q8IVH8,"Serine-threonine-protein kinase",http://www.uniprot.org/keywords/KW-0723
https://pharos.nih.gov/idg/targets/P52564,P52564,"Complete proteome",http://www.uniprot.org/keywords/KW-0181
https://pharos.nih.gov/idg/targets/P52564,P52564,Nucleus,http://www.uniprot.org/keywords/KW-0539
https://pharos.nih.gov/idg/targets/P52564,P52564,"Reference proteome",http://www.uniprot.org/keywords/KW-1185
https://pharos.nih.gov/idg/targets/P52564,P52564,Transcription,http://www.uniprot.org/keywords/KW-0804
https://pharos.nih.gov/idg/targets/P52564,P52564,"Transcription regulation",http://www.uniprot.org/keywords/KW-0805
https://pharos.nih.gov/idg/targets/P52564,P52564,"Alternative splicing",http://www.uniprot.org/keywords/KW-0025
https://pharos.nih.gov/idg/targets/P52564,P52564,Cytoplasm,http://www.uniprot.org/keywords/KW-0963
https://pharos.nih.gov/idg/targets/P52564,P52564,Cytoskeleton,http://www.uniprot.org/keywords/KW-0206
https://pharos.nih.gov/idg/targets/P52564,P52564,Phosphoprotein,http://www.uniprot.org/keywords/KW-0597
https://pharos.nih.gov/idg/targets/P52564,P52564,Acetylation,http://www.uniprot.org/keywords/KW-0007
https://pharos.nih.gov/idg/targets/P52564,P52564,3D-structure,http://www.uniprot.org/keywords/KW-0002
https://pharos.nih.gov/idg/targets/P52564,P52564,"Stress response",http://www.uniprot.org/keywords/KW-0346
https://pharos.nih.gov/idg/targets/P52564,P52564,Transferase,http://www.uniprot.org/keywords/KW-0808
https://pharos.nih.gov/idg/targets/P52564,P52564,ATP-binding,http://www.uniprot.org/keywords/KW-0067
https://pharos.nih.gov/idg/targets/P52564,P52564,Nucleotide-binding,http://www.uniprot.org/keywords/KW-0547
https://pharos.nih.gov/idg/targets/P52564,P52564,Apoptosis,http://www.uniprot.org/keywords/KW-0053
https://pharos.nih.gov/idg/targets/P52564,P52564,Kinase,http://www.uniprot.org/keywords/KW-0418
https://pharos.nih.gov/idg/targets/P52564,P52564,"Tyrosine-protein kinase",http://www.uniprot.org/keywords/KW-0829
https://pharos.nih.gov/idg/targets/P52564,P52564,"Serine-threonine-protein kinase",http://www.uniprot.org/keywords/KW-0723
https://pharos.nih.gov/idg/targets/P41279,P41279,"Complete proteome",http://www.uniprot.org/keywords/KW-0181
https://pharos.nih.gov/idg/targets/P41279,P41279,Metal-binding,http://www.uniprot.org/keywords/KW-0479
https://pharos.nih.gov/idg/targets/P41279,P41279,Polymorphism,http://www.uniprot.org/keywords/KW-0621
https://pharos.nih.gov/idg/targets/P41279,P41279,"Reference proteome",http://www.uniprot.org/keywords/KW-1185
https://pharos.nih.gov/idg/targets/P41279,P41279,Cytoplasm,http://www.uniprot.org/keywords/KW-0963
https://pharos.nih.gov/idg/targets/P41279,P41279,Phosphoprotein,http://www.uniprot.org/keywords/KW-0597
https://pharos.nih.gov/idg/targets/P41279,P41279,3D-structure,http://www.uniprot.org/keywords/KW-0002
https://pharos.nih.gov/idg/targets/P41279,P41279,"Cell cycle",http://www.uniprot.org/keywords/KW-0131
https://pharos.nih.gov/idg/targets/P41279,P41279,Transferase,http://www.uniprot.org/keywords/KW-0808
https://pharos.nih.gov/idg/targets/P41279,P41279,ATP-binding,http://www.uniprot.org/keywords/KW-0067
https://pharos.nih.gov/idg/targets/P41279,P41279,Nucleotide-binding,http://www.uniprot.org/keywords/KW-0547
https://pharos.nih.gov/idg/targets/P41279,P41279,Magnesium,http://www.uniprot.org/keywords/KW-0460
https://pharos.nih.gov/idg/targets/P41279,P41279,Immunity,http://www.uniprot.org/keywords/KW-0391
https://pharos.nih.gov/idg/targets/P41279,P41279,Kinase,http://www.uniprot.org/keywords/KW-0418
https://pharos.nih.gov/idg/targets/P41279,P41279,Proto-oncogene,http://www.uniprot.org/keywords/KW-0656
https://pharos.nih.gov/idg/targets/P41279,P41279,"Serine-threonine-protein kinase",http://www.uniprot.org/keywords/KW-0723
https://pharos.nih.gov/idg/targets/P41279,P41279,"Alternative initiation",http://www.uniprot.org/keywords/KW-0024
https://pharos.nih.gov/idg/targets/Q99759,Q99759,"Complete proteome",http://www.uniprot.org/keywords/KW-0181
https://pharos.nih.gov/idg/targets/Q99759,Q99759,Metal-binding,http://www.uniprot.org/keywords/KW-0479
https://pharos.nih.gov/idg/targets/Q99759,Q99759,Polymorphism,http://www.uniprot.org/keywords/KW-0621
https://pharos.nih.gov/idg/targets/Q99759,Q99759,"Reference proteome",http://www.uniprot.org/keywords/KW-1185
https://pharos.nih.gov/idg/targets/Q99759,Q99759,"Alternative splicing",http://www.uniprot.org/keywords/KW-0025
https://pharos.nih.gov/idg/targets/Q99759,Q99759,Phosphoprotein,http://www.uniprot.org/keywords/KW-0597
https://pharos.nih.gov/idg/targets/Q99759,Q99759,3D-structure,http://www.uniprot.org/keywords/KW-0002
https://pharos.nih.gov/idg/targets/Q99759,Q99759,Transferase,http://www.uniprot.org/keywords/KW-0808
https://pharos.nih.gov/idg/targets/Q99759,Q99759,ATP-binding,http://www.uniprot.org/keywords/KW-0067
https://pharos.nih.gov/idg/targets/Q99759,Q99759,Nucleotide-binding,http://www.uniprot.org/keywords/KW-0547
https://pharos.nih.gov/idg/targets/Q99759,Q99759,Magnesium,http://www.uniprot.org/keywords/KW-0460
https://pharos.nih.gov/idg/targets/Q99759,Q99759,Kinase,http://www.uniprot.org/keywords/KW-0418
https://pharos.nih.gov/idg/targets/Q99759,Q99759,"Serine-threonine-protein kinase",http://www.uniprot.org/keywords/KW-0723
https://pharos.nih.gov/idg/targets/Q99683,Q99683,"Complete proteome",http://www.uniprot.org/keywords/KW-0181
https://pharos.nih.gov/idg/targets/Q99683,Q99683,Metal-binding,http://www.uniprot.org/keywords/KW-0479
https://pharos.nih.gov/idg/targets/Q99683,Q99683,Polymorphism,http://www.uniprot.org/keywords/KW-0621
https://pharos.nih.gov/idg/targets/Q99683,Q99683,"Reference proteome",http://www.uniprot.org/keywords/KW-1185
https://pharos.nih.gov/idg/targets/Q99683,Q99683,"Alternative splicing",http://www.uniprot.org/keywords/KW-0025
https://pharos.nih.gov/idg/targets/Q99683,Q99683,Cytoplasm,http://www.uniprot.org/keywords/KW-0963
https://pharos.nih.gov/idg/targets/Q99683,Q99683,Phosphoprotein,http://www.uniprot.org/keywords/KW-0597
https://pharos.nih.gov/idg/targets/Q99683,Q99683,"Ubl conjugation",http://www.uniprot.org/keywords/KW-0832
https://pharos.nih.gov/idg/targets/Q99683,Q99683,3D-structure,http://www.uniprot.org/keywords/KW-0002
https://pharos.nih.gov/idg/targets/Q99683,Q99683,"Stress response",http://www.uniprot.org/keywords/KW-0346
https://pharos.nih.gov/idg/targets/Q99683,Q99683,"Endoplasmic reticulum",http://www.uniprot.org/keywords/KW-0256
https://pharos.nih.gov/idg/targets/Q99683,Q99683,Transferase,http://www.uniprot.org/keywords/KW-0808
https://pharos.nih.gov/idg/targets/Q99683,Q99683,ATP-binding,http://www.uniprot.org/keywords/KW-0067
https://pharos.nih.gov/idg/targets/Q99683,Q99683,"Coiled coil",http://www.uniprot.org/keywords/KW-0175
https://pharos.nih.gov/idg/targets/Q99683,Q99683,Nucleotide-binding,http://www.uniprot.org/keywords/KW-0547
https://pharos.nih.gov/idg/targets/Q99683,Q99683,Magnesium,http://www.uniprot.org/keywords/KW-0460
https://pharos.nih.gov/idg/targets/Q99683,Q99683,Immunity,http://www.uniprot.org/keywords/KW-0391
https://pharos.nih.gov/idg/targets/Q99683,Q99683,Apoptosis,http://www.uniprot.org/keywords/KW-0053
https://pharos.nih.gov/idg/targets/Q99683,Q99683,Kinase,http://www.uniprot.org/keywords/KW-0418
https://pharos.nih.gov/idg/targets/Q99683,Q99683,"Serine-threonine-protein kinase",http://www.uniprot.org/keywords/KW-0723
https://pharos.nih.gov/idg/targets/Q99683,Q99683,"Host-virus interaction",http://www.uniprot.org/keywords/KW-0945
https://pharos.nih.gov/idg/targets/Q99683,Q99683,"Innate immunity",http://www.uniprot.org/keywords/KW-0399
https://pharos.nih.gov/idg/targets/P36507,P36507,"Complete proteome",http://www.uniprot.org/keywords/KW-0181
https://pharos.nih.gov/idg/targets/P36507,P36507,Metal-binding,http://www.uniprot.org/keywords/KW-0479
https://pharos.nih.gov/idg/targets/P36507,P36507,"Reference proteome",http://www.uniprot.org/keywords/KW-1185
https://pharos.nih.gov/idg/targets/P36507,P36507,Cytoplasm,http://www.uniprot.org/keywords/KW-0963
https://pharos.nih.gov/idg/targets/P36507,P36507,"Disease mutation",http://www.uniprot.org/keywords/KW-0225
https://pharos.nih.gov/idg/targets/P36507,P36507,"Mental retardation",http://www.uniprot.org/keywords/KW-0991
https://pharos.nih.gov/idg/targets/P36507,P36507,Phosphoprotein,http://www.uniprot.org/keywords/KW-0597
https://pharos.nih.gov/idg/targets/P36507,P36507,Membrane,http://www.uniprot.org/keywords/KW-0472
https://pharos.nih.gov/idg/targets/P36507,P36507,Acetylation,http://www.uniprot.org/keywords/KW-0007
https://pharos.nih.gov/idg/targets/P36507,P36507,3D-structure,http://www.uniprot.org/keywords/KW-0002
https://pharos.nih.gov/idg/targets/P36507,P36507,Transferase,http://www.uniprot.org/keywords/KW-0808
https://pharos.nih.gov/idg/targets/P36507,P36507,ATP-binding,http://www.uniprot.org/keywords/KW-0067
https://pharos.nih.gov/idg/targets/P36507,P36507,Nucleotide-binding,http://www.uniprot.org/keywords/KW-0547
https://pharos.nih.gov/idg/targets/P36507,P36507,"Direct protein sequencing",http://www.uniprot.org/keywords/KW-0903
https://pharos.nih.gov/idg/targets/P36507,P36507,Magnesium,http://www.uniprot.org/keywords/KW-0460
https://pharos.nih.gov/idg/targets/P36507,P36507,Kinase,http://www.uniprot.org/keywords/KW-0418
https://pharos.nih.gov/idg/targets/P36507,P36507,"Tyrosine-protein kinase",http://www.uniprot.org/keywords/KW-0829
https://pharos.nih.gov/idg/targets/P36507,P36507,"Serine-threonine-protein kinase",http://www.uniprot.org/keywords/KW-0723
https://pharos.nih.gov/idg/targets/P36507,P36507,Cardiomyopathy,http://www.uniprot.org/keywords/KW-0122
https://pharos.nih.gov/idg/targets/P36507,P36507,"Ectodermal dysplasia",http://www.uniprot.org/keywords/KW-0038
https://pharos.nih.gov/idg/targets/Q7RTN6,Q7RTN6,"Complete proteome",http://www.uniprot.org/keywords/KW-0181
https://pharos.nih.gov/idg/targets/Q7RTN6,Q7RTN6,Nucleus,http://www.uniprot.org/keywords/KW-0539
https://pharos.nih.gov/idg/targets/Q7RTN6,Q7RTN6,Polymorphism,http://www.uniprot.org/keywords/KW-0621
https://pharos.nih.gov/idg/targets/Q7RTN6,Q7RTN6,"Reference proteome",http://www.uniprot.org/keywords/KW-1185
https://pharos.nih.gov/idg/targets/Q7RTN6,Q7RTN6,"Alternative splicing",http://www.uniprot.org/keywords/KW-0025
https://pharos.nih.gov/idg/targets/Q7RTN6,Q7RTN6,Cytoplasm,http://www.uniprot.org/keywords/KW-0963
https://pharos.nih.gov/idg/targets/Q7RTN6,Q7RTN6,Phosphoprotein,http://www.uniprot.org/keywords/KW-0597
https://pharos.nih.gov/idg/targets/Q7RTN6,Q7RTN6,3D-structure,http://www.uniprot.org/keywords/KW-0002
https://pharos.nih.gov/idg/targets/Q7RTN6,Q7RTN6,"Cell cycle",http://www.uniprot.org/keywords/KW-0131
https://pharos.nih.gov/idg/targets/Q7RTN6,Q7RTN6,ATP-binding,http://www.uniprot.org/keywords/KW-0067
https://pharos.nih.gov/idg/targets/Q7RTN6,Q7RTN6,Nucleotide-binding,http://www.uniprot.org/keywords/KW-0547
https://pharos.nih.gov/idg/targets/Q7RTN6,Q7RTN6,"Chromosomal rearrangement",http://www.uniprot.org/keywords/KW-0160
https://pharos.nih.gov/idg/targets/O96013,O96013,"Complete proteome",http://www.uniprot.org/keywords/KW-0181
https://pharos.nih.gov/idg/targets/O96013,O96013,Polymorphism,http://www.uniprot.org/keywords/KW-0621
https://pharos.nih.gov/idg/targets/O96013,O96013,"Reference proteome",http://www.uniprot.org/keywords/KW-1185
https://pharos.nih.gov/idg/targets/O96013,O96013,"Alternative splicing",http://www.uniprot.org/keywords/KW-0025
https://pharos.nih.gov/idg/targets/O96013,O96013,Cytoplasm,http://www.uniprot.org/keywords/KW-0963
https://pharos.nih.gov/idg/targets/O96013,O96013,Phosphoprotein,http://www.uniprot.org/keywords/KW-0597
https://pharos.nih.gov/idg/targets/O96013,O96013,3D-structure,http://www.uniprot.org/keywords/KW-0002
https://pharos.nih.gov/idg/targets/O96013,O96013,"Cell cycle",http://www.uniprot.org/keywords/KW-0131
https://pharos.nih.gov/idg/targets/O96013,O96013,Transferase,http://www.uniprot.org/keywords/KW-0808
https://pharos.nih.gov/idg/targets/O96013,O96013,ATP-binding,http://www.uniprot.org/keywords/KW-0067
https://pharos.nih.gov/idg/targets/O96013,O96013,Methylation,http://www.uniprot.org/keywords/KW-0488
https://pharos.nih.gov/idg/targets/O96013,O96013,Nucleotide-binding,http://www.uniprot.org/keywords/KW-0547
https://pharos.nih.gov/idg/targets/O96013,O96013,Apoptosis,http://www.uniprot.org/keywords/KW-0053
https://pharos.nih.gov/idg/targets/O96013,O96013,Kinase,http://www.uniprot.org/keywords/KW-0418
https://pharos.nih.gov/idg/targets/O96013,O96013,"Serine-threonine-protein kinase",http://www.uniprot.org/keywords/KW-0723
https://pharos.nih.gov/idg/targets/O00506,O00506,"Complete proteome",http://www.uniprot.org/keywords/KW-0181
https://pharos.nih.gov/idg/targets/O00506,O00506,Metal-binding,http://www.uniprot.org/keywords/KW-0479
https://pharos.nih.gov/idg/targets/O00506,O00506,Polymorphism,http://www.uniprot.org/keywords/KW-0621
https://pharos.nih.gov/idg/targets/O00506,O00506,"Reference proteome",http://www.uniprot.org/keywords/KW-1185
https://pharos.nih.gov/idg/targets/O00506,O00506,"Alternative splicing",http://www.uniprot.org/keywords/KW-0025
https://pharos.nih.gov/idg/targets/O00506,O00506,Cytoplasm,http://www.uniprot.org/keywords/KW-0963
https://pharos.nih.gov/idg/targets/O00506,O00506,Phosphoprotein,http://www.uniprot.org/keywords/KW-0597
https://pharos.nih.gov/idg/targets/O00506,O00506,3D-structure,http://www.uniprot.org/keywords/KW-0002
https://pharos.nih.gov/idg/targets/O00506,O00506,"Golgi apparatus",http://www.uniprot.org/keywords/KW-0333
https://pharos.nih.gov/idg/targets/O00506,O00506,Transferase,http://www.uniprot.org/keywords/KW-0808
https://pharos.nih.gov/idg/targets/O00506,O00506,ATP-binding,http://www.uniprot.org/keywords/KW-0067
https://pharos.nih.gov/idg/targets/O00506,O00506,Nucleotide-binding,http://www.uniprot.org/keywords/KW-0547
https://pharos.nih.gov/idg/targets/O00506,O00506,Magnesium,http://www.uniprot.org/keywords/KW-0460
https://pharos.nih.gov/idg/targets/O00506,O00506,Kinase,http://www.uniprot.org/keywords/KW-0418
https://pharos.nih.gov/idg/targets/O00506,O00506,"Serine-threonine-protein kinase",http://www.uniprot.org/keywords/KW-0723
https://pharos.nih.gov/idg/targets/O95382,O95382,"Complete proteome",http://www.uniprot.org/keywords/KW-0181
https://pharos.nih.gov/idg/targets/O95382,O95382,Metal-binding,http://www.uniprot.org/keywords/KW-0479
https://pharos.nih.gov/idg/targets/O95382,O95382,Polymorphism,http://www.uniprot.org/keywords/KW-0621
https://pharos.nih.gov/idg/targets/O95382,O95382,"Reference proteome",http://www.uniprot.org/keywords/KW-1185
https://pharos.nih.gov/idg/targets/O95382,O95382,"Alternative splicing",http://www.uniprot.org/keywords/KW-0025
https://pharos.nih.gov/idg/targets/O95382,O95382,Phosphoprotein,http://www.uniprot.org/keywords/KW-0597
https://pharos.nih.gov/idg/targets/O95382,O95382,Transferase,http://www.uniprot.org/keywords/KW-0808
https://pharos.nih.gov/idg/targets/O95382,O95382,ATP-binding,http://www.uniprot.org/keywords/KW-0067
https://pharos.nih.gov/idg/targets/O95382,O95382,"Coiled coil",http://www.uniprot.org/keywords/KW-0175
https://pharos.nih.gov/idg/targets/O95382,O95382,Nucleotide-binding,http://www.uniprot.org/keywords/KW-0547
https://pharos.nih.gov/idg/targets/O95382,O95382,Magnesium,http://www.uniprot.org/keywords/KW-0460
https://pharos.nih.gov/idg/targets/O95382,O95382,Kinase,http://www.uniprot.org/keywords/KW-0418
https://pharos.nih.gov/idg/targets/O95382,O95382,"Serine-threonine-protein kinase",http://www.uniprot.org/keywords/KW-0723
https://pharos.nih.gov/idg/targets/Q13163,Q13163,"Complete proteome",http://www.uniprot.org/keywords/KW-0181
https://pharos.nih.gov/idg/targets/Q13163,Q13163,Metal-binding,http://www.uniprot.org/keywords/KW-0479
https://pharos.nih.gov/idg/targets/Q13163,Q13163,Polymorphism,http://www.uniprot.org/keywords/KW-0621
https://pharos.nih.gov/idg/targets/Q13163,Q13163,"Reference proteome",http://www.uniprot.org/keywords/KW-1185
https://pharos.nih.gov/idg/targets/Q13163,Q13163,"Alternative splicing",http://www.uniprot.org/keywords/KW-0025
https://pharos.nih.gov/idg/targets/Q13163,Q13163,Phosphoprotein,http://www.uniprot.org/keywords/KW-0597
https://pharos.nih.gov/idg/targets/Q13163,Q13163,Acetylation,http://www.uniprot.org/keywords/KW-0007
https://pharos.nih.gov/idg/targets/Q13163,Q13163,3D-structure,http://www.uniprot.org/keywords/KW-0002
https://pharos.nih.gov/idg/targets/Q13163,Q13163,Transferase,http://www.uniprot.org/keywords/KW-0808
https://pharos.nih.gov/idg/targets/Q13163,Q13163,ATP-binding,http://www.uniprot.org/keywords/KW-0067
https://pharos.nih.gov/idg/targets/Q13163,Q13163,Nucleotide-binding,http://www.uniprot.org/keywords/KW-0547
https://pharos.nih.gov/idg/targets/Q13163,Q13163,Magnesium,http://www.uniprot.org/keywords/KW-0460
https://pharos.nih.gov/idg/targets/Q13163,Q13163,Kinase,http://www.uniprot.org/keywords/KW-0418
https://pharos.nih.gov/idg/targets/Q13163,Q13163,"Tyrosine-protein kinase",http://www.uniprot.org/keywords/KW-0829
https://pharos.nih.gov/idg/targets/Q13163,Q13163,"Serine-threonine-protein kinase",http://www.uniprot.org/keywords/KW-0723
https://pharos.nih.gov/idg/targets/Q13177,Q13177,"Complete proteome",http://www.uniprot.org/keywords/KW-0181
https://pharos.nih.gov/idg/targets/Q13177,Q13177,Nucleus,http://www.uniprot.org/keywords/KW-0539
https://pharos.nih.gov/idg/targets/Q13177,Q13177,"Reference proteome",http://www.uniprot.org/keywords/KW-1185
https://pharos.nih.gov/idg/targets/Q13177,Q13177,Cytoplasm,http://www.uniprot.org/keywords/KW-0963
https://pharos.nih.gov/idg/targets/Q13177,Q13177,Phosphoprotein,http://www.uniprot.org/keywords/KW-0597
https://pharos.nih.gov/idg/targets/Q13177,Q13177,"Ubl conjugation",http://www.uniprot.org/keywords/KW-0832
https://pharos.nih.gov/idg/targets/Q13177,Q13177,Membrane,http://www.uniprot.org/keywords/KW-0472
https://pharos.nih.gov/idg/targets/Q13177,Q13177,Acetylation,http://www.uniprot.org/keywords/KW-0007
https://pharos.nih.gov/idg/targets/Q13177,Q13177,3D-structure,http://www.uniprot.org/keywords/KW-0002
https://pharos.nih.gov/idg/targets/Q13177,Q13177,Transferase,http://www.uniprot.org/keywords/KW-0808
https://pharos.nih.gov/idg/targets/Q13177,Q13177,ATP-binding,http://www.uniprot.org/keywords/KW-0067
https://pharos.nih.gov/idg/targets/Q13177,Q13177,Lipoprotein,http://www.uniprot.org/keywords/KW-0449
https://pharos.nih.gov/idg/targets/Q13177,Q13177,Nucleotide-binding,http://www.uniprot.org/keywords/KW-0547
https://pharos.nih.gov/idg/targets/Q13177,Q13177,"Direct protein sequencing",http://www.uniprot.org/keywords/KW-0903
https://pharos.nih.gov/idg/targets/Q13177,Q13177,Apoptosis,http://www.uniprot.org/keywords/KW-0053
https://pharos.nih.gov/idg/targets/Q13177,Q13177,Kinase,http://www.uniprot.org/keywords/KW-0418
https://pharos.nih.gov/idg/targets/Q13177,Q13177,Myristate,http://www.uniprot.org/keywords/KW-0519
https://pharos.nih.gov/idg/targets/Q13177,Q13177,"Serine-threonine-protein kinase",http://www.uniprot.org/keywords/KW-0723
https://pharos.nih.gov/idg/targets/Q13177,Q13177,"Host-virus interaction",http://www.uniprot.org/keywords/KW-0945
https://pharos.nih.gov/idg/targets/Q13177,Q13177,"Allosteric enzyme",http://www.uniprot.org/keywords/KW-0021
https://pharos.nih.gov/idg/targets/Q13177,Q13177,"Growth regulation",http://www.uniprot.org/keywords/KW-0341
https://pharos.nih.gov/idg/targets/Q9C0K7,Q9C0K7,"Complete proteome",http://www.uniprot.org/keywords/KW-0181
https://pharos.nih.gov/idg/targets/Q9C0K7,Q9C0K7,Nucleus,http://www.uniprot.org/keywords/KW-0539
https://pharos.nih.gov/idg/targets/Q9C0K7,Q9C0K7,Polymorphism,http://www.uniprot.org/keywords/KW-0621
https://pharos.nih.gov/idg/targets/Q9C0K7,Q9C0K7,"Reference proteome",http://www.uniprot.org/keywords/KW-1185
https://pharos.nih.gov/idg/targets/Q9C0K7,Q9C0K7,"Alternative splicing",http://www.uniprot.org/keywords/KW-0025
https://pharos.nih.gov/idg/targets/Q9C0K7,Q9C0K7,Cytoplasm,http://www.uniprot.org/keywords/KW-0963
https://pharos.nih.gov/idg/targets/Q9C0K7,Q9C0K7,"Cell cycle",http://www.uniprot.org/keywords/KW-0131
https://pharos.nih.gov/idg/targets/Q9C0K7,Q9C0K7,ATP-binding,http://www.uniprot.org/keywords/KW-0067
https://pharos.nih.gov/idg/targets/Q9C0K7,Q9C0K7,Nucleotide-binding,http://www.uniprot.org/keywords/KW-0547
https://pharos.nih.gov/idg/targets/Q99558,Q99558,"Complete proteome",http://www.uniprot.org/keywords/KW-0181
https://pharos.nih.gov/idg/targets/Q99558,Q99558,Polymorphism,http://www.uniprot.org/keywords/KW-0621
https://pharos.nih.gov/idg/targets/Q99558,Q99558,"Reference proteome",http://www.uniprot.org/keywords/KW-1185
https://pharos.nih.gov/idg/targets/Q99558,Q99558,Cytoplasm,http://www.uniprot.org/keywords/KW-0963
https://pharos.nih.gov/idg/targets/Q99558,Q99558,Phosphoprotein,http://www.uniprot.org/keywords/KW-0597
https://pharos.nih.gov/idg/targets/Q99558,Q99558,"Ubl conjugation",http://www.uniprot.org/keywords/KW-0832
https://pharos.nih.gov/idg/targets/Q99558,Q99558,3D-structure,http://www.uniprot.org/keywords/KW-0002
https://pharos.nih.gov/idg/targets/Q99558,Q99558,Transferase,http://www.uniprot.org/keywords/KW-0808
https://pharos.nih.gov/idg/targets/Q99558,Q99558,ATP-binding,http://www.uniprot.org/keywords/KW-0067
https://pharos.nih.gov/idg/targets/Q99558,Q99558,Nucleotide-binding,http://www.uniprot.org/keywords/KW-0547
https://pharos.nih.gov/idg/targets/Q99558,Q99558,Kinase,http://www.uniprot.org/keywords/KW-0418
https://pharos.nih.gov/idg/targets/Q99558,Q99558,"Serine-threonine-protein kinase",http://www.uniprot.org/keywords/KW-0723
https://pharos.nih.gov/idg/targets/Q7Z2Y5,Q7Z2Y5,"Complete proteome",http://www.uniprot.org/keywords/KW-0181
https://pharos.nih.gov/idg/targets/Q7Z2Y5,Q7Z2Y5,Polymorphism,http://www.uniprot.org/keywords/KW-0621
https://pharos.nih.gov/idg/targets/Q7Z2Y5,Q7Z2Y5,"Reference proteome",http://www.uniprot.org/keywords/KW-1185
https://pharos.nih.gov/idg/targets/Q7Z2Y5,Q7Z2Y5,"Alternative splicing",http://www.uniprot.org/keywords/KW-0025
https://pharos.nih.gov/idg/targets/Q7Z2Y5,Q7Z2Y5,Phosphoprotein,http://www.uniprot.org/keywords/KW-0597
https://pharos.nih.gov/idg/targets/Q7Z2Y5,Q7Z2Y5,Transferase,http://www.uniprot.org/keywords/KW-0808
https://pharos.nih.gov/idg/targets/Q7Z2Y5,Q7Z2Y5,ATP-binding,http://www.uniprot.org/keywords/KW-0067
https://pharos.nih.gov/idg/targets/Q7Z2Y5,Q7Z2Y5,"Coiled coil",http://www.uniprot.org/keywords/KW-0175
https://pharos.nih.gov/idg/targets/Q7Z2Y5,Q7Z2Y5,Nucleotide-binding,http://www.uniprot.org/keywords/KW-0547
https://pharos.nih.gov/idg/targets/Q7Z2Y5,Q7Z2Y5,Kinase,http://www.uniprot.org/keywords/KW-0418
https://pharos.nih.gov/idg/targets/Q7Z2Y5,Q7Z2Y5,"Serine-threonine-protein kinase",http://www.uniprot.org/keywords/KW-0723
https://pharos.nih.gov/idg/targets/O75914,O75914,"Complete proteome",http://www.uniprot.org/keywords/KW-0181
https://pharos.nih.gov/idg/targets/O75914,O75914,Metal-binding,http://www.uniprot.org/keywords/KW-0479
https://pharos.nih.gov/idg/targets/O75914,O75914,Polymorphism,http://www.uniprot.org/keywords/KW-0621
https://pharos.nih.gov/idg/targets/O75914,O75914,"Reference proteome",http://www.uniprot.org/keywords/KW-1185
https://pharos.nih.gov/idg/targets/O75914,O75914,"Alternative splicing",http://www.uniprot.org/keywords/KW-0025
https://pharos.nih.gov/idg/targets/O75914,O75914,Cytoplasm,http://www.uniprot.org/keywords/KW-0963
https://pharos.nih.gov/idg/targets/O75914,O75914,"Disease mutation",http://www.uniprot.org/keywords/KW-0225
https://pharos.nih.gov/idg/targets/O75914,O75914,"Mental retardation",http://www.uniprot.org/keywords/KW-0991
https://pharos.nih.gov/idg/targets/O75914,O75914,Phosphoprotein,http://www.uniprot.org/keywords/KW-0597
https://pharos.nih.gov/idg/targets/O75914,O75914,"Ubl conjugation",http://www.uniprot.org/keywords/KW-0832
https://pharos.nih.gov/idg/targets/O75914,O75914,Transferase,http://www.uniprot.org/keywords/KW-0808
https://pharos.nih.gov/idg/targets/O75914,O75914,ATP-binding,http://www.uniprot.org/keywords/KW-0067
https://pharos.nih.gov/idg/targets/O75914,O75914,Nucleotide-binding,http://www.uniprot.org/keywords/KW-0547
https://pharos.nih.gov/idg/targets/O75914,O75914,Magnesium,http://www.uniprot.org/keywords/KW-0460
https://pharos.nih.gov/idg/targets/O75914,O75914,"Developmental protein",http://www.uniprot.org/keywords/KW-0217
https://pharos.nih.gov/idg/targets/O75914,O75914,Kinase,http://www.uniprot.org/keywords/KW-0418
https://pharos.nih.gov/idg/targets/O75914,O75914,"Serine-threonine-protein kinase",http://www.uniprot.org/keywords/KW-0723
https://pharos.nih.gov/idg/targets/O75914,O75914,SH3-binding,http://www.uniprot.org/keywords/KW-0729
https://pharos.nih.gov/idg/targets/O75914,O75914,"Allosteric enzyme",http://www.uniprot.org/keywords/KW-0021
https://pharos.nih.gov/idg/targets/Q9P286,Q9P286,"Complete proteome",http://www.uniprot.org/keywords/KW-0181
https://pharos.nih.gov/idg/targets/Q9P286,Q9P286,Nucleus,http://www.uniprot.org/keywords/KW-0539
https://pharos.nih.gov/idg/targets/Q9P286,Q9P286,Polymorphism,http://www.uniprot.org/keywords/KW-0621
https://pharos.nih.gov/idg/targets/Q9P286,Q9P286,"Reference proteome",http://www.uniprot.org/keywords/KW-1185
https://pharos.nih.gov/idg/targets/Q9P286,Q9P286,Cytoplasm,http://www.uniprot.org/keywords/KW-0963
https://pharos.nih.gov/idg/targets/Q9P286,Q9P286,Phosphoprotein,http://www.uniprot.org/keywords/KW-0597
https://pharos.nih.gov/idg/targets/Q9P286,Q9P286,3D-structure,http://www.uniprot.org/keywords/KW-0002
https://pharos.nih.gov/idg/targets/Q9P286,Q9P286,Transferase,http://www.uniprot.org/keywords/KW-0808
https://pharos.nih.gov/idg/targets/Q9P286,Q9P286,ATP-binding,http://www.uniprot.org/keywords/KW-0067
https://pharos.nih.gov/idg/targets/Q9P286,Q9P286,Methylation,http://www.uniprot.org/keywords/KW-0488
https://pharos.nih.gov/idg/targets/Q9P286,Q9P286,Nucleotide-binding,http://www.uniprot.org/keywords/KW-0547
https://pharos.nih.gov/idg/targets/Q9P286,Q9P286,Mitochondrion,http://www.uniprot.org/keywords/KW-0496
https://pharos.nih.gov/idg/targets/Q9P286,Q9P286,Apoptosis,http://www.uniprot.org/keywords/KW-0053
https://pharos.nih.gov/idg/targets/Q9P286,Q9P286,Kinase,http://www.uniprot.org/keywords/KW-0418
https://pharos.nih.gov/idg/targets/Q9P286,Q9P286,"Serine-threonine-protein kinase",http://www.uniprot.org/keywords/KW-0723
https://pharos.nih.gov/idg/targets/Q9NQU5,Q9NQU5,"Complete proteome",http://www.uniprot.org/keywords/KW-0181
https://pharos.nih.gov/idg/targets/Q9NQU5,Q9NQU5,Nucleus,http://www.uniprot.org/keywords/KW-0539
https://pharos.nih.gov/idg/targets/Q9NQU5,Q9NQU5,Polymorphism,http://www.uniprot.org/keywords/KW-0621
https://pharos.nih.gov/idg/targets/Q9NQU5,Q9NQU5,"Reference proteome",http://www.uniprot.org/keywords/KW-1185
https://pharos.nih.gov/idg/targets/Q9NQU5,Q9NQU5,"Alternative splicing",http://www.uniprot.org/keywords/KW-0025
https://pharos.nih.gov/idg/targets/Q9NQU5,Q9NQU5,Cytoplasm,http://www.uniprot.org/keywords/KW-0963
https://pharos.nih.gov/idg/targets/Q9NQU5,Q9NQU5,Phosphoprotein,http://www.uniprot.org/keywords/KW-0597
https://pharos.nih.gov/idg/targets/Q9NQU5,Q9NQU5,3D-structure,http://www.uniprot.org/keywords/KW-0002
https://pharos.nih.gov/idg/targets/Q9NQU5,Q9NQU5,Transferase,http://www.uniprot.org/keywords/KW-0808
https://pharos.nih.gov/idg/targets/Q9NQU5,Q9NQU5,ATP-binding,http://www.uniprot.org/keywords/KW-0067
https://pharos.nih.gov/idg/targets/Q9NQU5,Q9NQU5,Nucleotide-binding,http://www.uniprot.org/keywords/KW-0547
https://pharos.nih.gov/idg/targets/Q9NQU5,Q9NQU5,Kinase,http://www.uniprot.org/keywords/KW-0418
https://pharos.nih.gov/idg/targets/Q9NQU5,Q9NQU5,"Serine-threonine-protein kinase",http://www.uniprot.org/keywords/KW-0723
https://pharos.nih.gov/idg/targets/Q13188,Q13188,"Complete proteome",http://www.uniprot.org/keywords/KW-0181
https://pharos.nih.gov/idg/targets/Q13188,Q13188,Metal-binding,http://www.uniprot.org/keywords/KW-0479
https://pharos.nih.gov/idg/targets/Q13188,Q13188,Nucleus,http://www.uniprot.org/keywords/KW-0539
https://pharos.nih.gov/idg/targets/Q13188,Q13188,Polymorphism,http://www.uniprot.org/keywords/KW-0621
https://pharos.nih.gov/idg/targets/Q13188,Q13188,"Reference proteome",http://www.uniprot.org/keywords/KW-1185
https://pharos.nih.gov/idg/targets/Q13188,Q13188,"Alternative splicing",http://www.uniprot.org/keywords/KW-0025
https://pharos.nih.gov/idg/targets/Q13188,Q13188,Cytoplasm,http://www.uniprot.org/keywords/KW-0963
https://pharos.nih.gov/idg/targets/Q13188,Q13188,Phosphoprotein,http://www.uniprot.org/keywords/KW-0597
https://pharos.nih.gov/idg/targets/Q13188,Q13188,Acetylation,http://www.uniprot.org/keywords/KW-0007
https://pharos.nih.gov/idg/targets/Q13188,Q13188,3D-structure,http://www.uniprot.org/keywords/KW-0002
https://pharos.nih.gov/idg/targets/Q13188,Q13188,Transferase,http://www.uniprot.org/keywords/KW-0808
https://pharos.nih.gov/idg/targets/Q13188,Q13188,ATP-binding,http://www.uniprot.org/keywords/KW-0067
https://pharos.nih.gov/idg/targets/Q13188,Q13188,"Coiled coil",http://www.uniprot.org/keywords/KW-0175
https://pharos.nih.gov/idg/targets/Q13188,Q13188,Nucleotide-binding,http://www.uniprot.org/keywords/KW-0547
https://pharos.nih.gov/idg/targets/Q13188,Q13188,"Direct protein sequencing",http://www.uniprot.org/keywords/KW-0903
https://pharos.nih.gov/idg/targets/Q13188,Q13188,Magnesium,http://www.uniprot.org/keywords/KW-0460
https://pharos.nih.gov/idg/targets/Q13188,Q13188,Apoptosis,http://www.uniprot.org/keywords/KW-0053
https://pharos.nih.gov/idg/targets/Q13188,Q13188,Kinase,http://www.uniprot.org/keywords/KW-0418
https://pharos.nih.gov/idg/targets/Q13188,Q13188,"Serine-threonine-protein kinase",http://www.uniprot.org/keywords/KW-0723
