"URL","Uniprot ID","GeneSymbol","Name","Description","Development Level","DTOClass","PantherClass","Novelty","Target Family","PatentCount","AntibodyCount","PubmedCount","Knowledge Availability","PubmedScore","PubtatorScore","PMIDs"
https://pharos.nih.gov/idg/targets/Q8TCU5,Q8TCU5,GRIN3A,"Glutamate receptor ionotropic, NMDA 3A","NMDA receptor subtype of glutamate-gated ion channels with reduced single-channel conductance, low calcium permeability and low voltage-dependent sensitivity to magnesium. Mediated by glycine. May play a role in the development of dendritic spines. May play a role in PPP2CB-NMDAR mediated signaling mechanism (By similarity).",Tclin,"NR3A-GRIN3A subfamily",,-1.8913812001398222,"Ion Channel",3964,24,61,32.51,80.45,50.09,27840953|27558536|27542340|26265699|25450229|25041634|25017909|24386575|24332987|24278430|23870195|23852340|23400010|23251661|23237318|22914463|22833210|22801082|21429969|21152063|21135540|20628086|20379614|20084518|20016182|19913121|19665356|19488045|19386922|19295509|19156168|19086053|18649358|18445116|18296432|18075478|17997397|17658481|17617428|17502428|17320117|17214563|17047094|15489334|15164053|14760703|14684485|14644469|12775422|12477932|12414113|12391275|11880201|11853319|11735224|11606043|11588171|11483648|11160393|10197777|9651389|9620802|7695237|7569905
https://pharos.nih.gov/idg/targets/Q16478,Q16478,GRIK5,"Glutamate receptor ionotropic, kainate 5","Receptor for glutamate. L-glutamate acts as an excitatory neurotransmitter at many synapses in the central nervous system. The postsynaptic actions of Glu are mediated by a variety of receptors that are named according to their selective agonists. This receptor binds kainate > quisqualate > domoate > L-glutamate >> AMPA >> NMDA = 1S,3R-ACPD.",Tclin,"GRIK5 subfamily",,-2.1161609094585874,"Ion Channel",6027,179,18,39.19,127.26,53.18,23288040|21771265|19342380|19125103|19086053|18247129|16325263|15254951|14511640|12573530|12477932|11279111|9808460|9466455|9099808|9039653|7527545|1321949
https://pharos.nih.gov/idg/targets/O60391,O60391,GRIN3B,"Glutamate receptor ionotropic, NMDA 3B","NMDA receptor subtype of glutamate-gated ion channels with reduced single-channel conductance, low calcium permeability and low voltage-dependent sensitivity to magnesium. Mediated by glycine.",Tclin,"NR3B-GRIN3B subfamily",,-1.4369625724183317,"Ion Channel",5506,121,18,26.21,28.34,18.05,28132660|26031516|25768306|24814139|23571587|22833210|22195173|20398908|20153313|20016182|19156168|17687115|17543277|15722182|15057824|11735224|11717388|8889548
https://pharos.nih.gov/idg/targets/Q16099,Q16099,GRIK4,"Glutamate receptor ionotropic, kainate 4","Receptor for glutamate. L-glutamate acts as an excitatory neurotransmitter at many synapses in the central nervous system. The postsynaptic actions of Glu are mediated by a variety of receptors that are named according to their selective agonists.",Tclin,"GRIK4 subfamily",,-2.1949901244614067,"Ion Channel",7489,105,28,34.11,147.32,74.43,28284346|26139080|25303296|23728934|22052594|21215464|20859245|20379614|20201926|20125193|20110084|19924111|19384319|19342380|19328558|19125103|19086053|18824690|18289755|16819533|16344560|16325263|14702039|12954862|12477932|11334999|8288598|8263508|7527545
https://pharos.nih.gov/idg/targets/P42261,P42261,GRIA1,"Glutamate receptor 1","Ionotropic glutamate receptor. L-glutamate acts as an excitatory neurotransmitter at many synapses in the central nervous system. Binding of the excitatory neurotransmitter L-glutamate induces a conformation change, leading to the opening of the cation channel, and thereby converts the chemical signal to an electrical impulse. The receptor then desensitizes rapidly and enters a transient inactive state, characterized by the presence of bound agonist. In the presence of CACNG4 or CACNG7 or CACNG8, shows resensitization which is characterized by a delayed accumulation of current flux upon continued application of glutamate.",Tclin,"GRIA1 subfamily",,-3.1707670068519347,"Ion Channel",10090,761,105,47.30,1441.52,446.75,27661418|26862833|26800698|25697915|25533481|25056061|24652293|24452473|24292102|24030684|23974872|23739980|23504989|23475111|23251661|23223299|23110111|23053966|23033978|22122651|22094384|22057216|21856433|21846932|21843653|21782286|21697386|21658281|21172611|21156788|21116212|21037582|20859245|20837486|20805473|20592726|20579352|20468064|20434989|20398908|20379614|20237279|19805317|19773551|19536293|19295509|19260139|19217372|19156168|19086053|18957620|18484081|18444252|18317690|18311135|18305116|17545169|17483093|17409242|17208968|16526023|16055064|15866042|15858065|15673434|15489334|15372022|15145077|15144856|14702039|14614461|14610080|12888558|12609872|12603841|12573530|12477932|12368290|12172541|12125045|11891216|11751897|11567040|11418862|11140673|11050113|10896157|10751563|10575214|10461883|10364548|10358037|10023812|9808458|9677374|9648857|9481670|9466455|9407043|9069287|8663994|8420792|8163463|7919190|7877986|1652753|1320959|1319477|1311100
https://pharos.nih.gov/idg/targets/Q14957,Q14957,GRIN2C,"Glutamate receptor ionotropic, NMDA 2C","Component of NMDA receptor complexes that function as heterotetrameric, ligand-gated ion channels with high calcium permeability and voltage-dependent sensitivity to magnesium. Channel activation requires binding of the neurotransmitter glutamate to the epsilon subunit, glycine binding to the zeta subunit, plus membrane depolarization to eliminate channel inhibition by Mg(2+) (PubMed:26875626). Sensitivity to glutamate and channel kinetics depend on the subunit composition (Probable). Plays a role in regulating the balance between excitatory and inhibitory activity of pyramidal neurons in the prefrontal cortex. Contributes to the slow phase of excitatory postsynaptic current, long-term synaptic potentiation, and learning (By similarity).",Tclin,"NR2C-GRIN2C subfamily",,-2.2147014922784334,"Ion Channel",5328,208,41,39.49,153.60,57.01,28095420|26919761|26875626|26289945|26229101|25788577|24925192|24102971|23070074|22833210|22343826|22245680|22197913|21919190|21807990|21300787|21152063|20981015|20976280|19874574|19477150|19156168|18444252|18029348|16625196|16606616|15920498|15494561|15489334|15287897|12815021|12477932|12082569|11937501|11854440|10943672|10648872|9798920|9480759|9037519|8889548|8665664|8267632|7695237|1350383
https://pharos.nih.gov/idg/targets/P39086,P39086,GRIK1,"Glutamate receptor ionotropic, kainate 1","Ionotropic glutamate receptor. L-glutamate acts as an excitatory neurotransmitter at many synapses in the central nervous system. Binding of the excitatory neurotransmitter L-glutamate induces a conformation change, leading to the opening of the cation channel, and thereby converts the chemical signal to an electrical impulse. The receptor then desensitizes rapidly and enters a transient inactive state, characterized by the presence of bound agonist. May be involved in the transmission of light information from the retina to the hypothalamus.",Tclin,"GRIK1 subfamily",,-2.44486926091999,"Ion Channel",72571,219,60,43.53,279.67,144.09,27447243|26289945|26277340|25941919|25496338|24978347|24786948|24525690|24024966|23685007|23453885|22931243|22807686|22730074|22446040|22191429|20978832|20859245|20848601|20602751|20494980|20453000|20379614|20339536|20201926|19941835|19893199|19874574|19342380|19331489|19320626|19095219|19086053|18821565|18519826|17903305|17698324|16221857|15974569|14527949|12597860|12477932|11943148|11891216|11702055|11418862|10830953|10828597|10580501|10023812|9808458|9335499|9259378|9069287|8589992|8468067|8419920|8260617|8163463|7696618
https://pharos.nih.gov/idg/targets/Q12879,Q12879,GRIN2A,"Glutamate receptor ionotropic, NMDA 2A","Component of NMDA receptor complexes that function as heterotetrameric, ligand-gated ion channels with high calcium permeability and voltage-dependent sensitivity to magnesium. Channel activation requires binding of the neurotransmitter glutamate to the epsilon subunit, glycine binding to the zeta subunit, plus membrane depolarization to eliminate channel inhibition by Mg(2+) (PubMed:8768735, PubMed:26919761, PubMed:26875626, PubMed:28105280). Sensitivity to glutamate and channel kinetics depend on the subunit composition; channels containing GRIN1 and GRIN2A have higher sensitivity to glutamate and faster kinetics than channels formed by GRIN1 and GRIN2B (PubMed:26919761, PubMed:26875626). Contributes to the slow phase of excitatory postsynaptic current, long-term synaptic potentiation, and learning (By similarity).",Tclin,"NR2A-GRIN2A subfamily",,-3.0982801998050182,"Ion Channel",14768,555,161,51.94,1158.10,401.02,28320167|28262924|28182669|28126851|28109652|28105280|28095420|27876530|27864847|27839871|27659111|27230353|26919761|26875626|26637798|26584860|26502998|26220384|25958346|25788577|25596506|25412286|25366762|25261450|25194280|25056061|24915238|24903190|24739903|24504326|24455489|24372385|24227730|24156266|24125812|23940648|23933820|23933819|23933818|23847085|23693003|23509962|23453885|23400010|23271275|23033978|22851457|22833210|22486492|22004137|21883175|21883149|21876681|21507155|21499247|21371516|21152063|20890276|20848605|20677014|20468064|20448061|20398908|20379614|20148871|20070378|20041166|19874574|19834457|19352218|19268276|19156168|19088076|19086053|19058789|18991843|18990687|18606955|18570704|18445116|18178157|18029348|17997397|17942280|17922030|17569088|17519952|17433503|17360663|17255096|17105731|17081983|17018562|17011703|16637659|16476413|16266783|15888440|15830322|15774266|15742215|15616553|15489334|14966475|14732708|14702039|14699423|14644469|14622581|12956718|12933808|12932824|12893641|12890763|12815021|12775422|12724619|12697264|12531901|12477932|12419528|12414113|12391275|12191494|12147342|12127670|12082569|12070168|12068077|12008020|11985816|11937501|11854440|11803122|11675505|11606043|11483648|11478920|11222640|11104776|10884433|10862698|10846184|10748123|10648730|10480938|10479680|10458595|10373510|10336672|10197777|10195142|9651389|9647694|9481670|9480759|9286858|9231720|8768735|8665664|8615909|8601796|8267632|8163463|8139656|8061049|7816096|7695237|7569905|7524031|1350383
https://pharos.nih.gov/idg/targets/P48058,P48058,GRIA4,"Glutamate receptor 4","Receptor for glutamate that functions as ligand-gated ion channel in the central nervous system and plays an important role in excitatory synaptic transmission. L-glutamate acts as an excitatory neurotransmitter at many synapses in the central nervous system. Binding of the excitatory neurotransmitter L-glutamate induces a conformation change, leading to the opening of the cation channel, and thereby converts the chemical signal to an electrical impulse. The receptor then desensitizes rapidly and enters a transient inactive state, characterized by the presence of bound agonist. In the presence of CACNG4 or CACNG7 or CACNG8, shows resensitization which is characterized by a delayed accumulation of current flux upon continued application of glutamate.",Tclin,"GRIA4 subfamily",,-2.4341757849288634,"Ion Channel",5598,326,55,41.63,256.09,107.05,29220673|27443784|26744192|25433904|24962026|24769233|24652293|24512576|24324551|24292102|23613500|23396134|22122651|22094384|22057216|21984433|21172611|20859245|19573479|19217372|19156168|19125103|19086053|18521090|18311135|18163426|17409242|17233759|16554811|16344560|16190873|16055064|15823042|15489334|15450689|15306133|12603841|12574408|12497607|12477932|12471040|12393905|12172541|12125045|11891216|11140673|10688364|10366608|9648857|9481670|9466455|8889548|8589990|8163463|7992055|7518497|1319477
https://pharos.nih.gov/idg/targets/O15399,O15399,GRIN2D,"Glutamate receptor ionotropic, NMDA 2D","Component of NMDA receptor complexes that function as heterotetrameric, ligand-gated ion channels with high calcium permeability and voltage-dependent sensitivity to magnesium. Channel activation requires binding of the neurotransmitter glutamate to the epsilon subunit, glycine binding to the zeta subunit, plus membrane depolarization to eliminate channel inhibition by Mg(2+) (PubMed:9489750, PubMed:27616483, PubMed:26875626, PubMed:28126851). Sensitivity to glutamate and channel kinetics depend on the subunit composition (PubMed:9489750).",Tclin,"NR2D-GRIN2D subfamily",,-2.1111171032060203,"Ion Channel",5248,110,42,37.93,128.45,48.19,28284346|28126851|28095420|27616483|26943033|26919761|26875626|22833210|22486492|21915661|19156168|19125103|18444252|17474147|16959974|16328341|16094258|15057824|14644469|14622581|12815021|12775422|12414113|12191494|12082569|11937501|11606043|11483648|10862698|10777567|10479680|10373510|10216082|10197777|9651389|9647694|9489750|9481670|9480759|9418891|9258910|8665664|8615909|8613785|7695237|7569905
https://pharos.nih.gov/idg/targets/Q05586,Q05586,GRIN1,"Glutamate receptor ionotropic, NMDA 1","Component of NMDA receptor complexes that function as heterotetrameric, ligand-gated ion channels with high calcium permeability and voltage-dependent sensitivity to magnesium. Channel activation requires binding of the neurotransmitter glutamate to the epsilon subunit, glycine binding to the zeta subunit, plus membrane depolarization to eliminate channel inhibition by Mg(2+) (PubMed:7685113, PubMed:28126851, PubMed:26919761, PubMed:26875626, PubMed:28105280). Sensitivity to glutamate and channel kinetics depend on the subunit composition (PubMed:26919761).",Tclin,"NR1-GRIN1 subfamily",,-2.8457404020810997,"Ion Channel",41465,873,167,44.55,693.12,752.04,28389307|28262924|28244984|28228639|28126851|28105280|28095420|28051072|27831563|27596138|27458189|27443784|27164704|26919761|26875626|26819771|26584860|26013316|25864721|25431428|25261450|25167861|25017909|24655651|24292102|24227730|24156266|23999527|23933820|23880023|23840674|23726511|23723305|23271275|23070074|22952988|22937865|22833210|22726567|22711533|22486492|22383529|22354721|22300668|22196339|22040728|21883149|21753020|21376300|20974228|20848605|20722663|20634195|20468064|20438806|20414717|20237496|20097831|20007519|19874574|19784770|19635471|19602553|19488045|19422642|19328558|19156168|19095845|18991843|18990687|18849881|18792810|18644839|18606955|18445116|18296432|18182392|18068304|17997397|17728671|17506933|17284422|17255096|17047094|16969270|16767099|16476413|16332682|16289038|16272960|16189506|16140270|15888440|15841096|15635650|15564900|15531111|15448144|15338240|15265015|15164053|15030493|15030408|14973229|14970236|14732708|14644469|14622581|14575242|14573320|12893641|12815021|12775422|12753088|12746393|12707933|12679240|12646920|12610658|12414113|12408866|12363394|12210277|12191494|12082569|12068077|11937501|11803122|11754835|11606043|11588171|11506858|11483648|11160393|11140838|11136979|11109007|10862698|10749211|10518580|10480938|10373510|10201407|10197777|10049997|9952395|9835392|9728925|9670010|9651389|9620802|9502803|9482789|9481670|9425014|9231706|9030583|9009191|8889548|8783260|8768735|8665664|8625412|8615909|8406459|8406025|8316301|8139656|7926821|7695237|7685113|7681588|7679115|7622053|1350383
https://pharos.nih.gov/idg/targets/Q13224,Q13224,GRIN2B,"Glutamate receptor ionotropic, NMDA 2B","Component of NMDA receptor complexes that function as heterotetrameric, ligand-gated ion channels with high calcium permeability and voltage-dependent sensitivity to magnesium. Channel activation requires binding of the neurotransmitter glutamate to the epsilon subunit, glycine binding to the zeta subunit, plus membrane depolarization to eliminate channel inhibition by Mg(2+) (PubMed:8768735, PubMed:26919761, PubMed:26875626, PubMed:28126851). Sensitivity to glutamate and channel kinetics depend on the subunit composition (PubMed:8768735, PubMed:26875626). In concert with DAPK1 at extrasynaptic sites, acts as a central mediator for stroke damage. Its phosphorylation at Ser-1303 by DAPK1 enhances synaptic NMDA receptor channel activity inducing injurious Ca2+ influx through them, resulting in an irreversible neuronal death. Contributes to neural pattern formation in the developing brain. Plays a role in long-term depression (LTD) of hippocampus membrane currents and in synaptic plasticity (By similarity).",Tclin,"NR2B-GRIN2B subfamily",,-3.3229316873551187,"Ion Channel",26145,980,243,49.44,2085.66,690.80,28303017|28283559|28252572|28228639|28126851|28095420|27864847|27839871|27818011|27605359|27458189|27453061|27394963|27179791|27040756|26919761|26912815|26884337|26876050|26875626|26819771|26771436|26690829|26627941|26584860|26321256|26252487|26081945|26020650|25896831|25893192|25693086|25660313|25656819|25585032|25486778|25467983|25431428|25426763|25356899|25292222|25261450|25052836|24925192|24863970|24607229|24503147|24490167|24292895|24272827|24156266|24114429|23918416|23855403|23840674|23718928|23660601|23648631|23377640|23271275|23229837|23201971|23160955|23033978|22986046|22936815|22850629|22833681|22833210|22832729|22742935|22711533|22610502|22610100|22578441|22484476|22479519|22433450|22326929|22116950|21919190|21827795|21789901|21782286|21753020|21749895|21704719|21639937|21597037|21116278|20957330|20945430|20939817|20890276|20882066|20859245|20848605|20537986|20537720|20468064|20464528|20438806|20427279|20421849|20399867|20379614|20347576|20201926|20197096|20175224|20018661|19874574|19784770|19734545|19726645|19605943|19591125|19562769|19523047|19453375|19367581|19350219|19328558|19324536|19279257|19268276|19192303|19167335|19156168|19095845|19088076|19086053|19011431|19005876|18991843|18983893|18836292|18606955|18583979|18445116|18303265|18068304|18007143|17997397|17962190|17942280|17669510|17620329|17569088|17506987|17506933|17255096|17224684|17047094|17010153|16911840|16870468|16766085|16549338|16436603|16380905|16289038|16266783|16120608|15866054|15841096|15812607|15742215|15673434|15542698|15489334|15211626|15180478|15083261|15030493|14702039|14662797|14644469|14622581|14573320|12893641|12890763|12857875|12824739|12815021|12775422|12753378|12738960|12650977|12556902|12531901|12524444|12477932|12476325|12414113|12391275|12191494|12147342|12127670|12082569|11997254|11979061|11937501|11799243|11679592|11606043|11588171|11483655|11483648|11459059|11317224|11306676|11029657|11024032|10884433|10846184|10748157|10620012|10488080|10485705|10480938|10479680|10458595|10381539|10373510|10341223|10197777|9806853|9651389|9647694|9620694|9581762|9547169|9481670|9427503|9326658|9231720|9009191|8940188|8780649|8768735|8665664|8615909|8601796|8163463|8139656|7999784|7959773|7695237|7569905|1350383
https://pharos.nih.gov/idg/targets/Q13002,Q13002,GRIK2,"Glutamate receptor ionotropic, kainate 2","Ionotropic glutamate receptor. L-glutamate acts as an excitatory neurotransmitter at many synapses in the central nervous system. Binding of the excitatory neurotransmitter L-glutamate induces a conformation change, leading to the opening of the cation channel, and thereby converts the chemical signal to an electrical impulse. The receptor then desensitizes rapidly and enters a transient inactive state, characterized by the presence of bound agonist (PubMed:28180184). May be involved in the transmission of light information from the retina to the hypothalamus. Modulates cell surface expression of NETO2 (By similarity).",Tclin,"GRIK2 subfamily",,-2.430620237399032,"Ion Channel",72362,240,87,47.40,278.37,198.67,28180184|27607061|27324535|26277340|25842862|25316086|25201974|25199915|24821223|24662927|23861400|23713029|23660601|23400781|23362303|23251661|23037145|22889921|22808340|22797727|22771793|22429480|21912186|21893069|21557188|21348951|20863077|20859245|20442744|20379614|20370803|20230879|19920140|19617541|19342380|19295509|19268276|19260141|19225180|19086053|18692513|18690046|18664604|18658129|18593792|18519826|18289788|17847003|17712621|17428563|17379418|17167233|16959974|16959037|16847693|16221857|15537878|15305151|15094479|14702039|14574404|14567698|12954862|12821179|12597860|12573530|12477932|12467946|12151522|12070168|11744724|11675011|11279111|11276111|10358037|9808460|9651532|9466455|9108071|9099808|8889548|8618850|8288598|8188697|8163463|8094892|8034316|7696618|7675232|7536611|7523595
https://pharos.nih.gov/idg/targets/P42263,P42263,GRIA3,"Glutamate receptor 3","Receptor for glutamate that functions as ligand-gated ion channel in the central nervous system and plays an important role in excitatory synaptic transmission. L-glutamate acts as an excitatory neurotransmitter at many synapses in the central nervous system. Binding of the excitatory neurotransmitter L-glutamate induces a conformation change, leading to the opening of the cation channel, and thereby converts the chemical signal to an electrical impulse. The receptor then desensitizes rapidly and enters a transient inactive state, characterized by the presence of bound agonist. In the presence of CACNG4 or CACNG7 or CACNG8, shows resensitization which is characterized by a delayed accumulation of current flux upon continued application of glutamate.",Tclin,"GRIA3 subfamily",,-1.9929793564102682,"Ion Channel",9167,234,59,43.39,91.92,113.94,28629431|28284346|26912664|25433904|24652293|24292102|23772601|23595422|23149219|22429480|21966062|21172611|20859245|20689760|20579352|20564826|19945495|19933774|19736351|19548263|19449417|19295509|19217372|19156168|19086053|18593792|18311135|18163426|17989220|17409242|17202328|16368877|16344560|16055064|15772651|15145077|15144856|14687553|14663150|12682273|12477932|12172541|12125045|11931740|11891216|11725645|11160179|10688364|10644433|10602120|9892356|9697855|9648857|9481670|8951883|8036512|7918660|1709304|1319477
https://pharos.nih.gov/idg/targets/P42262,P42262,GRIA2,"Glutamate receptor 2","Receptor for glutamate that functions as ligand-gated ion channel in the central nervous system and plays an important role in excitatory synaptic transmission. L-glutamate acts as an excitatory neurotransmitter at many synapses in the central nervous system. Binding of the excitatory neurotransmitter L-glutamate induces a conformation change, leading to the opening of the cation channel, and thereby converts the chemical signal to an electrical impulse. The receptor then desensitizes rapidly and enters a transient inactive state, characterized by the presence of bound agonist. In the presence of CACNG4 or CACNG7 or CACNG8, shows resensitization which is characterized by a delayed accumulation of current flux upon continued application of glutamate. Through complex formation with NSG1, GRIP1 and STX12 controls the intracellular fate of AMPAR and the endosomal sorting of the GRIA2 subunit toward recycling and membrane targeting (By similarity).",Tclin,"GRIA2 subfamily",,-2.6778365467179244,"Ion Channel",16139,479,86,44.86,460.65,543.57,28195308|27661418|27313205|26744192|26311781|25842862|25784538|24679603|24652293|24623784|24550387|24512576|24456377|24292102|23739980|23613500|23595422|23475111|22644307|22366356|22122651|22094384|22057216|21984433|21948504|21856433|21843653|21531559|21397006|21383172|21221849|21173224|20614889|20468064|20409611|20398908|20347265|20032460|20018661|19933774|19651138|19558602|19448189|19156168|19102704|19086053|18403631|18163426|17942280|17409242|16724110|16344560|16215279|16055064|16045445|15815621|15489334|15342556|15247289|15145077|15144856|15071096|15006707|14985749|14687553|14630051|12859334|12805550|12694394|12477932|12130635|12125045|12062022|11931740|11086992|11007883|10985351|10688364|10501226|9648857|9481670|8420792|8269514|8003671|7919190|7545935|7523595|1717158|1699275|1319477|1311100
https://pharos.nih.gov/idg/targets/Q13003,Q13003,GRIK3,"Glutamate receptor ionotropic, kainate 3","Receptor for glutamate that functions as ligand-gated ion channel in the central nervous system and plays an important role in excitatory synaptic transmission. L-glutamate acts as an excitatory neurotransmitter at many synapses in the central nervous system. The postsynaptic actions of Glu are mediated by a variety of receptors that are named according to their selective agonists. This receptor binds domoate > kainate >> L-glutamate = quisqualate >> AMPA = NMDA.",Tclin,"GRIK3 subfamily",,-1.5266948147417865,"Ion Channel",3056,139,34,35.97,30.97,45.02,28631555|28005267|24449200|23894747|23006490|22232963|20859245|20379614|20052609|19995671|19921975|19342380|19320626|19221446|19125103|19086053|19022628|18423838|17213182|16959974|16958029|16710414|16356644|16325263|16314883|15897672|15094479|11986986|11943148|11124978|10737800|9466455|9144652|8163463|8128318|7719709
