"URL","Uniprot ID","Keyword","Link"
https://pharos.nih.gov/idg/targets/Q8TCU5,Q8TCU5,"Complete proteome",http://www.uniprot.org/keywords/KW-0181
https://pharos.nih.gov/idg/targets/Q8TCU5,Q8TCU5,Polymorphism,http://www.uniprot.org/keywords/KW-0621
https://pharos.nih.gov/idg/targets/Q8TCU5,Q8TCU5,"Reference proteome",http://www.uniprot.org/keywords/KW-1185
https://pharos.nih.gov/idg/targets/Q8TCU5,Q8TCU5,"Cell membrane",http://www.uniprot.org/keywords/KW-1003
https://pharos.nih.gov/idg/targets/Q8TCU5,Q8TCU5,Glycoprotein,http://www.uniprot.org/keywords/KW-0325
https://pharos.nih.gov/idg/targets/Q8TCU5,Q8TCU5,Membrane,http://www.uniprot.org/keywords/KW-0472
https://pharos.nih.gov/idg/targets/Q8TCU5,Q8TCU5,Receptor,http://www.uniprot.org/keywords/KW-0675
https://pharos.nih.gov/idg/targets/Q8TCU5,Q8TCU5,Transmembrane,http://www.uniprot.org/keywords/KW-0812
https://pharos.nih.gov/idg/targets/Q8TCU5,Q8TCU5,"Transmembrane helix",http://www.uniprot.org/keywords/KW-1133
https://pharos.nih.gov/idg/targets/Q8TCU5,Q8TCU5,"Coiled coil",http://www.uniprot.org/keywords/KW-0175
https://pharos.nih.gov/idg/targets/Q8TCU5,Q8TCU5,Signal,http://www.uniprot.org/keywords/KW-0732
https://pharos.nih.gov/idg/targets/Q8TCU5,Q8TCU5,Calcium,http://www.uniprot.org/keywords/KW-0106
https://pharos.nih.gov/idg/targets/Q8TCU5,Q8TCU5,Transport,http://www.uniprot.org/keywords/KW-0813
https://pharos.nih.gov/idg/targets/Q8TCU5,Q8TCU5,"Ion channel",http://www.uniprot.org/keywords/KW-0407
https://pharos.nih.gov/idg/targets/Q8TCU5,Q8TCU5,"Ion transport",http://www.uniprot.org/keywords/KW-0406
https://pharos.nih.gov/idg/targets/Q8TCU5,Q8TCU5,Magnesium,http://www.uniprot.org/keywords/KW-0460
https://pharos.nih.gov/idg/targets/Q8TCU5,Q8TCU5,"Cell junction",http://www.uniprot.org/keywords/KW-0965
https://pharos.nih.gov/idg/targets/Q8TCU5,Q8TCU5,"Ligand-gated ion channel",http://www.uniprot.org/keywords/KW-1071
https://pharos.nih.gov/idg/targets/Q8TCU5,Q8TCU5,"Postsynaptic cell membrane",http://www.uniprot.org/keywords/KW-0628
https://pharos.nih.gov/idg/targets/Q8TCU5,Q8TCU5,Synapse,http://www.uniprot.org/keywords/KW-0770
https://pharos.nih.gov/idg/targets/Q16478,Q16478,"Complete proteome",http://www.uniprot.org/keywords/KW-0181
https://pharos.nih.gov/idg/targets/Q16478,Q16478,"Reference proteome",http://www.uniprot.org/keywords/KW-1185
https://pharos.nih.gov/idg/targets/Q16478,Q16478,"Alternative splicing",http://www.uniprot.org/keywords/KW-0025
https://pharos.nih.gov/idg/targets/Q16478,Q16478,"Cell membrane",http://www.uniprot.org/keywords/KW-1003
https://pharos.nih.gov/idg/targets/Q16478,Q16478,"Disulfide bond",http://www.uniprot.org/keywords/KW-1015
https://pharos.nih.gov/idg/targets/Q16478,Q16478,Glycoprotein,http://www.uniprot.org/keywords/KW-0325
https://pharos.nih.gov/idg/targets/Q16478,Q16478,Membrane,http://www.uniprot.org/keywords/KW-0472
https://pharos.nih.gov/idg/targets/Q16478,Q16478,Receptor,http://www.uniprot.org/keywords/KW-0675
https://pharos.nih.gov/idg/targets/Q16478,Q16478,Transmembrane,http://www.uniprot.org/keywords/KW-0812
https://pharos.nih.gov/idg/targets/Q16478,Q16478,"Transmembrane helix",http://www.uniprot.org/keywords/KW-1133
https://pharos.nih.gov/idg/targets/Q16478,Q16478,Signal,http://www.uniprot.org/keywords/KW-0732
https://pharos.nih.gov/idg/targets/Q16478,Q16478,Transport,http://www.uniprot.org/keywords/KW-0813
https://pharos.nih.gov/idg/targets/Q16478,Q16478,"Ion channel",http://www.uniprot.org/keywords/KW-0407
https://pharos.nih.gov/idg/targets/Q16478,Q16478,"Ion transport",http://www.uniprot.org/keywords/KW-0406
https://pharos.nih.gov/idg/targets/Q16478,Q16478,"Cell junction",http://www.uniprot.org/keywords/KW-0965
https://pharos.nih.gov/idg/targets/Q16478,Q16478,"Ligand-gated ion channel",http://www.uniprot.org/keywords/KW-1071
https://pharos.nih.gov/idg/targets/Q16478,Q16478,"Postsynaptic cell membrane",http://www.uniprot.org/keywords/KW-0628
https://pharos.nih.gov/idg/targets/Q16478,Q16478,Synapse,http://www.uniprot.org/keywords/KW-0770
https://pharos.nih.gov/idg/targets/O60391,O60391,"Complete proteome",http://www.uniprot.org/keywords/KW-0181
https://pharos.nih.gov/idg/targets/O60391,O60391,Polymorphism,http://www.uniprot.org/keywords/KW-0621
https://pharos.nih.gov/idg/targets/O60391,O60391,"Reference proteome",http://www.uniprot.org/keywords/KW-1185
https://pharos.nih.gov/idg/targets/O60391,O60391,"Cell membrane",http://www.uniprot.org/keywords/KW-1003
https://pharos.nih.gov/idg/targets/O60391,O60391,Glycoprotein,http://www.uniprot.org/keywords/KW-0325
https://pharos.nih.gov/idg/targets/O60391,O60391,Membrane,http://www.uniprot.org/keywords/KW-0472
https://pharos.nih.gov/idg/targets/O60391,O60391,Receptor,http://www.uniprot.org/keywords/KW-0675
https://pharos.nih.gov/idg/targets/O60391,O60391,Transmembrane,http://www.uniprot.org/keywords/KW-0812
https://pharos.nih.gov/idg/targets/O60391,O60391,"Transmembrane helix",http://www.uniprot.org/keywords/KW-1133
https://pharos.nih.gov/idg/targets/O60391,O60391,Signal,http://www.uniprot.org/keywords/KW-0732
https://pharos.nih.gov/idg/targets/O60391,O60391,Calcium,http://www.uniprot.org/keywords/KW-0106
https://pharos.nih.gov/idg/targets/O60391,O60391,Transport,http://www.uniprot.org/keywords/KW-0813
https://pharos.nih.gov/idg/targets/O60391,O60391,"Ion channel",http://www.uniprot.org/keywords/KW-0407
https://pharos.nih.gov/idg/targets/O60391,O60391,"Ion transport",http://www.uniprot.org/keywords/KW-0406
https://pharos.nih.gov/idg/targets/O60391,O60391,Magnesium,http://www.uniprot.org/keywords/KW-0460
https://pharos.nih.gov/idg/targets/O60391,O60391,"Cell junction",http://www.uniprot.org/keywords/KW-0965
https://pharos.nih.gov/idg/targets/O60391,O60391,"Ligand-gated ion channel",http://www.uniprot.org/keywords/KW-1071
https://pharos.nih.gov/idg/targets/O60391,O60391,"Postsynaptic cell membrane",http://www.uniprot.org/keywords/KW-0628
https://pharos.nih.gov/idg/targets/O60391,O60391,Synapse,http://www.uniprot.org/keywords/KW-0770
https://pharos.nih.gov/idg/targets/Q16099,Q16099,"Complete proteome",http://www.uniprot.org/keywords/KW-0181
https://pharos.nih.gov/idg/targets/Q16099,Q16099,Polymorphism,http://www.uniprot.org/keywords/KW-0621
https://pharos.nih.gov/idg/targets/Q16099,Q16099,"Reference proteome",http://www.uniprot.org/keywords/KW-1185
https://pharos.nih.gov/idg/targets/Q16099,Q16099,"Cell membrane",http://www.uniprot.org/keywords/KW-1003
https://pharos.nih.gov/idg/targets/Q16099,Q16099,Glycoprotein,http://www.uniprot.org/keywords/KW-0325
https://pharos.nih.gov/idg/targets/Q16099,Q16099,Membrane,http://www.uniprot.org/keywords/KW-0472
https://pharos.nih.gov/idg/targets/Q16099,Q16099,Receptor,http://www.uniprot.org/keywords/KW-0675
https://pharos.nih.gov/idg/targets/Q16099,Q16099,Transmembrane,http://www.uniprot.org/keywords/KW-0812
https://pharos.nih.gov/idg/targets/Q16099,Q16099,"Transmembrane helix",http://www.uniprot.org/keywords/KW-1133
https://pharos.nih.gov/idg/targets/Q16099,Q16099,Signal,http://www.uniprot.org/keywords/KW-0732
https://pharos.nih.gov/idg/targets/Q16099,Q16099,Transport,http://www.uniprot.org/keywords/KW-0813
https://pharos.nih.gov/idg/targets/Q16099,Q16099,"Ion channel",http://www.uniprot.org/keywords/KW-0407
https://pharos.nih.gov/idg/targets/Q16099,Q16099,"Ion transport",http://www.uniprot.org/keywords/KW-0406
https://pharos.nih.gov/idg/targets/Q16099,Q16099,"Cell junction",http://www.uniprot.org/keywords/KW-0965
https://pharos.nih.gov/idg/targets/Q16099,Q16099,"Ligand-gated ion channel",http://www.uniprot.org/keywords/KW-1071
https://pharos.nih.gov/idg/targets/Q16099,Q16099,"Postsynaptic cell membrane",http://www.uniprot.org/keywords/KW-0628
https://pharos.nih.gov/idg/targets/Q16099,Q16099,Synapse,http://www.uniprot.org/keywords/KW-0770
https://pharos.nih.gov/idg/targets/P42261,P42261,"Complete proteome",http://www.uniprot.org/keywords/KW-0181
https://pharos.nih.gov/idg/targets/P42261,P42261,Polymorphism,http://www.uniprot.org/keywords/KW-0621
https://pharos.nih.gov/idg/targets/P42261,P42261,"Reference proteome",http://www.uniprot.org/keywords/KW-1185
https://pharos.nih.gov/idg/targets/P42261,P42261,"Alternative splicing",http://www.uniprot.org/keywords/KW-0025
https://pharos.nih.gov/idg/targets/P42261,P42261,"Cell projection",http://www.uniprot.org/keywords/KW-0966
https://pharos.nih.gov/idg/targets/P42261,P42261,Phosphoprotein,http://www.uniprot.org/keywords/KW-0597
https://pharos.nih.gov/idg/targets/P42261,P42261,"Cell membrane",http://www.uniprot.org/keywords/KW-1003
https://pharos.nih.gov/idg/targets/P42261,P42261,"Disulfide bond",http://www.uniprot.org/keywords/KW-1015
https://pharos.nih.gov/idg/targets/P42261,P42261,Glycoprotein,http://www.uniprot.org/keywords/KW-0325
https://pharos.nih.gov/idg/targets/P42261,P42261,Membrane,http://www.uniprot.org/keywords/KW-0472
https://pharos.nih.gov/idg/targets/P42261,P42261,Receptor,http://www.uniprot.org/keywords/KW-0675
https://pharos.nih.gov/idg/targets/P42261,P42261,Transmembrane,http://www.uniprot.org/keywords/KW-0812
https://pharos.nih.gov/idg/targets/P42261,P42261,"Transmembrane helix",http://www.uniprot.org/keywords/KW-1133
https://pharos.nih.gov/idg/targets/P42261,P42261,"Endoplasmic reticulum",http://www.uniprot.org/keywords/KW-0256
https://pharos.nih.gov/idg/targets/P42261,P42261,Lipoprotein,http://www.uniprot.org/keywords/KW-0449
https://pharos.nih.gov/idg/targets/P42261,P42261,Palmitate,http://www.uniprot.org/keywords/KW-0564
https://pharos.nih.gov/idg/targets/P42261,P42261,Signal,http://www.uniprot.org/keywords/KW-0732
https://pharos.nih.gov/idg/targets/P42261,P42261,Transport,http://www.uniprot.org/keywords/KW-0813
https://pharos.nih.gov/idg/targets/P42261,P42261,"Ion channel",http://www.uniprot.org/keywords/KW-0407
https://pharos.nih.gov/idg/targets/P42261,P42261,"Ion transport",http://www.uniprot.org/keywords/KW-0406
https://pharos.nih.gov/idg/targets/P42261,P42261,Endosome,http://www.uniprot.org/keywords/KW-0967
https://pharos.nih.gov/idg/targets/P42261,P42261,"Cell junction",http://www.uniprot.org/keywords/KW-0965
https://pharos.nih.gov/idg/targets/P42261,P42261,"Ligand-gated ion channel",http://www.uniprot.org/keywords/KW-1071
https://pharos.nih.gov/idg/targets/P42261,P42261,"Postsynaptic cell membrane",http://www.uniprot.org/keywords/KW-0628
https://pharos.nih.gov/idg/targets/P42261,P42261,Synapse,http://www.uniprot.org/keywords/KW-0770
https://pharos.nih.gov/idg/targets/Q14957,Q14957,"Complete proteome",http://www.uniprot.org/keywords/KW-0181
https://pharos.nih.gov/idg/targets/Q14957,Q14957,Polymorphism,http://www.uniprot.org/keywords/KW-0621
https://pharos.nih.gov/idg/targets/Q14957,Q14957,"Reference proteome",http://www.uniprot.org/keywords/KW-1185
https://pharos.nih.gov/idg/targets/Q14957,Q14957,Phosphoprotein,http://www.uniprot.org/keywords/KW-0597
https://pharos.nih.gov/idg/targets/Q14957,Q14957,"Cell membrane",http://www.uniprot.org/keywords/KW-1003
https://pharos.nih.gov/idg/targets/Q14957,Q14957,"Disulfide bond",http://www.uniprot.org/keywords/KW-1015
https://pharos.nih.gov/idg/targets/Q14957,Q14957,Glycoprotein,http://www.uniprot.org/keywords/KW-0325
https://pharos.nih.gov/idg/targets/Q14957,Q14957,Membrane,http://www.uniprot.org/keywords/KW-0472
https://pharos.nih.gov/idg/targets/Q14957,Q14957,Receptor,http://www.uniprot.org/keywords/KW-0675
https://pharos.nih.gov/idg/targets/Q14957,Q14957,Transmembrane,http://www.uniprot.org/keywords/KW-0812
https://pharos.nih.gov/idg/targets/Q14957,Q14957,"Transmembrane helix",http://www.uniprot.org/keywords/KW-1133
https://pharos.nih.gov/idg/targets/Q14957,Q14957,Signal,http://www.uniprot.org/keywords/KW-0732
https://pharos.nih.gov/idg/targets/Q14957,Q14957,Calcium,http://www.uniprot.org/keywords/KW-0106
https://pharos.nih.gov/idg/targets/Q14957,Q14957,Transport,http://www.uniprot.org/keywords/KW-0813
https://pharos.nih.gov/idg/targets/Q14957,Q14957,"Ion channel",http://www.uniprot.org/keywords/KW-0407
https://pharos.nih.gov/idg/targets/Q14957,Q14957,"Ion transport",http://www.uniprot.org/keywords/KW-0406
https://pharos.nih.gov/idg/targets/Q14957,Q14957,Magnesium,http://www.uniprot.org/keywords/KW-0460
https://pharos.nih.gov/idg/targets/Q14957,Q14957,"Cell junction",http://www.uniprot.org/keywords/KW-0965
https://pharos.nih.gov/idg/targets/Q14957,Q14957,"Ligand-gated ion channel",http://www.uniprot.org/keywords/KW-1071
https://pharos.nih.gov/idg/targets/Q14957,Q14957,"Postsynaptic cell membrane",http://www.uniprot.org/keywords/KW-0628
https://pharos.nih.gov/idg/targets/Q14957,Q14957,Synapse,http://www.uniprot.org/keywords/KW-0770
https://pharos.nih.gov/idg/targets/P39086,P39086,"Complete proteome",http://www.uniprot.org/keywords/KW-0181
https://pharos.nih.gov/idg/targets/P39086,P39086,Polymorphism,http://www.uniprot.org/keywords/KW-0621
https://pharos.nih.gov/idg/targets/P39086,P39086,"Reference proteome",http://www.uniprot.org/keywords/KW-1185
https://pharos.nih.gov/idg/targets/P39086,P39086,"Alternative splicing",http://www.uniprot.org/keywords/KW-0025
https://pharos.nih.gov/idg/targets/P39086,P39086,Phosphoprotein,http://www.uniprot.org/keywords/KW-0597
https://pharos.nih.gov/idg/targets/P39086,P39086,"Cell membrane",http://www.uniprot.org/keywords/KW-1003
https://pharos.nih.gov/idg/targets/P39086,P39086,Glycoprotein,http://www.uniprot.org/keywords/KW-0325
https://pharos.nih.gov/idg/targets/P39086,P39086,Membrane,http://www.uniprot.org/keywords/KW-0472
https://pharos.nih.gov/idg/targets/P39086,P39086,Receptor,http://www.uniprot.org/keywords/KW-0675
https://pharos.nih.gov/idg/targets/P39086,P39086,Transmembrane,http://www.uniprot.org/keywords/KW-0812
https://pharos.nih.gov/idg/targets/P39086,P39086,"Transmembrane helix",http://www.uniprot.org/keywords/KW-1133
https://pharos.nih.gov/idg/targets/P39086,P39086,3D-structure,http://www.uniprot.org/keywords/KW-0002
https://pharos.nih.gov/idg/targets/P39086,P39086,Signal,http://www.uniprot.org/keywords/KW-0732
https://pharos.nih.gov/idg/targets/P39086,P39086,Transport,http://www.uniprot.org/keywords/KW-0813
https://pharos.nih.gov/idg/targets/P39086,P39086,"Ion channel",http://www.uniprot.org/keywords/KW-0407
https://pharos.nih.gov/idg/targets/P39086,P39086,"Ion transport",http://www.uniprot.org/keywords/KW-0406
https://pharos.nih.gov/idg/targets/P39086,P39086,"Cell junction",http://www.uniprot.org/keywords/KW-0965
https://pharos.nih.gov/idg/targets/P39086,P39086,"Ligand-gated ion channel",http://www.uniprot.org/keywords/KW-1071
https://pharos.nih.gov/idg/targets/P39086,P39086,"Postsynaptic cell membrane",http://www.uniprot.org/keywords/KW-0628
https://pharos.nih.gov/idg/targets/P39086,P39086,Synapse,http://www.uniprot.org/keywords/KW-0770
https://pharos.nih.gov/idg/targets/P39086,P39086,"RNA editing",http://www.uniprot.org/keywords/KW-0691
https://pharos.nih.gov/idg/targets/Q12879,Q12879,"Complete proteome",http://www.uniprot.org/keywords/KW-0181
https://pharos.nih.gov/idg/targets/Q12879,Q12879,Metal-binding,http://www.uniprot.org/keywords/KW-0479
https://pharos.nih.gov/idg/targets/Q12879,Q12879,Polymorphism,http://www.uniprot.org/keywords/KW-0621
https://pharos.nih.gov/idg/targets/Q12879,Q12879,"Reference proteome",http://www.uniprot.org/keywords/KW-1185
https://pharos.nih.gov/idg/targets/Q12879,Q12879,Zinc,http://www.uniprot.org/keywords/KW-0862
https://pharos.nih.gov/idg/targets/Q12879,Q12879,"Alternative splicing",http://www.uniprot.org/keywords/KW-0025
https://pharos.nih.gov/idg/targets/Q12879,Q12879,"Disease mutation",http://www.uniprot.org/keywords/KW-0225
https://pharos.nih.gov/idg/targets/Q12879,Q12879,Phosphoprotein,http://www.uniprot.org/keywords/KW-0597
https://pharos.nih.gov/idg/targets/Q12879,Q12879,"Cell membrane",http://www.uniprot.org/keywords/KW-1003
https://pharos.nih.gov/idg/targets/Q12879,Q12879,"Disulfide bond",http://www.uniprot.org/keywords/KW-1015
https://pharos.nih.gov/idg/targets/Q12879,Q12879,Glycoprotein,http://www.uniprot.org/keywords/KW-0325
https://pharos.nih.gov/idg/targets/Q12879,Q12879,Membrane,http://www.uniprot.org/keywords/KW-0472
https://pharos.nih.gov/idg/targets/Q12879,Q12879,Receptor,http://www.uniprot.org/keywords/KW-0675
https://pharos.nih.gov/idg/targets/Q12879,Q12879,Transmembrane,http://www.uniprot.org/keywords/KW-0812
https://pharos.nih.gov/idg/targets/Q12879,Q12879,"Transmembrane helix",http://www.uniprot.org/keywords/KW-1133
https://pharos.nih.gov/idg/targets/Q12879,Q12879,3D-structure,http://www.uniprot.org/keywords/KW-0002
https://pharos.nih.gov/idg/targets/Q12879,Q12879,Signal,http://www.uniprot.org/keywords/KW-0732
https://pharos.nih.gov/idg/targets/Q12879,Q12879,"Chromosomal rearrangement",http://www.uniprot.org/keywords/KW-0160
https://pharos.nih.gov/idg/targets/Q12879,Q12879,Calcium,http://www.uniprot.org/keywords/KW-0106
https://pharos.nih.gov/idg/targets/Q12879,Q12879,Transport,http://www.uniprot.org/keywords/KW-0813
https://pharos.nih.gov/idg/targets/Q12879,Q12879,"Ion channel",http://www.uniprot.org/keywords/KW-0407
https://pharos.nih.gov/idg/targets/Q12879,Q12879,"Ion transport",http://www.uniprot.org/keywords/KW-0406
https://pharos.nih.gov/idg/targets/Q12879,Q12879,Magnesium,http://www.uniprot.org/keywords/KW-0460
https://pharos.nih.gov/idg/targets/Q12879,Q12879,"Cell junction",http://www.uniprot.org/keywords/KW-0965
https://pharos.nih.gov/idg/targets/Q12879,Q12879,"Ligand-gated ion channel",http://www.uniprot.org/keywords/KW-1071
https://pharos.nih.gov/idg/targets/Q12879,Q12879,"Postsynaptic cell membrane",http://www.uniprot.org/keywords/KW-0628
https://pharos.nih.gov/idg/targets/Q12879,Q12879,Synapse,http://www.uniprot.org/keywords/KW-0770
https://pharos.nih.gov/idg/targets/Q12879,Q12879,Epilepsy,http://www.uniprot.org/keywords/KW-0887
https://pharos.nih.gov/idg/targets/P48058,P48058,"Complete proteome",http://www.uniprot.org/keywords/KW-0181
https://pharos.nih.gov/idg/targets/P48058,P48058,"Reference proteome",http://www.uniprot.org/keywords/KW-1185
https://pharos.nih.gov/idg/targets/P48058,P48058,"Alternative splicing",http://www.uniprot.org/keywords/KW-0025
https://pharos.nih.gov/idg/targets/P48058,P48058,"Cell projection",http://www.uniprot.org/keywords/KW-0966
https://pharos.nih.gov/idg/targets/P48058,P48058,Phosphoprotein,http://www.uniprot.org/keywords/KW-0597
https://pharos.nih.gov/idg/targets/P48058,P48058,"Cell membrane",http://www.uniprot.org/keywords/KW-1003
https://pharos.nih.gov/idg/targets/P48058,P48058,"Disulfide bond",http://www.uniprot.org/keywords/KW-1015
https://pharos.nih.gov/idg/targets/P48058,P48058,Glycoprotein,http://www.uniprot.org/keywords/KW-0325
https://pharos.nih.gov/idg/targets/P48058,P48058,Membrane,http://www.uniprot.org/keywords/KW-0472
https://pharos.nih.gov/idg/targets/P48058,P48058,Receptor,http://www.uniprot.org/keywords/KW-0675
https://pharos.nih.gov/idg/targets/P48058,P48058,Transmembrane,http://www.uniprot.org/keywords/KW-0812
https://pharos.nih.gov/idg/targets/P48058,P48058,"Transmembrane helix",http://www.uniprot.org/keywords/KW-1133
https://pharos.nih.gov/idg/targets/P48058,P48058,Lipoprotein,http://www.uniprot.org/keywords/KW-0449
https://pharos.nih.gov/idg/targets/P48058,P48058,Palmitate,http://www.uniprot.org/keywords/KW-0564
https://pharos.nih.gov/idg/targets/P48058,P48058,Signal,http://www.uniprot.org/keywords/KW-0732
https://pharos.nih.gov/idg/targets/P48058,P48058,Transport,http://www.uniprot.org/keywords/KW-0813
https://pharos.nih.gov/idg/targets/P48058,P48058,"Ion channel",http://www.uniprot.org/keywords/KW-0407
https://pharos.nih.gov/idg/targets/P48058,P48058,"Ion transport",http://www.uniprot.org/keywords/KW-0406
https://pharos.nih.gov/idg/targets/P48058,P48058,"Cell junction",http://www.uniprot.org/keywords/KW-0965
https://pharos.nih.gov/idg/targets/P48058,P48058,"Ligand-gated ion channel",http://www.uniprot.org/keywords/KW-1071
https://pharos.nih.gov/idg/targets/P48058,P48058,"Postsynaptic cell membrane",http://www.uniprot.org/keywords/KW-0628
https://pharos.nih.gov/idg/targets/P48058,P48058,Synapse,http://www.uniprot.org/keywords/KW-0770
https://pharos.nih.gov/idg/targets/O15399,O15399,"Complete proteome",http://www.uniprot.org/keywords/KW-0181
https://pharos.nih.gov/idg/targets/O15399,O15399,Polymorphism,http://www.uniprot.org/keywords/KW-0621
https://pharos.nih.gov/idg/targets/O15399,O15399,"Reference proteome",http://www.uniprot.org/keywords/KW-1185
https://pharos.nih.gov/idg/targets/O15399,O15399,"Disease mutation",http://www.uniprot.org/keywords/KW-0225
https://pharos.nih.gov/idg/targets/O15399,O15399,Phosphoprotein,http://www.uniprot.org/keywords/KW-0597
https://pharos.nih.gov/idg/targets/O15399,O15399,"Cell membrane",http://www.uniprot.org/keywords/KW-1003
https://pharos.nih.gov/idg/targets/O15399,O15399,"Disulfide bond",http://www.uniprot.org/keywords/KW-1015
https://pharos.nih.gov/idg/targets/O15399,O15399,Glycoprotein,http://www.uniprot.org/keywords/KW-0325
https://pharos.nih.gov/idg/targets/O15399,O15399,Membrane,http://www.uniprot.org/keywords/KW-0472
https://pharos.nih.gov/idg/targets/O15399,O15399,Receptor,http://www.uniprot.org/keywords/KW-0675
https://pharos.nih.gov/idg/targets/O15399,O15399,Transmembrane,http://www.uniprot.org/keywords/KW-0812
https://pharos.nih.gov/idg/targets/O15399,O15399,"Transmembrane helix",http://www.uniprot.org/keywords/KW-1133
https://pharos.nih.gov/idg/targets/O15399,O15399,Methylation,http://www.uniprot.org/keywords/KW-0488
https://pharos.nih.gov/idg/targets/O15399,O15399,Signal,http://www.uniprot.org/keywords/KW-0732
https://pharos.nih.gov/idg/targets/O15399,O15399,Calcium,http://www.uniprot.org/keywords/KW-0106
https://pharos.nih.gov/idg/targets/O15399,O15399,Transport,http://www.uniprot.org/keywords/KW-0813
https://pharos.nih.gov/idg/targets/O15399,O15399,"Ion channel",http://www.uniprot.org/keywords/KW-0407
https://pharos.nih.gov/idg/targets/O15399,O15399,"Ion transport",http://www.uniprot.org/keywords/KW-0406
https://pharos.nih.gov/idg/targets/O15399,O15399,Magnesium,http://www.uniprot.org/keywords/KW-0460
https://pharos.nih.gov/idg/targets/O15399,O15399,"Cell junction",http://www.uniprot.org/keywords/KW-0965
https://pharos.nih.gov/idg/targets/O15399,O15399,"Ligand-gated ion channel",http://www.uniprot.org/keywords/KW-1071
https://pharos.nih.gov/idg/targets/O15399,O15399,"Postsynaptic cell membrane",http://www.uniprot.org/keywords/KW-0628
https://pharos.nih.gov/idg/targets/O15399,O15399,Synapse,http://www.uniprot.org/keywords/KW-0770
https://pharos.nih.gov/idg/targets/O15399,O15399,Epilepsy,http://www.uniprot.org/keywords/KW-0887
https://pharos.nih.gov/idg/targets/Q05586,Q05586,"Complete proteome",http://www.uniprot.org/keywords/KW-0181
https://pharos.nih.gov/idg/targets/Q05586,Q05586,Polymorphism,http://www.uniprot.org/keywords/KW-0621
https://pharos.nih.gov/idg/targets/Q05586,Q05586,"Reference proteome",http://www.uniprot.org/keywords/KW-1185
https://pharos.nih.gov/idg/targets/Q05586,Q05586,"Alternative splicing",http://www.uniprot.org/keywords/KW-0025
https://pharos.nih.gov/idg/targets/Q05586,Q05586,"Disease mutation",http://www.uniprot.org/keywords/KW-0225
https://pharos.nih.gov/idg/targets/Q05586,Q05586,"Mental retardation",http://www.uniprot.org/keywords/KW-0991
https://pharos.nih.gov/idg/targets/Q05586,Q05586,Phosphoprotein,http://www.uniprot.org/keywords/KW-0597
https://pharos.nih.gov/idg/targets/Q05586,Q05586,"Cell membrane",http://www.uniprot.org/keywords/KW-1003
https://pharos.nih.gov/idg/targets/Q05586,Q05586,"Disulfide bond",http://www.uniprot.org/keywords/KW-1015
https://pharos.nih.gov/idg/targets/Q05586,Q05586,Glycoprotein,http://www.uniprot.org/keywords/KW-0325
https://pharos.nih.gov/idg/targets/Q05586,Q05586,Membrane,http://www.uniprot.org/keywords/KW-0472
https://pharos.nih.gov/idg/targets/Q05586,Q05586,Receptor,http://www.uniprot.org/keywords/KW-0675
https://pharos.nih.gov/idg/targets/Q05586,Q05586,Transmembrane,http://www.uniprot.org/keywords/KW-0812
https://pharos.nih.gov/idg/targets/Q05586,Q05586,"Transmembrane helix",http://www.uniprot.org/keywords/KW-1133
https://pharos.nih.gov/idg/targets/Q05586,Q05586,3D-structure,http://www.uniprot.org/keywords/KW-0002
https://pharos.nih.gov/idg/targets/Q05586,Q05586,Signal,http://www.uniprot.org/keywords/KW-0732
https://pharos.nih.gov/idg/targets/Q05586,Q05586,Calcium,http://www.uniprot.org/keywords/KW-0106
https://pharos.nih.gov/idg/targets/Q05586,Q05586,Transport,http://www.uniprot.org/keywords/KW-0813
https://pharos.nih.gov/idg/targets/Q05586,Q05586,"Ion channel",http://www.uniprot.org/keywords/KW-0407
https://pharos.nih.gov/idg/targets/Q05586,Q05586,"Ion transport",http://www.uniprot.org/keywords/KW-0406
https://pharos.nih.gov/idg/targets/Q05586,Q05586,Magnesium,http://www.uniprot.org/keywords/KW-0460
https://pharos.nih.gov/idg/targets/Q05586,Q05586,"Cell junction",http://www.uniprot.org/keywords/KW-0965
https://pharos.nih.gov/idg/targets/Q05586,Q05586,"Ligand-gated ion channel",http://www.uniprot.org/keywords/KW-1071
https://pharos.nih.gov/idg/targets/Q05586,Q05586,"Postsynaptic cell membrane",http://www.uniprot.org/keywords/KW-0628
https://pharos.nih.gov/idg/targets/Q05586,Q05586,Synapse,http://www.uniprot.org/keywords/KW-0770
https://pharos.nih.gov/idg/targets/Q13224,Q13224,"Complete proteome",http://www.uniprot.org/keywords/KW-0181
https://pharos.nih.gov/idg/targets/Q13224,Q13224,Metal-binding,http://www.uniprot.org/keywords/KW-0479
https://pharos.nih.gov/idg/targets/Q13224,Q13224,Polymorphism,http://www.uniprot.org/keywords/KW-0621
https://pharos.nih.gov/idg/targets/Q13224,Q13224,"Reference proteome",http://www.uniprot.org/keywords/KW-1185
https://pharos.nih.gov/idg/targets/Q13224,Q13224,Zinc,http://www.uniprot.org/keywords/KW-0862
https://pharos.nih.gov/idg/targets/Q13224,Q13224,"Disease mutation",http://www.uniprot.org/keywords/KW-0225
https://pharos.nih.gov/idg/targets/Q13224,Q13224,"Mental retardation",http://www.uniprot.org/keywords/KW-0991
https://pharos.nih.gov/idg/targets/Q13224,Q13224,Phosphoprotein,http://www.uniprot.org/keywords/KW-0597
https://pharos.nih.gov/idg/targets/Q13224,Q13224,"Cell membrane",http://www.uniprot.org/keywords/KW-1003
https://pharos.nih.gov/idg/targets/Q13224,Q13224,"Disulfide bond",http://www.uniprot.org/keywords/KW-1015
https://pharos.nih.gov/idg/targets/Q13224,Q13224,Glycoprotein,http://www.uniprot.org/keywords/KW-0325
https://pharos.nih.gov/idg/targets/Q13224,Q13224,Membrane,http://www.uniprot.org/keywords/KW-0472
https://pharos.nih.gov/idg/targets/Q13224,Q13224,Receptor,http://www.uniprot.org/keywords/KW-0675
https://pharos.nih.gov/idg/targets/Q13224,Q13224,Transmembrane,http://www.uniprot.org/keywords/KW-0812
https://pharos.nih.gov/idg/targets/Q13224,Q13224,"Transmembrane helix",http://www.uniprot.org/keywords/KW-1133
https://pharos.nih.gov/idg/targets/Q13224,Q13224,3D-structure,http://www.uniprot.org/keywords/KW-0002
https://pharos.nih.gov/idg/targets/Q13224,Q13224,Signal,http://www.uniprot.org/keywords/KW-0732
https://pharos.nih.gov/idg/targets/Q13224,Q13224,"Chromosomal rearrangement",http://www.uniprot.org/keywords/KW-0160
https://pharos.nih.gov/idg/targets/Q13224,Q13224,Calcium,http://www.uniprot.org/keywords/KW-0106
https://pharos.nih.gov/idg/targets/Q13224,Q13224,Transport,http://www.uniprot.org/keywords/KW-0813
https://pharos.nih.gov/idg/targets/Q13224,Q13224,"Ion channel",http://www.uniprot.org/keywords/KW-0407
https://pharos.nih.gov/idg/targets/Q13224,Q13224,"Ion transport",http://www.uniprot.org/keywords/KW-0406
https://pharos.nih.gov/idg/targets/Q13224,Q13224,Magnesium,http://www.uniprot.org/keywords/KW-0460
https://pharos.nih.gov/idg/targets/Q13224,Q13224,"Cell junction",http://www.uniprot.org/keywords/KW-0965
https://pharos.nih.gov/idg/targets/Q13224,Q13224,"Ligand-gated ion channel",http://www.uniprot.org/keywords/KW-1071
https://pharos.nih.gov/idg/targets/Q13224,Q13224,"Postsynaptic cell membrane",http://www.uniprot.org/keywords/KW-0628
https://pharos.nih.gov/idg/targets/Q13224,Q13224,Synapse,http://www.uniprot.org/keywords/KW-0770
https://pharos.nih.gov/idg/targets/Q13224,Q13224,Epilepsy,http://www.uniprot.org/keywords/KW-0887
https://pharos.nih.gov/idg/targets/Q13002,Q13002,"Complete proteome",http://www.uniprot.org/keywords/KW-0181
https://pharos.nih.gov/idg/targets/Q13002,Q13002,Polymorphism,http://www.uniprot.org/keywords/KW-0621
https://pharos.nih.gov/idg/targets/Q13002,Q13002,"Reference proteome",http://www.uniprot.org/keywords/KW-1185
https://pharos.nih.gov/idg/targets/Q13002,Q13002,"Alternative splicing",http://www.uniprot.org/keywords/KW-0025
https://pharos.nih.gov/idg/targets/Q13002,Q13002,"Disease mutation",http://www.uniprot.org/keywords/KW-0225
https://pharos.nih.gov/idg/targets/Q13002,Q13002,"Mental retardation",http://www.uniprot.org/keywords/KW-0991
https://pharos.nih.gov/idg/targets/Q13002,Q13002,"Isopeptide bond",http://www.uniprot.org/keywords/KW-1017
https://pharos.nih.gov/idg/targets/Q13002,Q13002,Phosphoprotein,http://www.uniprot.org/keywords/KW-0597
https://pharos.nih.gov/idg/targets/Q13002,Q13002,"Ubl conjugation",http://www.uniprot.org/keywords/KW-0832
https://pharos.nih.gov/idg/targets/Q13002,Q13002,"Cell membrane",http://www.uniprot.org/keywords/KW-1003
https://pharos.nih.gov/idg/targets/Q13002,Q13002,"Disulfide bond",http://www.uniprot.org/keywords/KW-1015
https://pharos.nih.gov/idg/targets/Q13002,Q13002,Glycoprotein,http://www.uniprot.org/keywords/KW-0325
https://pharos.nih.gov/idg/targets/Q13002,Q13002,Membrane,http://www.uniprot.org/keywords/KW-0472
https://pharos.nih.gov/idg/targets/Q13002,Q13002,Receptor,http://www.uniprot.org/keywords/KW-0675
https://pharos.nih.gov/idg/targets/Q13002,Q13002,Transmembrane,http://www.uniprot.org/keywords/KW-0812
https://pharos.nih.gov/idg/targets/Q13002,Q13002,"Transmembrane helix",http://www.uniprot.org/keywords/KW-1133
https://pharos.nih.gov/idg/targets/Q13002,Q13002,3D-structure,http://www.uniprot.org/keywords/KW-0002
https://pharos.nih.gov/idg/targets/Q13002,Q13002,Signal,http://www.uniprot.org/keywords/KW-0732
https://pharos.nih.gov/idg/targets/Q13002,Q13002,Transport,http://www.uniprot.org/keywords/KW-0813
https://pharos.nih.gov/idg/targets/Q13002,Q13002,"Ion channel",http://www.uniprot.org/keywords/KW-0407
https://pharos.nih.gov/idg/targets/Q13002,Q13002,"Ion transport",http://www.uniprot.org/keywords/KW-0406
https://pharos.nih.gov/idg/targets/Q13002,Q13002,"Cell junction",http://www.uniprot.org/keywords/KW-0965
https://pharos.nih.gov/idg/targets/Q13002,Q13002,"Ligand-gated ion channel",http://www.uniprot.org/keywords/KW-1071
https://pharos.nih.gov/idg/targets/Q13002,Q13002,"Postsynaptic cell membrane",http://www.uniprot.org/keywords/KW-0628
https://pharos.nih.gov/idg/targets/Q13002,Q13002,Synapse,http://www.uniprot.org/keywords/KW-0770
https://pharos.nih.gov/idg/targets/Q13002,Q13002,"RNA editing",http://www.uniprot.org/keywords/KW-0691
https://pharos.nih.gov/idg/targets/P42263,P42263,"Complete proteome",http://www.uniprot.org/keywords/KW-0181
https://pharos.nih.gov/idg/targets/P42263,P42263,Polymorphism,http://www.uniprot.org/keywords/KW-0621
https://pharos.nih.gov/idg/targets/P42263,P42263,"Reference proteome",http://www.uniprot.org/keywords/KW-1185
https://pharos.nih.gov/idg/targets/P42263,P42263,"Alternative splicing",http://www.uniprot.org/keywords/KW-0025
https://pharos.nih.gov/idg/targets/P42263,P42263,"Disease mutation",http://www.uniprot.org/keywords/KW-0225
https://pharos.nih.gov/idg/targets/P42263,P42263,"Mental retardation",http://www.uniprot.org/keywords/KW-0991
https://pharos.nih.gov/idg/targets/P42263,P42263,Phosphoprotein,http://www.uniprot.org/keywords/KW-0597
https://pharos.nih.gov/idg/targets/P42263,P42263,"Cell membrane",http://www.uniprot.org/keywords/KW-1003
https://pharos.nih.gov/idg/targets/P42263,P42263,"Disulfide bond",http://www.uniprot.org/keywords/KW-1015
https://pharos.nih.gov/idg/targets/P42263,P42263,Glycoprotein,http://www.uniprot.org/keywords/KW-0325
https://pharos.nih.gov/idg/targets/P42263,P42263,Membrane,http://www.uniprot.org/keywords/KW-0472
https://pharos.nih.gov/idg/targets/P42263,P42263,Receptor,http://www.uniprot.org/keywords/KW-0675
https://pharos.nih.gov/idg/targets/P42263,P42263,Transmembrane,http://www.uniprot.org/keywords/KW-0812
https://pharos.nih.gov/idg/targets/P42263,P42263,"Transmembrane helix",http://www.uniprot.org/keywords/KW-1133
https://pharos.nih.gov/idg/targets/P42263,P42263,Lipoprotein,http://www.uniprot.org/keywords/KW-0449
https://pharos.nih.gov/idg/targets/P42263,P42263,Palmitate,http://www.uniprot.org/keywords/KW-0564
https://pharos.nih.gov/idg/targets/P42263,P42263,Signal,http://www.uniprot.org/keywords/KW-0732
https://pharos.nih.gov/idg/targets/P42263,P42263,Transport,http://www.uniprot.org/keywords/KW-0813
https://pharos.nih.gov/idg/targets/P42263,P42263,"Ion channel",http://www.uniprot.org/keywords/KW-0407
https://pharos.nih.gov/idg/targets/P42263,P42263,"Ion transport",http://www.uniprot.org/keywords/KW-0406
https://pharos.nih.gov/idg/targets/P42263,P42263,"Cell junction",http://www.uniprot.org/keywords/KW-0965
https://pharos.nih.gov/idg/targets/P42263,P42263,"Ligand-gated ion channel",http://www.uniprot.org/keywords/KW-1071
https://pharos.nih.gov/idg/targets/P42263,P42263,"Postsynaptic cell membrane",http://www.uniprot.org/keywords/KW-0628
https://pharos.nih.gov/idg/targets/P42263,P42263,Synapse,http://www.uniprot.org/keywords/KW-0770
https://pharos.nih.gov/idg/targets/P42262,P42262,"Complete proteome",http://www.uniprot.org/keywords/KW-0181
https://pharos.nih.gov/idg/targets/P42262,P42262,Polymorphism,http://www.uniprot.org/keywords/KW-0621
https://pharos.nih.gov/idg/targets/P42262,P42262,"Reference proteome",http://www.uniprot.org/keywords/KW-1185
https://pharos.nih.gov/idg/targets/P42262,P42262,"Alternative splicing",http://www.uniprot.org/keywords/KW-0025
https://pharos.nih.gov/idg/targets/P42262,P42262,Phosphoprotein,http://www.uniprot.org/keywords/KW-0597
https://pharos.nih.gov/idg/targets/P42262,P42262,"Cell membrane",http://www.uniprot.org/keywords/KW-1003
https://pharos.nih.gov/idg/targets/P42262,P42262,"Disulfide bond",http://www.uniprot.org/keywords/KW-1015
https://pharos.nih.gov/idg/targets/P42262,P42262,Glycoprotein,http://www.uniprot.org/keywords/KW-0325
https://pharos.nih.gov/idg/targets/P42262,P42262,Membrane,http://www.uniprot.org/keywords/KW-0472
https://pharos.nih.gov/idg/targets/P42262,P42262,Receptor,http://www.uniprot.org/keywords/KW-0675
https://pharos.nih.gov/idg/targets/P42262,P42262,Transmembrane,http://www.uniprot.org/keywords/KW-0812
https://pharos.nih.gov/idg/targets/P42262,P42262,"Transmembrane helix",http://www.uniprot.org/keywords/KW-1133
https://pharos.nih.gov/idg/targets/P42262,P42262,3D-structure,http://www.uniprot.org/keywords/KW-0002
https://pharos.nih.gov/idg/targets/P42262,P42262,"Endoplasmic reticulum",http://www.uniprot.org/keywords/KW-0256
https://pharos.nih.gov/idg/targets/P42262,P42262,Lipoprotein,http://www.uniprot.org/keywords/KW-0449
https://pharos.nih.gov/idg/targets/P42262,P42262,Palmitate,http://www.uniprot.org/keywords/KW-0564
https://pharos.nih.gov/idg/targets/P42262,P42262,Signal,http://www.uniprot.org/keywords/KW-0732
https://pharos.nih.gov/idg/targets/P42262,P42262,Transport,http://www.uniprot.org/keywords/KW-0813
https://pharos.nih.gov/idg/targets/P42262,P42262,"Ion channel",http://www.uniprot.org/keywords/KW-0407
https://pharos.nih.gov/idg/targets/P42262,P42262,"Ion transport",http://www.uniprot.org/keywords/KW-0406
https://pharos.nih.gov/idg/targets/P42262,P42262,"Cell junction",http://www.uniprot.org/keywords/KW-0965
https://pharos.nih.gov/idg/targets/P42262,P42262,"Ligand-gated ion channel",http://www.uniprot.org/keywords/KW-1071
https://pharos.nih.gov/idg/targets/P42262,P42262,"Postsynaptic cell membrane",http://www.uniprot.org/keywords/KW-0628
https://pharos.nih.gov/idg/targets/P42262,P42262,Synapse,http://www.uniprot.org/keywords/KW-0770
https://pharos.nih.gov/idg/targets/P42262,P42262,"RNA editing",http://www.uniprot.org/keywords/KW-0691
https://pharos.nih.gov/idg/targets/Q13003,Q13003,"Complete proteome",http://www.uniprot.org/keywords/KW-0181
https://pharos.nih.gov/idg/targets/Q13003,Q13003,Polymorphism,http://www.uniprot.org/keywords/KW-0621
https://pharos.nih.gov/idg/targets/Q13003,Q13003,"Reference proteome",http://www.uniprot.org/keywords/KW-1185
https://pharos.nih.gov/idg/targets/Q13003,Q13003,"Alternative splicing",http://www.uniprot.org/keywords/KW-0025
https://pharos.nih.gov/idg/targets/Q13003,Q13003,"Isopeptide bond",http://www.uniprot.org/keywords/KW-1017
https://pharos.nih.gov/idg/targets/Q13003,Q13003,Phosphoprotein,http://www.uniprot.org/keywords/KW-0597
https://pharos.nih.gov/idg/targets/Q13003,Q13003,"Ubl conjugation",http://www.uniprot.org/keywords/KW-0832
https://pharos.nih.gov/idg/targets/Q13003,Q13003,"Cell membrane",http://www.uniprot.org/keywords/KW-1003
https://pharos.nih.gov/idg/targets/Q13003,Q13003,"Disulfide bond",http://www.uniprot.org/keywords/KW-1015
https://pharos.nih.gov/idg/targets/Q13003,Q13003,Glycoprotein,http://www.uniprot.org/keywords/KW-0325
https://pharos.nih.gov/idg/targets/Q13003,Q13003,Membrane,http://www.uniprot.org/keywords/KW-0472
https://pharos.nih.gov/idg/targets/Q13003,Q13003,Receptor,http://www.uniprot.org/keywords/KW-0675
https://pharos.nih.gov/idg/targets/Q13003,Q13003,Transmembrane,http://www.uniprot.org/keywords/KW-0812
https://pharos.nih.gov/idg/targets/Q13003,Q13003,"Transmembrane helix",http://www.uniprot.org/keywords/KW-1133
https://pharos.nih.gov/idg/targets/Q13003,Q13003,Signal,http://www.uniprot.org/keywords/KW-0732
https://pharos.nih.gov/idg/targets/Q13003,Q13003,Transport,http://www.uniprot.org/keywords/KW-0813
https://pharos.nih.gov/idg/targets/Q13003,Q13003,"Ion channel",http://www.uniprot.org/keywords/KW-0407
https://pharos.nih.gov/idg/targets/Q13003,Q13003,"Ion transport",http://www.uniprot.org/keywords/KW-0406
https://pharos.nih.gov/idg/targets/Q13003,Q13003,"Cell junction",http://www.uniprot.org/keywords/KW-0965
https://pharos.nih.gov/idg/targets/Q13003,Q13003,"Ligand-gated ion channel",http://www.uniprot.org/keywords/KW-1071
https://pharos.nih.gov/idg/targets/Q13003,Q13003,"Postsynaptic cell membrane",http://www.uniprot.org/keywords/KW-0628
https://pharos.nih.gov/idg/targets/Q13003,Q13003,Synapse,http://www.uniprot.org/keywords/KW-0770
https://pharos.nih.gov/idg/targets/Q13003,Q13003,"RNA editing",http://www.uniprot.org/keywords/KW-0691
