"URL","Uniprot ID","Keyword","Link"
https://pharos.nih.gov/idg/targets/P55263,P55263,"Complete proteome",http://www.uniprot.org/keywords/KW-0181
https://pharos.nih.gov/idg/targets/P55263,P55263,Metal-binding,http://www.uniprot.org/keywords/KW-0479
https://pharos.nih.gov/idg/targets/P55263,P55263,Nucleus,http://www.uniprot.org/keywords/KW-0539
https://pharos.nih.gov/idg/targets/P55263,P55263,"Reference proteome",http://www.uniprot.org/keywords/KW-1185
https://pharos.nih.gov/idg/targets/P55263,P55263,"Alternative splicing",http://www.uniprot.org/keywords/KW-0025
https://pharos.nih.gov/idg/targets/P55263,P55263,Cytoplasm,http://www.uniprot.org/keywords/KW-0963
https://pharos.nih.gov/idg/targets/P55263,P55263,"Disease mutation",http://www.uniprot.org/keywords/KW-0225
https://pharos.nih.gov/idg/targets/P55263,P55263,Phosphoprotein,http://www.uniprot.org/keywords/KW-0597
https://pharos.nih.gov/idg/targets/P55263,P55263,Acetylation,http://www.uniprot.org/keywords/KW-0007
https://pharos.nih.gov/idg/targets/P55263,P55263,3D-structure,http://www.uniprot.org/keywords/KW-0002
https://pharos.nih.gov/idg/targets/P55263,P55263,Transferase,http://www.uniprot.org/keywords/KW-0808
https://pharos.nih.gov/idg/targets/P55263,P55263,ATP-binding,http://www.uniprot.org/keywords/KW-0067
https://pharos.nih.gov/idg/targets/P55263,P55263,Nucleotide-binding,http://www.uniprot.org/keywords/KW-0547
https://pharos.nih.gov/idg/targets/P55263,P55263,"Direct protein sequencing",http://www.uniprot.org/keywords/KW-0903
https://pharos.nih.gov/idg/targets/P55263,P55263,Magnesium,http://www.uniprot.org/keywords/KW-0460
https://pharos.nih.gov/idg/targets/P55263,P55263,Kinase,http://www.uniprot.org/keywords/KW-0418
https://pharos.nih.gov/idg/targets/P55263,P55263,"Purine salvage",http://www.uniprot.org/keywords/KW-0660
https://pharos.nih.gov/idg/targets/Q9UBF8,Q9UBF8,"Complete proteome",http://www.uniprot.org/keywords/KW-0181
https://pharos.nih.gov/idg/targets/Q9UBF8,Q9UBF8,"Reference proteome",http://www.uniprot.org/keywords/KW-1185
https://pharos.nih.gov/idg/targets/Q9UBF8,Q9UBF8,"Alternative splicing",http://www.uniprot.org/keywords/KW-0025
https://pharos.nih.gov/idg/targets/Q9UBF8,Q9UBF8,Cytoplasm,http://www.uniprot.org/keywords/KW-0963
https://pharos.nih.gov/idg/targets/Q9UBF8,Q9UBF8,Phosphoprotein,http://www.uniprot.org/keywords/KW-0597
https://pharos.nih.gov/idg/targets/Q9UBF8,Q9UBF8,Membrane,http://www.uniprot.org/keywords/KW-0472
https://pharos.nih.gov/idg/targets/Q9UBF8,Q9UBF8,Acetylation,http://www.uniprot.org/keywords/KW-0007
https://pharos.nih.gov/idg/targets/Q9UBF8,Q9UBF8,3D-structure,http://www.uniprot.org/keywords/KW-0002
https://pharos.nih.gov/idg/targets/Q9UBF8,Q9UBF8,"Golgi apparatus",http://www.uniprot.org/keywords/KW-0333
https://pharos.nih.gov/idg/targets/Q9UBF8,Q9UBF8,"Endoplasmic reticulum",http://www.uniprot.org/keywords/KW-0256
https://pharos.nih.gov/idg/targets/Q9UBF8,Q9UBF8,Transferase,http://www.uniprot.org/keywords/KW-0808
https://pharos.nih.gov/idg/targets/Q9UBF8,Q9UBF8,ATP-binding,http://www.uniprot.org/keywords/KW-0067
https://pharos.nih.gov/idg/targets/Q9UBF8,Q9UBF8,Nucleotide-binding,http://www.uniprot.org/keywords/KW-0547
https://pharos.nih.gov/idg/targets/Q9UBF8,Q9UBF8,"Direct protein sequencing",http://www.uniprot.org/keywords/KW-0903
https://pharos.nih.gov/idg/targets/Q9UBF8,Q9UBF8,Mitochondrion,http://www.uniprot.org/keywords/KW-0496
https://pharos.nih.gov/idg/targets/Q9UBF8,Q9UBF8,"Mitochondrion outer membrane",http://www.uniprot.org/keywords/KW-1000
https://pharos.nih.gov/idg/targets/Q9UBF8,Q9UBF8,Kinase,http://www.uniprot.org/keywords/KW-0418
https://pharos.nih.gov/idg/targets/P27987,P27987,"Complete proteome",http://www.uniprot.org/keywords/KW-0181
https://pharos.nih.gov/idg/targets/P27987,P27987,Polymorphism,http://www.uniprot.org/keywords/KW-0621
https://pharos.nih.gov/idg/targets/P27987,P27987,"Reference proteome",http://www.uniprot.org/keywords/KW-1185
https://pharos.nih.gov/idg/targets/P27987,P27987,"Alternative splicing",http://www.uniprot.org/keywords/KW-0025
https://pharos.nih.gov/idg/targets/P27987,P27987,Phosphoprotein,http://www.uniprot.org/keywords/KW-0597
https://pharos.nih.gov/idg/targets/P27987,P27987,Transferase,http://www.uniprot.org/keywords/KW-0808
https://pharos.nih.gov/idg/targets/P27987,P27987,ATP-binding,http://www.uniprot.org/keywords/KW-0067
https://pharos.nih.gov/idg/targets/P27987,P27987,Nucleotide-binding,http://www.uniprot.org/keywords/KW-0547
https://pharos.nih.gov/idg/targets/P27987,P27987,Kinase,http://www.uniprot.org/keywords/KW-0418
https://pharos.nih.gov/idg/targets/P27987,P27987,Calmodulin-binding,http://www.uniprot.org/keywords/KW-0112
https://pharos.nih.gov/idg/targets/P00558,P00558,"Complete proteome",http://www.uniprot.org/keywords/KW-0181
https://pharos.nih.gov/idg/targets/P00558,P00558,Polymorphism,http://www.uniprot.org/keywords/KW-0621
https://pharos.nih.gov/idg/targets/P00558,P00558,"Reference proteome",http://www.uniprot.org/keywords/KW-1185
https://pharos.nih.gov/idg/targets/P00558,P00558,"Alternative splicing",http://www.uniprot.org/keywords/KW-0025
https://pharos.nih.gov/idg/targets/P00558,P00558,Cytoplasm,http://www.uniprot.org/keywords/KW-0963
https://pharos.nih.gov/idg/targets/P00558,P00558,"Disease mutation",http://www.uniprot.org/keywords/KW-0225
https://pharos.nih.gov/idg/targets/P00558,P00558,Phosphoprotein,http://www.uniprot.org/keywords/KW-0597
https://pharos.nih.gov/idg/targets/P00558,P00558,Acetylation,http://www.uniprot.org/keywords/KW-0007
https://pharos.nih.gov/idg/targets/P00558,P00558,3D-structure,http://www.uniprot.org/keywords/KW-0002
https://pharos.nih.gov/idg/targets/P00558,P00558,Transferase,http://www.uniprot.org/keywords/KW-0808
https://pharos.nih.gov/idg/targets/P00558,P00558,ATP-binding,http://www.uniprot.org/keywords/KW-0067
https://pharos.nih.gov/idg/targets/P00558,P00558,Nucleotide-binding,http://www.uniprot.org/keywords/KW-0547
https://pharos.nih.gov/idg/targets/P00558,P00558,"Direct protein sequencing",http://www.uniprot.org/keywords/KW-0903
https://pharos.nih.gov/idg/targets/P00558,P00558,Glycolysis,http://www.uniprot.org/keywords/KW-0324
https://pharos.nih.gov/idg/targets/P00558,P00558,Kinase,http://www.uniprot.org/keywords/KW-0418
https://pharos.nih.gov/idg/targets/P00558,P00558,"Hereditary hemolytic anemia",http://www.uniprot.org/keywords/KW-0360
https://pharos.nih.gov/idg/targets/P14618,P14618,"Complete proteome",http://www.uniprot.org/keywords/KW-0181
https://pharos.nih.gov/idg/targets/P14618,P14618,Metal-binding,http://www.uniprot.org/keywords/KW-0479
https://pharos.nih.gov/idg/targets/P14618,P14618,Nucleus,http://www.uniprot.org/keywords/KW-0539
https://pharos.nih.gov/idg/targets/P14618,P14618,Polymorphism,http://www.uniprot.org/keywords/KW-0621
https://pharos.nih.gov/idg/targets/P14618,P14618,"Reference proteome",http://www.uniprot.org/keywords/KW-1185
https://pharos.nih.gov/idg/targets/P14618,P14618,"Alternative splicing",http://www.uniprot.org/keywords/KW-0025
https://pharos.nih.gov/idg/targets/P14618,P14618,Cytoplasm,http://www.uniprot.org/keywords/KW-0963
https://pharos.nih.gov/idg/targets/P14618,P14618,"Isopeptide bond",http://www.uniprot.org/keywords/KW-1017
https://pharos.nih.gov/idg/targets/P14618,P14618,Phosphoprotein,http://www.uniprot.org/keywords/KW-0597
https://pharos.nih.gov/idg/targets/P14618,P14618,"Ubl conjugation",http://www.uniprot.org/keywords/KW-0832
https://pharos.nih.gov/idg/targets/P14618,P14618,Acetylation,http://www.uniprot.org/keywords/KW-0007
https://pharos.nih.gov/idg/targets/P14618,P14618,3D-structure,http://www.uniprot.org/keywords/KW-0002
https://pharos.nih.gov/idg/targets/P14618,P14618,Transferase,http://www.uniprot.org/keywords/KW-0808
https://pharos.nih.gov/idg/targets/P14618,P14618,ATP-binding,http://www.uniprot.org/keywords/KW-0067
https://pharos.nih.gov/idg/targets/P14618,P14618,Methylation,http://www.uniprot.org/keywords/KW-0488
https://pharos.nih.gov/idg/targets/P14618,P14618,Nucleotide-binding,http://www.uniprot.org/keywords/KW-0547
https://pharos.nih.gov/idg/targets/P14618,P14618,"Direct protein sequencing",http://www.uniprot.org/keywords/KW-0903
https://pharos.nih.gov/idg/targets/P14618,P14618,Magnesium,http://www.uniprot.org/keywords/KW-0460
https://pharos.nih.gov/idg/targets/P14618,P14618,Glycolysis,http://www.uniprot.org/keywords/KW-0324
https://pharos.nih.gov/idg/targets/P14618,P14618,Kinase,http://www.uniprot.org/keywords/KW-0418
https://pharos.nih.gov/idg/targets/P14618,P14618,Hydroxylation,http://www.uniprot.org/keywords/KW-0379
https://pharos.nih.gov/idg/targets/P14618,P14618,"Allosteric enzyme",http://www.uniprot.org/keywords/KW-0021
https://pharos.nih.gov/idg/targets/P14618,P14618,Potassium,http://www.uniprot.org/keywords/KW-0630
https://pharos.nih.gov/idg/targets/P14618,P14618,Pyruvate,http://www.uniprot.org/keywords/KW-0670
https://pharos.nih.gov/idg/targets/P23677,P23677,"Complete proteome",http://www.uniprot.org/keywords/KW-0181
https://pharos.nih.gov/idg/targets/P23677,P23677,"Reference proteome",http://www.uniprot.org/keywords/KW-1185
https://pharos.nih.gov/idg/targets/P23677,P23677,Phosphoprotein,http://www.uniprot.org/keywords/KW-0597
https://pharos.nih.gov/idg/targets/P23677,P23677,3D-structure,http://www.uniprot.org/keywords/KW-0002
https://pharos.nih.gov/idg/targets/P23677,P23677,Transferase,http://www.uniprot.org/keywords/KW-0808
https://pharos.nih.gov/idg/targets/P23677,P23677,ATP-binding,http://www.uniprot.org/keywords/KW-0067
https://pharos.nih.gov/idg/targets/P23677,P23677,Methylation,http://www.uniprot.org/keywords/KW-0488
https://pharos.nih.gov/idg/targets/P23677,P23677,Nucleotide-binding,http://www.uniprot.org/keywords/KW-0547
https://pharos.nih.gov/idg/targets/P23677,P23677,Kinase,http://www.uniprot.org/keywords/KW-0418
https://pharos.nih.gov/idg/targets/P23677,P23677,Calmodulin-binding,http://www.uniprot.org/keywords/KW-0112
https://pharos.nih.gov/idg/targets/O00443,O00443,"Complete proteome",http://www.uniprot.org/keywords/KW-0181
https://pharos.nih.gov/idg/targets/O00443,O00443,Nucleus,http://www.uniprot.org/keywords/KW-0539
https://pharos.nih.gov/idg/targets/O00443,O00443,Polymorphism,http://www.uniprot.org/keywords/KW-0621
https://pharos.nih.gov/idg/targets/O00443,O00443,"Reference proteome",http://www.uniprot.org/keywords/KW-1185
https://pharos.nih.gov/idg/targets/O00443,O00443,"Alternative splicing",http://www.uniprot.org/keywords/KW-0025
https://pharos.nih.gov/idg/targets/O00443,O00443,Cytoplasm,http://www.uniprot.org/keywords/KW-0963
https://pharos.nih.gov/idg/targets/O00443,O00443,Phosphoprotein,http://www.uniprot.org/keywords/KW-0597
https://pharos.nih.gov/idg/targets/O00443,O00443,"Cell membrane",http://www.uniprot.org/keywords/KW-1003
https://pharos.nih.gov/idg/targets/O00443,O00443,Membrane,http://www.uniprot.org/keywords/KW-0472
https://pharos.nih.gov/idg/targets/O00443,O00443,Acetylation,http://www.uniprot.org/keywords/KW-0007
https://pharos.nih.gov/idg/targets/O00443,O00443,3D-structure,http://www.uniprot.org/keywords/KW-0002
https://pharos.nih.gov/idg/targets/O00443,O00443,"Golgi apparatus",http://www.uniprot.org/keywords/KW-0333
https://pharos.nih.gov/idg/targets/O00443,O00443,Transferase,http://www.uniprot.org/keywords/KW-0808
https://pharos.nih.gov/idg/targets/O00443,O00443,ATP-binding,http://www.uniprot.org/keywords/KW-0067
https://pharos.nih.gov/idg/targets/O00443,O00443,Nucleotide-binding,http://www.uniprot.org/keywords/KW-0547
https://pharos.nih.gov/idg/targets/O00443,O00443,"Cytoplasmic vesicle",http://www.uniprot.org/keywords/KW-0968
https://pharos.nih.gov/idg/targets/O00443,O00443,Kinase,http://www.uniprot.org/keywords/KW-0418
https://pharos.nih.gov/idg/targets/O00443,O00443,Endocytosis,http://www.uniprot.org/keywords/KW-0254
https://pharos.nih.gov/idg/targets/O00443,O00443,Exocytosis,http://www.uniprot.org/keywords/KW-0268
https://pharos.nih.gov/idg/targets/O00142,O00142,"Complete proteome",http://www.uniprot.org/keywords/KW-0181
https://pharos.nih.gov/idg/targets/O00142,O00142,"Reference proteome",http://www.uniprot.org/keywords/KW-1185
https://pharos.nih.gov/idg/targets/O00142,O00142,"Alternative splicing",http://www.uniprot.org/keywords/KW-0025
https://pharos.nih.gov/idg/targets/O00142,O00142,"Disease mutation",http://www.uniprot.org/keywords/KW-0225
https://pharos.nih.gov/idg/targets/O00142,O00142,Transferase,http://www.uniprot.org/keywords/KW-0808
https://pharos.nih.gov/idg/targets/O00142,O00142,ATP-binding,http://www.uniprot.org/keywords/KW-0067
https://pharos.nih.gov/idg/targets/O00142,O00142,Nucleotide-binding,http://www.uniprot.org/keywords/KW-0547
https://pharos.nih.gov/idg/targets/O00142,O00142,"Direct protein sequencing",http://www.uniprot.org/keywords/KW-0903
https://pharos.nih.gov/idg/targets/O00142,O00142,Mitochondrion,http://www.uniprot.org/keywords/KW-0496
https://pharos.nih.gov/idg/targets/O00142,O00142,"Transit peptide",http://www.uniprot.org/keywords/KW-0809
https://pharos.nih.gov/idg/targets/O00142,O00142,"Primary mitochondrial disease",http://www.uniprot.org/keywords/KW-1274
https://pharos.nih.gov/idg/targets/O00142,O00142,Kinase,http://www.uniprot.org/keywords/KW-0418
https://pharos.nih.gov/idg/targets/O00142,O00142,"Progressive external ophthalmoplegia",http://www.uniprot.org/keywords/KW-0935
https://pharos.nih.gov/idg/targets/O00142,O00142,"DNA synthesis",http://www.uniprot.org/keywords/KW-0237
https://pharos.nih.gov/idg/targets/P35790,P35790,"Complete proteome",http://www.uniprot.org/keywords/KW-0181
https://pharos.nih.gov/idg/targets/P35790,P35790,Polymorphism,http://www.uniprot.org/keywords/KW-0621
https://pharos.nih.gov/idg/targets/P35790,P35790,"Reference proteome",http://www.uniprot.org/keywords/KW-1185
https://pharos.nih.gov/idg/targets/P35790,P35790,"Alternative splicing",http://www.uniprot.org/keywords/KW-0025
https://pharos.nih.gov/idg/targets/P35790,P35790,Cytoplasm,http://www.uniprot.org/keywords/KW-0963
https://pharos.nih.gov/idg/targets/P35790,P35790,3D-structure,http://www.uniprot.org/keywords/KW-0002
https://pharos.nih.gov/idg/targets/P35790,P35790,"Lipid biosynthesis",http://www.uniprot.org/keywords/KW-0444
https://pharos.nih.gov/idg/targets/P35790,P35790,"Lipid metabolism",http://www.uniprot.org/keywords/KW-0443
https://pharos.nih.gov/idg/targets/P35790,P35790,Transferase,http://www.uniprot.org/keywords/KW-0808
https://pharos.nih.gov/idg/targets/P35790,P35790,ATP-binding,http://www.uniprot.org/keywords/KW-0067
https://pharos.nih.gov/idg/targets/P35790,P35790,Nucleotide-binding,http://www.uniprot.org/keywords/KW-0547
https://pharos.nih.gov/idg/targets/P35790,P35790,Kinase,http://www.uniprot.org/keywords/KW-0418
https://pharos.nih.gov/idg/targets/P35790,P35790,"Phospholipid biosynthesis",http://www.uniprot.org/keywords/KW-0594
https://pharos.nih.gov/idg/targets/P35790,P35790,"Phospholipid metabolism",http://www.uniprot.org/keywords/KW-1208
https://pharos.nih.gov/idg/targets/P04183,P04183,"Complete proteome",http://www.uniprot.org/keywords/KW-0181
https://pharos.nih.gov/idg/targets/P04183,P04183,Metal-binding,http://www.uniprot.org/keywords/KW-0479
https://pharos.nih.gov/idg/targets/P04183,P04183,"Reference proteome",http://www.uniprot.org/keywords/KW-1185
https://pharos.nih.gov/idg/targets/P04183,P04183,Zinc,http://www.uniprot.org/keywords/KW-0862
https://pharos.nih.gov/idg/targets/P04183,P04183,Cytoplasm,http://www.uniprot.org/keywords/KW-0963
https://pharos.nih.gov/idg/targets/P04183,P04183,Phosphoprotein,http://www.uniprot.org/keywords/KW-0597
https://pharos.nih.gov/idg/targets/P04183,P04183,Acetylation,http://www.uniprot.org/keywords/KW-0007
https://pharos.nih.gov/idg/targets/P04183,P04183,3D-structure,http://www.uniprot.org/keywords/KW-0002
https://pharos.nih.gov/idg/targets/P04183,P04183,Transferase,http://www.uniprot.org/keywords/KW-0808
https://pharos.nih.gov/idg/targets/P04183,P04183,ATP-binding,http://www.uniprot.org/keywords/KW-0067
https://pharos.nih.gov/idg/targets/P04183,P04183,Nucleotide-binding,http://www.uniprot.org/keywords/KW-0547
https://pharos.nih.gov/idg/targets/P04183,P04183,Kinase,http://www.uniprot.org/keywords/KW-0418
https://pharos.nih.gov/idg/targets/P04183,P04183,"DNA synthesis",http://www.uniprot.org/keywords/KW-0237
https://pharos.nih.gov/idg/targets/Q8TCT0,Q8TCT0,"Complete proteome",http://www.uniprot.org/keywords/KW-0181
https://pharos.nih.gov/idg/targets/Q8TCT0,Q8TCT0,Polymorphism,http://www.uniprot.org/keywords/KW-0621
https://pharos.nih.gov/idg/targets/Q8TCT0,Q8TCT0,"Reference proteome",http://www.uniprot.org/keywords/KW-1185
https://pharos.nih.gov/idg/targets/Q8TCT0,Q8TCT0,"Alternative splicing",http://www.uniprot.org/keywords/KW-0025
https://pharos.nih.gov/idg/targets/Q8TCT0,Q8TCT0,Cytoplasm,http://www.uniprot.org/keywords/KW-0963
https://pharos.nih.gov/idg/targets/Q8TCT0,Q8TCT0,Phosphoprotein,http://www.uniprot.org/keywords/KW-0597
https://pharos.nih.gov/idg/targets/Q8TCT0,Q8TCT0,Membrane,http://www.uniprot.org/keywords/KW-0472
https://pharos.nih.gov/idg/targets/Q8TCT0,Q8TCT0,Transferase,http://www.uniprot.org/keywords/KW-0808
https://pharos.nih.gov/idg/targets/Q8TCT0,Q8TCT0,ATP-binding,http://www.uniprot.org/keywords/KW-0067
https://pharos.nih.gov/idg/targets/Q8TCT0,Q8TCT0,Nucleotide-binding,http://www.uniprot.org/keywords/KW-0547
https://pharos.nih.gov/idg/targets/Q8TCT0,Q8TCT0,Calcium,http://www.uniprot.org/keywords/KW-0106
https://pharos.nih.gov/idg/targets/Q8TCT0,Q8TCT0,Magnesium,http://www.uniprot.org/keywords/KW-0460
https://pharos.nih.gov/idg/targets/Q8TCT0,Q8TCT0,Kinase,http://www.uniprot.org/keywords/KW-0418
https://pharos.nih.gov/idg/targets/O60825,O60825,"Complete proteome",http://www.uniprot.org/keywords/KW-0181
https://pharos.nih.gov/idg/targets/O60825,O60825,"Reference proteome",http://www.uniprot.org/keywords/KW-1185
https://pharos.nih.gov/idg/targets/O60825,O60825,"Alternative splicing",http://www.uniprot.org/keywords/KW-0025
https://pharos.nih.gov/idg/targets/O60825,O60825,Phosphoprotein,http://www.uniprot.org/keywords/KW-0597
https://pharos.nih.gov/idg/targets/O60825,O60825,Acetylation,http://www.uniprot.org/keywords/KW-0007
https://pharos.nih.gov/idg/targets/O60825,O60825,3D-structure,http://www.uniprot.org/keywords/KW-0002
https://pharos.nih.gov/idg/targets/O60825,O60825,Hydrolase,http://www.uniprot.org/keywords/KW-0378
https://pharos.nih.gov/idg/targets/O60825,O60825,Transferase,http://www.uniprot.org/keywords/KW-0808
https://pharos.nih.gov/idg/targets/O60825,O60825,ATP-binding,http://www.uniprot.org/keywords/KW-0067
https://pharos.nih.gov/idg/targets/O60825,O60825,Nucleotide-binding,http://www.uniprot.org/keywords/KW-0547
https://pharos.nih.gov/idg/targets/O60825,O60825,Kinase,http://www.uniprot.org/keywords/KW-0418
https://pharos.nih.gov/idg/targets/O60825,O60825,"Multifunctional enzyme",http://www.uniprot.org/keywords/KW-0511
https://pharos.nih.gov/idg/targets/Q9NRA0,Q9NRA0,"Complete proteome",http://www.uniprot.org/keywords/KW-0181
https://pharos.nih.gov/idg/targets/Q9NRA0,Q9NRA0,Polymorphism,http://www.uniprot.org/keywords/KW-0621
https://pharos.nih.gov/idg/targets/Q9NRA0,Q9NRA0,"Reference proteome",http://www.uniprot.org/keywords/KW-1185
https://pharos.nih.gov/idg/targets/Q9NRA0,Q9NRA0,"Alternative splicing",http://www.uniprot.org/keywords/KW-0025
https://pharos.nih.gov/idg/targets/Q9NRA0,Q9NRA0,Cytoplasm,http://www.uniprot.org/keywords/KW-0963
https://pharos.nih.gov/idg/targets/Q9NRA0,Q9NRA0,Phosphoprotein,http://www.uniprot.org/keywords/KW-0597
https://pharos.nih.gov/idg/targets/Q9NRA0,Q9NRA0,Membrane,http://www.uniprot.org/keywords/KW-0472
https://pharos.nih.gov/idg/targets/Q9NRA0,Q9NRA0,Transferase,http://www.uniprot.org/keywords/KW-0808
https://pharos.nih.gov/idg/targets/Q9NRA0,Q9NRA0,ATP-binding,http://www.uniprot.org/keywords/KW-0067
https://pharos.nih.gov/idg/targets/Q9NRA0,Q9NRA0,Nucleotide-binding,http://www.uniprot.org/keywords/KW-0547
https://pharos.nih.gov/idg/targets/Q9NRA0,Q9NRA0,Lysosome,http://www.uniprot.org/keywords/KW-0458
https://pharos.nih.gov/idg/targets/Q9NRA0,Q9NRA0,Kinase,http://www.uniprot.org/keywords/KW-0418
https://pharos.nih.gov/idg/targets/Q8NEB9,Q8NEB9,"Complete proteome",http://www.uniprot.org/keywords/KW-0181
https://pharos.nih.gov/idg/targets/Q8NEB9,Q8NEB9,"Reference proteome",http://www.uniprot.org/keywords/KW-1185
https://pharos.nih.gov/idg/targets/Q8NEB9,Q8NEB9,Phosphoprotein,http://www.uniprot.org/keywords/KW-0597
https://pharos.nih.gov/idg/targets/Q8NEB9,Q8NEB9,3D-structure,http://www.uniprot.org/keywords/KW-0002
https://pharos.nih.gov/idg/targets/Q8NEB9,Q8NEB9,"Cell cycle",http://www.uniprot.org/keywords/KW-0131
https://pharos.nih.gov/idg/targets/Q8NEB9,Q8NEB9,Transferase,http://www.uniprot.org/keywords/KW-0808
https://pharos.nih.gov/idg/targets/Q8NEB9,Q8NEB9,ATP-binding,http://www.uniprot.org/keywords/KW-0067
https://pharos.nih.gov/idg/targets/Q8NEB9,Q8NEB9,Nucleotide-binding,http://www.uniprot.org/keywords/KW-0547
https://pharos.nih.gov/idg/targets/Q8NEB9,Q8NEB9,"Cytoplasmic vesicle",http://www.uniprot.org/keywords/KW-0968
https://pharos.nih.gov/idg/targets/Q8NEB9,Q8NEB9,Endosome,http://www.uniprot.org/keywords/KW-0967
https://pharos.nih.gov/idg/targets/Q8NEB9,Q8NEB9,Kinase,http://www.uniprot.org/keywords/KW-0418
https://pharos.nih.gov/idg/targets/Q8NEB9,Q8NEB9,Manganese,http://www.uniprot.org/keywords/KW-0464
https://pharos.nih.gov/idg/targets/Q8NEB9,Q8NEB9,"Cell division",http://www.uniprot.org/keywords/KW-0132
https://pharos.nih.gov/idg/targets/Q8NEB9,Q8NEB9,Autophagy,http://www.uniprot.org/keywords/KW-0072
https://pharos.nih.gov/idg/targets/Q9NYA1,Q9NYA1,"Complete proteome",http://www.uniprot.org/keywords/KW-0181
https://pharos.nih.gov/idg/targets/Q9NYA1,Q9NYA1,Nucleus,http://www.uniprot.org/keywords/KW-0539
https://pharos.nih.gov/idg/targets/Q9NYA1,Q9NYA1,Polymorphism,http://www.uniprot.org/keywords/KW-0621
https://pharos.nih.gov/idg/targets/Q9NYA1,Q9NYA1,"Reference proteome",http://www.uniprot.org/keywords/KW-1185
https://pharos.nih.gov/idg/targets/Q9NYA1,Q9NYA1,"Alternative splicing",http://www.uniprot.org/keywords/KW-0025
https://pharos.nih.gov/idg/targets/Q9NYA1,Q9NYA1,Cytoplasm,http://www.uniprot.org/keywords/KW-0963
https://pharos.nih.gov/idg/targets/Q9NYA1,Q9NYA1,Phosphoprotein,http://www.uniprot.org/keywords/KW-0597
https://pharos.nih.gov/idg/targets/Q9NYA1,Q9NYA1,"Cell membrane",http://www.uniprot.org/keywords/KW-1003
https://pharos.nih.gov/idg/targets/Q9NYA1,Q9NYA1,Membrane,http://www.uniprot.org/keywords/KW-0472
https://pharos.nih.gov/idg/targets/Q9NYA1,Q9NYA1,3D-structure,http://www.uniprot.org/keywords/KW-0002
https://pharos.nih.gov/idg/targets/Q9NYA1,Q9NYA1,Transferase,http://www.uniprot.org/keywords/KW-0808
https://pharos.nih.gov/idg/targets/Q9NYA1,Q9NYA1,ATP-binding,http://www.uniprot.org/keywords/KW-0067
https://pharos.nih.gov/idg/targets/Q9NYA1,Q9NYA1,Nucleotide-binding,http://www.uniprot.org/keywords/KW-0547
https://pharos.nih.gov/idg/targets/Q9NYA1,Q9NYA1,Kinase,http://www.uniprot.org/keywords/KW-0418
https://pharos.nih.gov/idg/targets/Q9NYA1,Q9NYA1,Calmodulin-binding,http://www.uniprot.org/keywords/KW-0112
https://pharos.nih.gov/idg/targets/P27707,P27707,"Complete proteome",http://www.uniprot.org/keywords/KW-0181
https://pharos.nih.gov/idg/targets/P27707,P27707,Nucleus,http://www.uniprot.org/keywords/KW-0539
https://pharos.nih.gov/idg/targets/P27707,P27707,"Reference proteome",http://www.uniprot.org/keywords/KW-1185
https://pharos.nih.gov/idg/targets/P27707,P27707,Phosphoprotein,http://www.uniprot.org/keywords/KW-0597
https://pharos.nih.gov/idg/targets/P27707,P27707,3D-structure,http://www.uniprot.org/keywords/KW-0002
https://pharos.nih.gov/idg/targets/P27707,P27707,Transferase,http://www.uniprot.org/keywords/KW-0808
https://pharos.nih.gov/idg/targets/P27707,P27707,ATP-binding,http://www.uniprot.org/keywords/KW-0067
https://pharos.nih.gov/idg/targets/P27707,P27707,Nucleotide-binding,http://www.uniprot.org/keywords/KW-0547
https://pharos.nih.gov/idg/targets/P27707,P27707,"Direct protein sequencing",http://www.uniprot.org/keywords/KW-0903
https://pharos.nih.gov/idg/targets/P27707,P27707,Kinase,http://www.uniprot.org/keywords/KW-0418
https://pharos.nih.gov/idg/targets/P50053,P50053,"Complete proteome",http://www.uniprot.org/keywords/KW-0181
https://pharos.nih.gov/idg/targets/P50053,P50053,Polymorphism,http://www.uniprot.org/keywords/KW-0621
https://pharos.nih.gov/idg/targets/P50053,P50053,"Reference proteome",http://www.uniprot.org/keywords/KW-1185
https://pharos.nih.gov/idg/targets/P50053,P50053,"Alternative splicing",http://www.uniprot.org/keywords/KW-0025
https://pharos.nih.gov/idg/targets/P50053,P50053,"Disease mutation",http://www.uniprot.org/keywords/KW-0225
https://pharos.nih.gov/idg/targets/P50053,P50053,3D-structure,http://www.uniprot.org/keywords/KW-0002
https://pharos.nih.gov/idg/targets/P50053,P50053,Transferase,http://www.uniprot.org/keywords/KW-0808
https://pharos.nih.gov/idg/targets/P50053,P50053,ATP-binding,http://www.uniprot.org/keywords/KW-0067
https://pharos.nih.gov/idg/targets/P50053,P50053,Nucleotide-binding,http://www.uniprot.org/keywords/KW-0547
https://pharos.nih.gov/idg/targets/P50053,P50053,Kinase,http://www.uniprot.org/keywords/KW-0418
https://pharos.nih.gov/idg/targets/P50053,P50053,"Carbohydrate metabolism",http://www.uniprot.org/keywords/KW-0119
https://pharos.nih.gov/idg/targets/P27986,P27986,"Complete proteome",http://www.uniprot.org/keywords/KW-0181
https://pharos.nih.gov/idg/targets/P27986,P27986,Polymorphism,http://www.uniprot.org/keywords/KW-0621
https://pharos.nih.gov/idg/targets/P27986,P27986,"Reference proteome",http://www.uniprot.org/keywords/KW-1185
https://pharos.nih.gov/idg/targets/P27986,P27986,Repeat,http://www.uniprot.org/keywords/KW-0677
https://pharos.nih.gov/idg/targets/P27986,P27986,"Alternative splicing",http://www.uniprot.org/keywords/KW-0025
https://pharos.nih.gov/idg/targets/P27986,P27986,"Disease mutation",http://www.uniprot.org/keywords/KW-0225
https://pharos.nih.gov/idg/targets/P27986,P27986,Phosphoprotein,http://www.uniprot.org/keywords/KW-0597
https://pharos.nih.gov/idg/targets/P27986,P27986,"Ubl conjugation",http://www.uniprot.org/keywords/KW-0832
https://pharos.nih.gov/idg/targets/P27986,P27986,Acetylation,http://www.uniprot.org/keywords/KW-0007
https://pharos.nih.gov/idg/targets/P27986,P27986,3D-structure,http://www.uniprot.org/keywords/KW-0002
https://pharos.nih.gov/idg/targets/P27986,P27986,"Stress response",http://www.uniprot.org/keywords/KW-0346
https://pharos.nih.gov/idg/targets/P27986,P27986,"Protein transport",http://www.uniprot.org/keywords/KW-0653
https://pharos.nih.gov/idg/targets/P27986,P27986,Transport,http://www.uniprot.org/keywords/KW-0813
https://pharos.nih.gov/idg/targets/P27986,P27986,"SH2 domain",http://www.uniprot.org/keywords/KW-0727
https://pharos.nih.gov/idg/targets/P27986,P27986,"SH3 domain",http://www.uniprot.org/keywords/KW-0728
https://pharos.nih.gov/idg/targets/P27986,P27986,"Host-virus interaction",http://www.uniprot.org/keywords/KW-0945
https://pharos.nih.gov/idg/targets/P27986,P27986,Dwarfism,http://www.uniprot.org/keywords/KW-0242
https://pharos.nih.gov/idg/targets/P35557,P35557,"Complete proteome",http://www.uniprot.org/keywords/KW-0181
https://pharos.nih.gov/idg/targets/P35557,P35557,Nucleus,http://www.uniprot.org/keywords/KW-0539
https://pharos.nih.gov/idg/targets/P35557,P35557,Polymorphism,http://www.uniprot.org/keywords/KW-0621
https://pharos.nih.gov/idg/targets/P35557,P35557,"Reference proteome",http://www.uniprot.org/keywords/KW-1185
https://pharos.nih.gov/idg/targets/P35557,P35557,"Alternative splicing",http://www.uniprot.org/keywords/KW-0025
https://pharos.nih.gov/idg/targets/P35557,P35557,Cytoplasm,http://www.uniprot.org/keywords/KW-0963
https://pharos.nih.gov/idg/targets/P35557,P35557,"Disease mutation",http://www.uniprot.org/keywords/KW-0225
https://pharos.nih.gov/idg/targets/P35557,P35557,3D-structure,http://www.uniprot.org/keywords/KW-0002
https://pharos.nih.gov/idg/targets/P35557,P35557,Transferase,http://www.uniprot.org/keywords/KW-0808
https://pharos.nih.gov/idg/targets/P35557,P35557,ATP-binding,http://www.uniprot.org/keywords/KW-0067
https://pharos.nih.gov/idg/targets/P35557,P35557,Nucleotide-binding,http://www.uniprot.org/keywords/KW-0547
https://pharos.nih.gov/idg/targets/P35557,P35557,Glycolysis,http://www.uniprot.org/keywords/KW-0324
https://pharos.nih.gov/idg/targets/P35557,P35557,Kinase,http://www.uniprot.org/keywords/KW-0418
https://pharos.nih.gov/idg/targets/P35557,P35557,"Allosteric enzyme",http://www.uniprot.org/keywords/KW-0021
https://pharos.nih.gov/idg/targets/P35557,P35557,"Diabetes mellitus",http://www.uniprot.org/keywords/KW-0219
https://pharos.nih.gov/idg/targets/Q9H999,Q9H999,"Complete proteome",http://www.uniprot.org/keywords/KW-0181
https://pharos.nih.gov/idg/targets/Q9H999,Q9H999,"Reference proteome",http://www.uniprot.org/keywords/KW-1185
https://pharos.nih.gov/idg/targets/Q9H999,Q9H999,Cytoplasm,http://www.uniprot.org/keywords/KW-0963
https://pharos.nih.gov/idg/targets/Q9H999,Q9H999,3D-structure,http://www.uniprot.org/keywords/KW-0002
https://pharos.nih.gov/idg/targets/Q9H999,Q9H999,Transferase,http://www.uniprot.org/keywords/KW-0808
https://pharos.nih.gov/idg/targets/Q9H999,Q9H999,ATP-binding,http://www.uniprot.org/keywords/KW-0067
https://pharos.nih.gov/idg/targets/Q9H999,Q9H999,Nucleotide-binding,http://www.uniprot.org/keywords/KW-0547
https://pharos.nih.gov/idg/targets/Q9H999,Q9H999,Kinase,http://www.uniprot.org/keywords/KW-0418
https://pharos.nih.gov/idg/targets/Q9H999,Q9H999,"Coenzyme A biosynthesis",http://www.uniprot.org/keywords/KW-0173
https://pharos.nih.gov/idg/targets/O00329,O00329,"Complete proteome",http://www.uniprot.org/keywords/KW-0181
https://pharos.nih.gov/idg/targets/O00329,O00329,"Reference proteome",http://www.uniprot.org/keywords/KW-1185
https://pharos.nih.gov/idg/targets/O00329,O00329,"Alternative splicing",http://www.uniprot.org/keywords/KW-0025
https://pharos.nih.gov/idg/targets/O00329,O00329,Cytoplasm,http://www.uniprot.org/keywords/KW-0963
https://pharos.nih.gov/idg/targets/O00329,O00329,"Disease mutation",http://www.uniprot.org/keywords/KW-0225
https://pharos.nih.gov/idg/targets/O00329,O00329,Phosphoprotein,http://www.uniprot.org/keywords/KW-0597
https://pharos.nih.gov/idg/targets/O00329,O00329,3D-structure,http://www.uniprot.org/keywords/KW-0002
https://pharos.nih.gov/idg/targets/O00329,O00329,Transferase,http://www.uniprot.org/keywords/KW-0808
https://pharos.nih.gov/idg/targets/O00329,O00329,ATP-binding,http://www.uniprot.org/keywords/KW-0067
https://pharos.nih.gov/idg/targets/O00329,O00329,Nucleotide-binding,http://www.uniprot.org/keywords/KW-0547
https://pharos.nih.gov/idg/targets/O00329,O00329,"Direct protein sequencing",http://www.uniprot.org/keywords/KW-0903
https://pharos.nih.gov/idg/targets/O00329,O00329,Immunity,http://www.uniprot.org/keywords/KW-0391
https://pharos.nih.gov/idg/targets/O00329,O00329,Differentiation,http://www.uniprot.org/keywords/KW-0221
https://pharos.nih.gov/idg/targets/O00329,O00329,Kinase,http://www.uniprot.org/keywords/KW-0418
https://pharos.nih.gov/idg/targets/O00329,O00329,"Innate immunity",http://www.uniprot.org/keywords/KW-0399
https://pharos.nih.gov/idg/targets/O00329,O00329,"Adaptive immunity",http://www.uniprot.org/keywords/KW-1064
https://pharos.nih.gov/idg/targets/O00329,O00329,Chemotaxis,http://www.uniprot.org/keywords/KW-0145
https://pharos.nih.gov/idg/targets/O00329,O00329,"Inflammatory response",http://www.uniprot.org/keywords/KW-0395
https://pharos.nih.gov/idg/targets/P48736,P48736,"Complete proteome",http://www.uniprot.org/keywords/KW-0181
https://pharos.nih.gov/idg/targets/P48736,P48736,"Reference proteome",http://www.uniprot.org/keywords/KW-1185
https://pharos.nih.gov/idg/targets/P48736,P48736,Cytoplasm,http://www.uniprot.org/keywords/KW-0963
https://pharos.nih.gov/idg/targets/P48736,P48736,Phosphoprotein,http://www.uniprot.org/keywords/KW-0597
https://pharos.nih.gov/idg/targets/P48736,P48736,"Cell membrane",http://www.uniprot.org/keywords/KW-1003
https://pharos.nih.gov/idg/targets/P48736,P48736,Membrane,http://www.uniprot.org/keywords/KW-0472
https://pharos.nih.gov/idg/targets/P48736,P48736,3D-structure,http://www.uniprot.org/keywords/KW-0002
https://pharos.nih.gov/idg/targets/P48736,P48736,Transferase,http://www.uniprot.org/keywords/KW-0808
https://pharos.nih.gov/idg/targets/P48736,P48736,ATP-binding,http://www.uniprot.org/keywords/KW-0067
https://pharos.nih.gov/idg/targets/P48736,P48736,Nucleotide-binding,http://www.uniprot.org/keywords/KW-0547
https://pharos.nih.gov/idg/targets/P48736,P48736,Immunity,http://www.uniprot.org/keywords/KW-0391
https://pharos.nih.gov/idg/targets/P48736,P48736,Kinase,http://www.uniprot.org/keywords/KW-0418
https://pharos.nih.gov/idg/targets/P48736,P48736,Angiogenesis,http://www.uniprot.org/keywords/KW-0037
https://pharos.nih.gov/idg/targets/P48736,P48736,"Serine-threonine-protein kinase",http://www.uniprot.org/keywords/KW-0723
https://pharos.nih.gov/idg/targets/P48736,P48736,Endocytosis,http://www.uniprot.org/keywords/KW-0254
https://pharos.nih.gov/idg/targets/P48736,P48736,Chemotaxis,http://www.uniprot.org/keywords/KW-0145
https://pharos.nih.gov/idg/targets/P48736,P48736,"Inflammatory response",http://www.uniprot.org/keywords/KW-0395
https://pharos.nih.gov/idg/targets/Q16875,Q16875,"Complete proteome",http://www.uniprot.org/keywords/KW-0181
https://pharos.nih.gov/idg/targets/Q16875,Q16875,"Reference proteome",http://www.uniprot.org/keywords/KW-1185
https://pharos.nih.gov/idg/targets/Q16875,Q16875,"Alternative splicing",http://www.uniprot.org/keywords/KW-0025
https://pharos.nih.gov/idg/targets/Q16875,Q16875,Phosphoprotein,http://www.uniprot.org/keywords/KW-0597
https://pharos.nih.gov/idg/targets/Q16875,Q16875,3D-structure,http://www.uniprot.org/keywords/KW-0002
https://pharos.nih.gov/idg/targets/Q16875,Q16875,Hydrolase,http://www.uniprot.org/keywords/KW-0378
https://pharos.nih.gov/idg/targets/Q16875,Q16875,Transferase,http://www.uniprot.org/keywords/KW-0808
https://pharos.nih.gov/idg/targets/Q16875,Q16875,ATP-binding,http://www.uniprot.org/keywords/KW-0067
https://pharos.nih.gov/idg/targets/Q16875,Q16875,Nucleotide-binding,http://www.uniprot.org/keywords/KW-0547
https://pharos.nih.gov/idg/targets/Q16875,Q16875,Kinase,http://www.uniprot.org/keywords/KW-0418
https://pharos.nih.gov/idg/targets/Q16875,Q16875,"Multifunctional enzyme",http://www.uniprot.org/keywords/KW-0511
https://pharos.nih.gov/idg/targets/Q03426,Q03426,"Complete proteome",http://www.uniprot.org/keywords/KW-0181
https://pharos.nih.gov/idg/targets/Q03426,Q03426,Polymorphism,http://www.uniprot.org/keywords/KW-0621
https://pharos.nih.gov/idg/targets/Q03426,Q03426,"Reference proteome",http://www.uniprot.org/keywords/KW-1185
https://pharos.nih.gov/idg/targets/Q03426,Q03426,Cytoplasm,http://www.uniprot.org/keywords/KW-0963
https://pharos.nih.gov/idg/targets/Q03426,Q03426,"Disease mutation",http://www.uniprot.org/keywords/KW-0225
https://pharos.nih.gov/idg/targets/Q03426,Q03426,3D-structure,http://www.uniprot.org/keywords/KW-0002
https://pharos.nih.gov/idg/targets/Q03426,Q03426,"Lipid biosynthesis",http://www.uniprot.org/keywords/KW-0444
https://pharos.nih.gov/idg/targets/Q03426,Q03426,"Lipid metabolism",http://www.uniprot.org/keywords/KW-0443
https://pharos.nih.gov/idg/targets/Q03426,Q03426,Transferase,http://www.uniprot.org/keywords/KW-0808
https://pharos.nih.gov/idg/targets/Q03426,Q03426,ATP-binding,http://www.uniprot.org/keywords/KW-0067
https://pharos.nih.gov/idg/targets/Q03426,Q03426,Nucleotide-binding,http://www.uniprot.org/keywords/KW-0547
https://pharos.nih.gov/idg/targets/Q03426,Q03426,"Cholesterol biosynthesis",http://www.uniprot.org/keywords/KW-0152
https://pharos.nih.gov/idg/targets/Q03426,Q03426,"Cholesterol metabolism",http://www.uniprot.org/keywords/KW-0153
https://pharos.nih.gov/idg/targets/Q03426,Q03426,"Steroid biosynthesis",http://www.uniprot.org/keywords/KW-0752
https://pharos.nih.gov/idg/targets/Q03426,Q03426,"Steroid metabolism",http://www.uniprot.org/keywords/KW-0753
https://pharos.nih.gov/idg/targets/Q03426,Q03426,"Sterol biosynthesis",http://www.uniprot.org/keywords/KW-0756
https://pharos.nih.gov/idg/targets/Q03426,Q03426,"Sterol metabolism",http://www.uniprot.org/keywords/KW-1207
https://pharos.nih.gov/idg/targets/Q03426,Q03426,Kinase,http://www.uniprot.org/keywords/KW-0418
https://pharos.nih.gov/idg/targets/Q03426,Q03426,Cataract,http://www.uniprot.org/keywords/KW-0898
https://pharos.nih.gov/idg/targets/O60331,O60331,"Complete proteome",http://www.uniprot.org/keywords/KW-0181
https://pharos.nih.gov/idg/targets/O60331,O60331,Nucleus,http://www.uniprot.org/keywords/KW-0539
https://pharos.nih.gov/idg/targets/O60331,O60331,"Reference proteome",http://www.uniprot.org/keywords/KW-1185
https://pharos.nih.gov/idg/targets/O60331,O60331,"Alternative splicing",http://www.uniprot.org/keywords/KW-0025
https://pharos.nih.gov/idg/targets/O60331,O60331,"Cell projection",http://www.uniprot.org/keywords/KW-0966
https://pharos.nih.gov/idg/targets/O60331,O60331,Cytoplasm,http://www.uniprot.org/keywords/KW-0963
https://pharos.nih.gov/idg/targets/O60331,O60331,"Disease mutation",http://www.uniprot.org/keywords/KW-0225
https://pharos.nih.gov/idg/targets/O60331,O60331,Phosphoprotein,http://www.uniprot.org/keywords/KW-0597
https://pharos.nih.gov/idg/targets/O60331,O60331,"Cell membrane",http://www.uniprot.org/keywords/KW-1003
https://pharos.nih.gov/idg/targets/O60331,O60331,Membrane,http://www.uniprot.org/keywords/KW-0472
https://pharos.nih.gov/idg/targets/O60331,O60331,Acetylation,http://www.uniprot.org/keywords/KW-0007
https://pharos.nih.gov/idg/targets/O60331,O60331,3D-structure,http://www.uniprot.org/keywords/KW-0002
https://pharos.nih.gov/idg/targets/O60331,O60331,Transferase,http://www.uniprot.org/keywords/KW-0808
https://pharos.nih.gov/idg/targets/O60331,O60331,ATP-binding,http://www.uniprot.org/keywords/KW-0067
https://pharos.nih.gov/idg/targets/O60331,O60331,Methylation,http://www.uniprot.org/keywords/KW-0488
https://pharos.nih.gov/idg/targets/O60331,O60331,Nucleotide-binding,http://www.uniprot.org/keywords/KW-0547
https://pharos.nih.gov/idg/targets/O60331,O60331,"Cell adhesion",http://www.uniprot.org/keywords/KW-0130
https://pharos.nih.gov/idg/targets/O60331,O60331,"Cell junction",http://www.uniprot.org/keywords/KW-0965
https://pharos.nih.gov/idg/targets/O60331,O60331,Kinase,http://www.uniprot.org/keywords/KW-0418
https://pharos.nih.gov/idg/targets/O60331,O60331,Endocytosis,http://www.uniprot.org/keywords/KW-0254
https://pharos.nih.gov/idg/targets/O60331,O60331,Exocytosis,http://www.uniprot.org/keywords/KW-0268
https://pharos.nih.gov/idg/targets/O60331,O60331,Chemotaxis,http://www.uniprot.org/keywords/KW-0145
https://pharos.nih.gov/idg/targets/O60331,O60331,Phagocytosis,http://www.uniprot.org/keywords/KW-0581
https://pharos.nih.gov/idg/targets/P19367,P19367,"Complete proteome",http://www.uniprot.org/keywords/KW-0181
https://pharos.nih.gov/idg/targets/P19367,P19367,Polymorphism,http://www.uniprot.org/keywords/KW-0621
https://pharos.nih.gov/idg/targets/P19367,P19367,"Reference proteome",http://www.uniprot.org/keywords/KW-1185
https://pharos.nih.gov/idg/targets/P19367,P19367,Repeat,http://www.uniprot.org/keywords/KW-0677
https://pharos.nih.gov/idg/targets/P19367,P19367,"Alternative splicing",http://www.uniprot.org/keywords/KW-0025
https://pharos.nih.gov/idg/targets/P19367,P19367,"Disease mutation",http://www.uniprot.org/keywords/KW-0225
https://pharos.nih.gov/idg/targets/P19367,P19367,Phosphoprotein,http://www.uniprot.org/keywords/KW-0597
https://pharos.nih.gov/idg/targets/P19367,P19367,Membrane,http://www.uniprot.org/keywords/KW-0472
https://pharos.nih.gov/idg/targets/P19367,P19367,Acetylation,http://www.uniprot.org/keywords/KW-0007
https://pharos.nih.gov/idg/targets/P19367,P19367,3D-structure,http://www.uniprot.org/keywords/KW-0002
https://pharos.nih.gov/idg/targets/P19367,P19367,Transferase,http://www.uniprot.org/keywords/KW-0808
https://pharos.nih.gov/idg/targets/P19367,P19367,ATP-binding,http://www.uniprot.org/keywords/KW-0067
https://pharos.nih.gov/idg/targets/P19367,P19367,Nucleotide-binding,http://www.uniprot.org/keywords/KW-0547
https://pharos.nih.gov/idg/targets/P19367,P19367,"Direct protein sequencing",http://www.uniprot.org/keywords/KW-0903
https://pharos.nih.gov/idg/targets/P19367,P19367,Mitochondrion,http://www.uniprot.org/keywords/KW-0496
https://pharos.nih.gov/idg/targets/P19367,P19367,"Mitochondrion outer membrane",http://www.uniprot.org/keywords/KW-1000
https://pharos.nih.gov/idg/targets/P19367,P19367,Glycolysis,http://www.uniprot.org/keywords/KW-0324
https://pharos.nih.gov/idg/targets/P19367,P19367,Neurodegeneration,http://www.uniprot.org/keywords/KW-0523
https://pharos.nih.gov/idg/targets/P19367,P19367,Neuropathy,http://www.uniprot.org/keywords/KW-0622
https://pharos.nih.gov/idg/targets/P19367,P19367,Kinase,http://www.uniprot.org/keywords/KW-0418
https://pharos.nih.gov/idg/targets/P19367,P19367,"Retinitis pigmentosa",http://www.uniprot.org/keywords/KW-0682
https://pharos.nih.gov/idg/targets/P19367,P19367,"Allosteric enzyme",http://www.uniprot.org/keywords/KW-0021
https://pharos.nih.gov/idg/targets/P19367,P19367,"Charcot-Marie-Tooth disease",http://www.uniprot.org/keywords/KW-0144
https://pharos.nih.gov/idg/targets/P78356,P78356,"Complete proteome",http://www.uniprot.org/keywords/KW-0181
https://pharos.nih.gov/idg/targets/P78356,P78356,Nucleus,http://www.uniprot.org/keywords/KW-0539
https://pharos.nih.gov/idg/targets/P78356,P78356,"Reference proteome",http://www.uniprot.org/keywords/KW-1185
https://pharos.nih.gov/idg/targets/P78356,P78356,"Alternative splicing",http://www.uniprot.org/keywords/KW-0025
https://pharos.nih.gov/idg/targets/P78356,P78356,Cytoplasm,http://www.uniprot.org/keywords/KW-0963
https://pharos.nih.gov/idg/targets/P78356,P78356,Phosphoprotein,http://www.uniprot.org/keywords/KW-0597
https://pharos.nih.gov/idg/targets/P78356,P78356,"Ubl conjugation",http://www.uniprot.org/keywords/KW-0832
https://pharos.nih.gov/idg/targets/P78356,P78356,"Cell membrane",http://www.uniprot.org/keywords/KW-1003
https://pharos.nih.gov/idg/targets/P78356,P78356,Membrane,http://www.uniprot.org/keywords/KW-0472
https://pharos.nih.gov/idg/targets/P78356,P78356,Acetylation,http://www.uniprot.org/keywords/KW-0007
https://pharos.nih.gov/idg/targets/P78356,P78356,3D-structure,http://www.uniprot.org/keywords/KW-0002
https://pharos.nih.gov/idg/targets/P78356,P78356,"Endoplasmic reticulum",http://www.uniprot.org/keywords/KW-0256
https://pharos.nih.gov/idg/targets/P78356,P78356,Transferase,http://www.uniprot.org/keywords/KW-0808
https://pharos.nih.gov/idg/targets/P78356,P78356,ATP-binding,http://www.uniprot.org/keywords/KW-0067
https://pharos.nih.gov/idg/targets/P78356,P78356,Nucleotide-binding,http://www.uniprot.org/keywords/KW-0547
https://pharos.nih.gov/idg/targets/P78356,P78356,Kinase,http://www.uniprot.org/keywords/KW-0418
https://pharos.nih.gov/idg/targets/P42338,P42338,"Complete proteome",http://www.uniprot.org/keywords/KW-0181
https://pharos.nih.gov/idg/targets/P42338,P42338,Nucleus,http://www.uniprot.org/keywords/KW-0539
https://pharos.nih.gov/idg/targets/P42338,P42338,Polymorphism,http://www.uniprot.org/keywords/KW-0621
https://pharos.nih.gov/idg/targets/P42338,P42338,"Reference proteome",http://www.uniprot.org/keywords/KW-1185
https://pharos.nih.gov/idg/targets/P42338,P42338,Cytoplasm,http://www.uniprot.org/keywords/KW-0963
https://pharos.nih.gov/idg/targets/P42338,P42338,Phosphoprotein,http://www.uniprot.org/keywords/KW-0597
https://pharos.nih.gov/idg/targets/P42338,P42338,Transferase,http://www.uniprot.org/keywords/KW-0808
https://pharos.nih.gov/idg/targets/P42338,P42338,ATP-binding,http://www.uniprot.org/keywords/KW-0067
https://pharos.nih.gov/idg/targets/P42338,P42338,Nucleotide-binding,http://www.uniprot.org/keywords/KW-0547
https://pharos.nih.gov/idg/targets/P42338,P42338,"Cell adhesion",http://www.uniprot.org/keywords/KW-0130
https://pharos.nih.gov/idg/targets/P42338,P42338,Kinase,http://www.uniprot.org/keywords/KW-0418
https://pharos.nih.gov/idg/targets/P42338,P42338,Endocytosis,http://www.uniprot.org/keywords/KW-0254
https://pharos.nih.gov/idg/targets/P42338,P42338,Autophagy,http://www.uniprot.org/keywords/KW-0072
https://pharos.nih.gov/idg/targets/P42336,P42336,"Complete proteome",http://www.uniprot.org/keywords/KW-0181
https://pharos.nih.gov/idg/targets/P42336,P42336,Polymorphism,http://www.uniprot.org/keywords/KW-0621
https://pharos.nih.gov/idg/targets/P42336,P42336,"Reference proteome",http://www.uniprot.org/keywords/KW-1185
https://pharos.nih.gov/idg/targets/P42336,P42336,"Disease mutation",http://www.uniprot.org/keywords/KW-0225
https://pharos.nih.gov/idg/targets/P42336,P42336,3D-structure,http://www.uniprot.org/keywords/KW-0002
https://pharos.nih.gov/idg/targets/P42336,P42336,Transferase,http://www.uniprot.org/keywords/KW-0808
https://pharos.nih.gov/idg/targets/P42336,P42336,ATP-binding,http://www.uniprot.org/keywords/KW-0067
https://pharos.nih.gov/idg/targets/P42336,P42336,Nucleotide-binding,http://www.uniprot.org/keywords/KW-0547
https://pharos.nih.gov/idg/targets/P42336,P42336,Kinase,http://www.uniprot.org/keywords/KW-0418
https://pharos.nih.gov/idg/targets/P42336,P42336,Proto-oncogene,http://www.uniprot.org/keywords/KW-0656
https://pharos.nih.gov/idg/targets/P42336,P42336,Angiogenesis,http://www.uniprot.org/keywords/KW-0037
https://pharos.nih.gov/idg/targets/P42336,P42336,"Serine-threonine-protein kinase",http://www.uniprot.org/keywords/KW-0723
https://pharos.nih.gov/idg/targets/P42336,P42336,Phagocytosis,http://www.uniprot.org/keywords/KW-0581
https://pharos.nih.gov/idg/targets/Q9Y2I7,Q9Y2I7,"Complete proteome",http://www.uniprot.org/keywords/KW-0181
https://pharos.nih.gov/idg/targets/Q9Y2I7,Q9Y2I7,Metal-binding,http://www.uniprot.org/keywords/KW-0479
https://pharos.nih.gov/idg/targets/Q9Y2I7,Q9Y2I7,Polymorphism,http://www.uniprot.org/keywords/KW-0621
https://pharos.nih.gov/idg/targets/Q9Y2I7,Q9Y2I7,"Reference proteome",http://www.uniprot.org/keywords/KW-1185
https://pharos.nih.gov/idg/targets/Q9Y2I7,Q9Y2I7,Zinc,http://www.uniprot.org/keywords/KW-0862
https://pharos.nih.gov/idg/targets/Q9Y2I7,Q9Y2I7,Zinc-finger,http://www.uniprot.org/keywords/KW-0863
https://pharos.nih.gov/idg/targets/Q9Y2I7,Q9Y2I7,"Alternative splicing",http://www.uniprot.org/keywords/KW-0025
https://pharos.nih.gov/idg/targets/Q9Y2I7,Q9Y2I7,"Disease mutation",http://www.uniprot.org/keywords/KW-0225
https://pharos.nih.gov/idg/targets/Q9Y2I7,Q9Y2I7,Phosphoprotein,http://www.uniprot.org/keywords/KW-0597
https://pharos.nih.gov/idg/targets/Q9Y2I7,Q9Y2I7,Membrane,http://www.uniprot.org/keywords/KW-0472
https://pharos.nih.gov/idg/targets/Q9Y2I7,Q9Y2I7,Acetylation,http://www.uniprot.org/keywords/KW-0007
https://pharos.nih.gov/idg/targets/Q9Y2I7,Q9Y2I7,Transferase,http://www.uniprot.org/keywords/KW-0808
https://pharos.nih.gov/idg/targets/Q9Y2I7,Q9Y2I7,ATP-binding,http://www.uniprot.org/keywords/KW-0067
https://pharos.nih.gov/idg/targets/Q9Y2I7,Q9Y2I7,Nucleotide-binding,http://www.uniprot.org/keywords/KW-0547
https://pharos.nih.gov/idg/targets/Q9Y2I7,Q9Y2I7,Endosome,http://www.uniprot.org/keywords/KW-0967
https://pharos.nih.gov/idg/targets/Q9Y2I7,Q9Y2I7,Kinase,http://www.uniprot.org/keywords/KW-0418
https://pharos.nih.gov/idg/targets/Q9Y2I7,Q9Y2I7,"Corneal dystrophy",http://www.uniprot.org/keywords/KW-1212
https://pharos.nih.gov/idg/targets/P42356,P42356,"Complete proteome",http://www.uniprot.org/keywords/KW-0181
https://pharos.nih.gov/idg/targets/P42356,P42356,Polymorphism,http://www.uniprot.org/keywords/KW-0621
https://pharos.nih.gov/idg/targets/P42356,P42356,"Reference proteome",http://www.uniprot.org/keywords/KW-1185
https://pharos.nih.gov/idg/targets/P42356,P42356,"Alternative splicing",http://www.uniprot.org/keywords/KW-0025
https://pharos.nih.gov/idg/targets/P42356,P42356,Cytoplasm,http://www.uniprot.org/keywords/KW-0963
https://pharos.nih.gov/idg/targets/P42356,P42356,"Disease mutation",http://www.uniprot.org/keywords/KW-0225
https://pharos.nih.gov/idg/targets/P42356,P42356,Phosphoprotein,http://www.uniprot.org/keywords/KW-0597
https://pharos.nih.gov/idg/targets/P42356,P42356,"Cell membrane",http://www.uniprot.org/keywords/KW-1003
https://pharos.nih.gov/idg/targets/P42356,P42356,Membrane,http://www.uniprot.org/keywords/KW-0472
https://pharos.nih.gov/idg/targets/P42356,P42356,Transferase,http://www.uniprot.org/keywords/KW-0808
https://pharos.nih.gov/idg/targets/P42356,P42356,ATP-binding,http://www.uniprot.org/keywords/KW-0067
https://pharos.nih.gov/idg/targets/P42356,P42356,Nucleotide-binding,http://www.uniprot.org/keywords/KW-0547
https://pharos.nih.gov/idg/targets/P42356,P42356,Kinase,http://www.uniprot.org/keywords/KW-0418
https://pharos.nih.gov/idg/targets/O00750,O00750,"Complete proteome",http://www.uniprot.org/keywords/KW-0181
https://pharos.nih.gov/idg/targets/O00750,O00750,Nucleus,http://www.uniprot.org/keywords/KW-0539
https://pharos.nih.gov/idg/targets/O00750,O00750,"Reference proteome",http://www.uniprot.org/keywords/KW-1185
https://pharos.nih.gov/idg/targets/O00750,O00750,Cytoplasm,http://www.uniprot.org/keywords/KW-0963
https://pharos.nih.gov/idg/targets/O00750,O00750,"Cell membrane",http://www.uniprot.org/keywords/KW-1003
https://pharos.nih.gov/idg/targets/O00750,O00750,Membrane,http://www.uniprot.org/keywords/KW-0472
https://pharos.nih.gov/idg/targets/O00750,O00750,"Endoplasmic reticulum",http://www.uniprot.org/keywords/KW-0256
https://pharos.nih.gov/idg/targets/O00750,O00750,Transferase,http://www.uniprot.org/keywords/KW-0808
https://pharos.nih.gov/idg/targets/O00750,O00750,ATP-binding,http://www.uniprot.org/keywords/KW-0067
https://pharos.nih.gov/idg/targets/O00750,O00750,Nucleotide-binding,http://www.uniprot.org/keywords/KW-0547
https://pharos.nih.gov/idg/targets/O00750,O00750,Microsome,http://www.uniprot.org/keywords/KW-0492
https://pharos.nih.gov/idg/targets/O00750,O00750,Kinase,http://www.uniprot.org/keywords/KW-0418
https://pharos.nih.gov/idg/targets/O75747,O75747,"Complete proteome",http://www.uniprot.org/keywords/KW-0181
https://pharos.nih.gov/idg/targets/O75747,O75747,Polymorphism,http://www.uniprot.org/keywords/KW-0621
https://pharos.nih.gov/idg/targets/O75747,O75747,"Reference proteome",http://www.uniprot.org/keywords/KW-1185
https://pharos.nih.gov/idg/targets/O75747,O75747,Membrane,http://www.uniprot.org/keywords/KW-0472
https://pharos.nih.gov/idg/targets/O75747,O75747,3D-structure,http://www.uniprot.org/keywords/KW-0002
https://pharos.nih.gov/idg/targets/O75747,O75747,Transferase,http://www.uniprot.org/keywords/KW-0808
https://pharos.nih.gov/idg/targets/O75747,O75747,ATP-binding,http://www.uniprot.org/keywords/KW-0067
https://pharos.nih.gov/idg/targets/O75747,O75747,Nucleotide-binding,http://www.uniprot.org/keywords/KW-0547
https://pharos.nih.gov/idg/targets/O75747,O75747,Kinase,http://www.uniprot.org/keywords/KW-0418
https://pharos.nih.gov/idg/targets/O75747,O75747,Chemotaxis,http://www.uniprot.org/keywords/KW-0145
https://pharos.nih.gov/idg/targets/Q8TBX8,Q8TBX8,"Complete proteome",http://www.uniprot.org/keywords/KW-0181
https://pharos.nih.gov/idg/targets/Q8TBX8,Q8TBX8,Polymorphism,http://www.uniprot.org/keywords/KW-0621
https://pharos.nih.gov/idg/targets/Q8TBX8,Q8TBX8,"Reference proteome",http://www.uniprot.org/keywords/KW-1185
https://pharos.nih.gov/idg/targets/Q8TBX8,Q8TBX8,"Alternative splicing",http://www.uniprot.org/keywords/KW-0025
https://pharos.nih.gov/idg/targets/Q8TBX8,Q8TBX8,Cytoplasm,http://www.uniprot.org/keywords/KW-0963
https://pharos.nih.gov/idg/targets/Q8TBX8,Q8TBX8,Phosphoprotein,http://www.uniprot.org/keywords/KW-0597
https://pharos.nih.gov/idg/targets/Q8TBX8,Q8TBX8,Membrane,http://www.uniprot.org/keywords/KW-0472
https://pharos.nih.gov/idg/targets/Q8TBX8,Q8TBX8,Acetylation,http://www.uniprot.org/keywords/KW-0007
https://pharos.nih.gov/idg/targets/Q8TBX8,Q8TBX8,3D-structure,http://www.uniprot.org/keywords/KW-0002
https://pharos.nih.gov/idg/targets/Q8TBX8,Q8TBX8,Transferase,http://www.uniprot.org/keywords/KW-0808
https://pharos.nih.gov/idg/targets/Q8TBX8,Q8TBX8,ATP-binding,http://www.uniprot.org/keywords/KW-0067
https://pharos.nih.gov/idg/targets/Q8TBX8,Q8TBX8,Nucleotide-binding,http://www.uniprot.org/keywords/KW-0547
https://pharos.nih.gov/idg/targets/Q8TBX8,Q8TBX8,Kinase,http://www.uniprot.org/keywords/KW-0418
