"URL","Uniprot ID","Name","Source","Link"
https://pharos.nih.gov/idg/targets/O43497,O43497,"MAPK signaling pathway","KEGG Pathway",http://www.kegg.jp/kegg-bin/show_pathway?hsa04010
https://pharos.nih.gov/idg/targets/O43497,O43497,"Aldosterone synthesis and secretion","KEGG Pathway",http://www.kegg.jp/kegg-bin/show_pathway?hsa04925
https://pharos.nih.gov/idg/targets/O43497,O43497,"Cortisol synthesis and secretion","KEGG Pathway",http://www.kegg.jp/kegg-bin/show_pathway?hsa04927
https://pharos.nih.gov/idg/targets/O43497,O43497,"Cushing's syndrome","KEGG Pathway",http://www.kegg.jp/kegg-bin/show_pathway?hsa04934
https://pharos.nih.gov/idg/targets/O43497,O43497,"Circadian entrainment","KEGG Pathway",http://www.kegg.jp/kegg-bin/show_pathway?hsa04713
https://pharos.nih.gov/idg/targets/O43497,O43497,"Calcium signaling pathway","KEGG Pathway",http://www.kegg.jp/kegg-bin/show_pathway?hsa04020
https://pharos.nih.gov/idg/targets/O43497,O43497,"Type II diabetes mellitus","KEGG Pathway",http://www.kegg.jp/kegg-bin/show_pathway?hsa04930
https://pharos.nih.gov/idg/targets/O43497,O43497,http://identifiers.org/panther.pathway/P05730,"PathwayCommons: panther Pathway",null
https://pharos.nih.gov/idg/targets/O43497,O43497,http://identifiers.org/panther.pathway/P05731,"PathwayCommons: panther Pathway",null
https://pharos.nih.gov/idg/targets/O43497,O43497,http://identifiers.org/panther.pathway/P06587,"PathwayCommons: panther Pathway",null
https://pharos.nih.gov/idg/targets/O43497,O43497,http://pathwaycommons.org/pc2/Pathway_f475ae72c0c828c030e2f1fffe8d07f2,"PathwayCommons: pid Pathway",null
https://pharos.nih.gov/idg/targets/O43497,O43497,http://identifiers.org/smpdb/SMP00296,"PathwayCommons: smpdb Pathway",null
https://pharos.nih.gov/idg/targets/O43497,O43497,http://identifiers.org/smpdb/SMP00297,"PathwayCommons: smpdb Pathway",null
https://pharos.nih.gov/idg/targets/O43497,O43497,http://identifiers.org/smpdb/SMP00298,"PathwayCommons: smpdb Pathway",null
https://pharos.nih.gov/idg/targets/O43497,O43497,http://identifiers.org/smpdb/SMP00299,"PathwayCommons: smpdb Pathway",null
https://pharos.nih.gov/idg/targets/O43497,O43497,http://identifiers.org/smpdb/SMP00300,"PathwayCommons: smpdb Pathway",null
https://pharos.nih.gov/idg/targets/O43497,O43497,http://identifiers.org/smpdb/SMP00301,"PathwayCommons: smpdb Pathway",null
https://pharos.nih.gov/idg/targets/O43497,O43497,http://identifiers.org/smpdb/SMP00302,"PathwayCommons: smpdb Pathway",null
https://pharos.nih.gov/idg/targets/O43497,O43497,http://identifiers.org/smpdb/SMP00303,"PathwayCommons: smpdb Pathway",null
https://pharos.nih.gov/idg/targets/O43497,O43497,http://identifiers.org/smpdb/SMP00304,"PathwayCommons: smpdb Pathway",null
https://pharos.nih.gov/idg/targets/O43497,O43497,http://identifiers.org/smpdb/SMP00305,"PathwayCommons: smpdb Pathway",null
https://pharos.nih.gov/idg/targets/O43497,O43497,http://identifiers.org/smpdb/SMP00306,"PathwayCommons: smpdb Pathway",null
https://pharos.nih.gov/idg/targets/O43497,O43497,http://identifiers.org/smpdb/SMP00307,"PathwayCommons: smpdb Pathway",null
https://pharos.nih.gov/idg/targets/O43497,O43497,http://identifiers.org/smpdb/SMP00323,"PathwayCommons: smpdb Pathway",null
https://pharos.nih.gov/idg/targets/O43497,O43497,http://identifiers.org/smpdb/SMP00324,"PathwayCommons: smpdb Pathway",null
https://pharos.nih.gov/idg/targets/O43497,O43497,http://identifiers.org/smpdb/SMP00325,"PathwayCommons: smpdb Pathway",null
https://pharos.nih.gov/idg/targets/O43497,O43497,http://identifiers.org/smpdb/SMP00326,"PathwayCommons: smpdb Pathway",null
https://pharos.nih.gov/idg/targets/O43497,O43497,http://identifiers.org/smpdb/SMP00327,"PathwayCommons: smpdb Pathway",null
https://pharos.nih.gov/idg/targets/O43497,O43497,http://identifiers.org/smpdb/SMP00328,"PathwayCommons: smpdb Pathway",null
https://pharos.nih.gov/idg/targets/O43497,O43497,http://identifiers.org/smpdb/SMP00329,"PathwayCommons: smpdb Pathway",null
https://pharos.nih.gov/idg/targets/O43497,O43497,http://identifiers.org/smpdb/SMP00330,"PathwayCommons: smpdb Pathway",null
https://pharos.nih.gov/idg/targets/O43497,O43497,http://identifiers.org/smpdb/SMP00331,"PathwayCommons: smpdb Pathway",null
https://pharos.nih.gov/idg/targets/O43497,O43497,http://identifiers.org/smpdb/SMP00332,"PathwayCommons: smpdb Pathway",null
https://pharos.nih.gov/idg/targets/O43497,O43497,http://identifiers.org/smpdb/SMP00359,"PathwayCommons: smpdb Pathway",null
https://pharos.nih.gov/idg/targets/O43497,O43497,http://identifiers.org/smpdb/SMP00366,"PathwayCommons: smpdb Pathway",null
https://pharos.nih.gov/idg/targets/O43497,O43497,http://identifiers.org/smpdb/SMP00367,"PathwayCommons: smpdb Pathway",null
https://pharos.nih.gov/idg/targets/O43497,O43497,http://identifiers.org/smpdb/SMP00368,"PathwayCommons: smpdb Pathway",null
https://pharos.nih.gov/idg/targets/O43497,O43497,http://identifiers.org/smpdb/SMP00375,"PathwayCommons: smpdb Pathway",null
https://pharos.nih.gov/idg/targets/O43497,O43497,http://identifiers.org/smpdb/SMP00376,"PathwayCommons: smpdb Pathway",null
https://pharos.nih.gov/idg/targets/O43497,O43497,http://identifiers.org/smpdb/SMP00377,"PathwayCommons: smpdb Pathway",null
https://pharos.nih.gov/idg/targets/O43497,O43497,http://identifiers.org/smpdb/SMP00378,"PathwayCommons: smpdb Pathway",null
https://pharos.nih.gov/idg/targets/O43497,O43497,http://identifiers.org/smpdb/SMP00379,"PathwayCommons: smpdb Pathway",null
https://pharos.nih.gov/idg/targets/O43497,O43497,http://identifiers.org/smpdb/SMP00380,"PathwayCommons: smpdb Pathway",null
https://pharos.nih.gov/idg/targets/O43497,O43497,http://identifiers.org/smpdb/SMP00381,"PathwayCommons: smpdb Pathway",null
https://pharos.nih.gov/idg/targets/O43497,O43497,http://identifiers.org/smpdb/SMP00382,"PathwayCommons: smpdb Pathway",null
https://pharos.nih.gov/idg/targets/O43497,O43497,http://identifiers.org/smpdb/SMP00588,"PathwayCommons: smpdb Pathway",null
https://pharos.nih.gov/idg/targets/O43497,O43497,http://identifiers.org/smpdb/SMP00657,"PathwayCommons: smpdb Pathway",null
https://pharos.nih.gov/idg/targets/O43497,O43497,http://identifiers.org/smpdb/SMP00658,"PathwayCommons: smpdb Pathway",null
https://pharos.nih.gov/idg/targets/O43497,O43497,http://identifiers.org/smpdb/SMP00659,"PathwayCommons: smpdb Pathway",null
https://pharos.nih.gov/idg/targets/O43497,O43497,http://identifiers.org/smpdb/SMP00660,"PathwayCommons: smpdb Pathway",null
https://pharos.nih.gov/idg/targets/O43497,O43497,http://identifiers.org/smpdb/SMP00661,"PathwayCommons: smpdb Pathway",null
https://pharos.nih.gov/idg/targets/O43497,O43497,http://identifiers.org/smpdb/SMP00662,"PathwayCommons: smpdb Pathway",null
https://pharos.nih.gov/idg/targets/O43497,O43497,http://identifiers.org/smpdb/SMP00663,"PathwayCommons: smpdb Pathway",null
https://pharos.nih.gov/idg/targets/O43497,O43497,http://identifiers.org/smpdb/SMP00664,"PathwayCommons: smpdb Pathway",null
https://pharos.nih.gov/idg/targets/O43497,O43497,http://identifiers.org/smpdb/SMP00665,"PathwayCommons: smpdb Pathway",null
https://pharos.nih.gov/idg/targets/O43497,O43497,http://identifiers.org/smpdb/SMP00666,"PathwayCommons: smpdb Pathway",null
https://pharos.nih.gov/idg/targets/O43497,O43497,http://identifiers.org/smpdb/SMP00667,"PathwayCommons: smpdb Pathway",null
https://pharos.nih.gov/idg/targets/O43497,O43497,http://identifiers.org/smpdb/SMP00668,"PathwayCommons: smpdb Pathway",null
https://pharos.nih.gov/idg/targets/O43497,O43497,http://identifiers.org/smpdb/SMP00669,"PathwayCommons: smpdb Pathway",null
https://pharos.nih.gov/idg/targets/O43497,O43497,http://identifiers.org/smpdb/SMP00670,"PathwayCommons: smpdb Pathway",null
https://pharos.nih.gov/idg/targets/O43497,O43497,"Axon guidance","Reactome Pathway",http://www.reactome.org/content/detail/R-HSA-422475
https://pharos.nih.gov/idg/targets/O43497,O43497,"Developmental Biology","Reactome Pathway",http://www.reactome.org/content/detail/R-HSA-1266738
https://pharos.nih.gov/idg/targets/O43497,O43497,"NCAM signaling for neurite out-growth","Reactome Pathway",http://www.reactome.org/content/detail/R-HSA-375165
https://pharos.nih.gov/idg/targets/O43497,O43497,"NCAM1 interactions","Reactome Pathway",http://www.reactome.org/content/detail/R-HSA-419037
https://pharos.nih.gov/idg/targets/O43497,O43497,"MAPK Signaling Pathway","WikiPathways Pathway",http://www.wikipathways.org/instance/WP382_r96304
https://pharos.nih.gov/idg/targets/O43497,O43497,"Nicotine Activity on Chromaffin Cells","WikiPathways Pathway",http://www.wikipathways.org/instance/WP1603_r78574
https://pharos.nih.gov/idg/targets/Q9ULQ1,Q9ULQ1,http://identifiers.org/panther.pathway/P06959,"PathwayCommons: panther Pathway",null
https://pharos.nih.gov/idg/targets/Q9ULQ1,Q9ULQ1,"Transport of small molecules","Reactome Pathway",http://www.reactome.org/content/detail/R-HSA-382551
https://pharos.nih.gov/idg/targets/Q9ULQ1,Q9ULQ1,"Ion channel transport","Reactome Pathway",http://www.reactome.org/content/detail/R-HSA-983712
https://pharos.nih.gov/idg/targets/Q9ULQ1,Q9ULQ1,"Stimuli-sensing channels","Reactome Pathway",http://www.reactome.org/content/detail/R-HSA-2672351
https://pharos.nih.gov/idg/targets/O95180,O95180,"MAPK signaling pathway","KEGG Pathway",http://www.kegg.jp/kegg-bin/show_pathway?hsa04010
https://pharos.nih.gov/idg/targets/O95180,O95180,"Aldosterone synthesis and secretion","KEGG Pathway",http://www.kegg.jp/kegg-bin/show_pathway?hsa04925
https://pharos.nih.gov/idg/targets/O95180,O95180,"Cortisol synthesis and secretion","KEGG Pathway",http://www.kegg.jp/kegg-bin/show_pathway?hsa04927
https://pharos.nih.gov/idg/targets/O95180,O95180,"Cushing's syndrome","KEGG Pathway",http://www.kegg.jp/kegg-bin/show_pathway?hsa04934
https://pharos.nih.gov/idg/targets/O95180,O95180,"Circadian entrainment","KEGG Pathway",http://www.kegg.jp/kegg-bin/show_pathway?hsa04713
https://pharos.nih.gov/idg/targets/O95180,O95180,"Calcium signaling pathway","KEGG Pathway",http://www.kegg.jp/kegg-bin/show_pathway?hsa04020
https://pharos.nih.gov/idg/targets/O95180,O95180,http://identifiers.org/smpdb/SMP00296,"PathwayCommons: smpdb Pathway",null
https://pharos.nih.gov/idg/targets/O95180,O95180,http://identifiers.org/smpdb/SMP00297,"PathwayCommons: smpdb Pathway",null
https://pharos.nih.gov/idg/targets/O95180,O95180,http://identifiers.org/smpdb/SMP00298,"PathwayCommons: smpdb Pathway",null
https://pharos.nih.gov/idg/targets/O95180,O95180,http://identifiers.org/smpdb/SMP00299,"PathwayCommons: smpdb Pathway",null
https://pharos.nih.gov/idg/targets/O95180,O95180,http://identifiers.org/smpdb/SMP00300,"PathwayCommons: smpdb Pathway",null
https://pharos.nih.gov/idg/targets/O95180,O95180,http://identifiers.org/smpdb/SMP00301,"PathwayCommons: smpdb Pathway",null
https://pharos.nih.gov/idg/targets/O95180,O95180,http://identifiers.org/smpdb/SMP00302,"PathwayCommons: smpdb Pathway",null
https://pharos.nih.gov/idg/targets/O95180,O95180,http://identifiers.org/smpdb/SMP00303,"PathwayCommons: smpdb Pathway",null
https://pharos.nih.gov/idg/targets/O95180,O95180,http://identifiers.org/smpdb/SMP00304,"PathwayCommons: smpdb Pathway",null
https://pharos.nih.gov/idg/targets/O95180,O95180,http://identifiers.org/smpdb/SMP00305,"PathwayCommons: smpdb Pathway",null
https://pharos.nih.gov/idg/targets/O95180,O95180,http://identifiers.org/smpdb/SMP00306,"PathwayCommons: smpdb Pathway",null
https://pharos.nih.gov/idg/targets/O95180,O95180,http://identifiers.org/smpdb/SMP00307,"PathwayCommons: smpdb Pathway",null
https://pharos.nih.gov/idg/targets/O95180,O95180,http://identifiers.org/smpdb/SMP00323,"PathwayCommons: smpdb Pathway",null
https://pharos.nih.gov/idg/targets/O95180,O95180,http://identifiers.org/smpdb/SMP00324,"PathwayCommons: smpdb Pathway",null
https://pharos.nih.gov/idg/targets/O95180,O95180,http://identifiers.org/smpdb/SMP00325,"PathwayCommons: smpdb Pathway",null
https://pharos.nih.gov/idg/targets/O95180,O95180,http://identifiers.org/smpdb/SMP00326,"PathwayCommons: smpdb Pathway",null
https://pharos.nih.gov/idg/targets/O95180,O95180,http://identifiers.org/smpdb/SMP00327,"PathwayCommons: smpdb Pathway",null
https://pharos.nih.gov/idg/targets/O95180,O95180,http://identifiers.org/smpdb/SMP00328,"PathwayCommons: smpdb Pathway",null
https://pharos.nih.gov/idg/targets/O95180,O95180,http://identifiers.org/smpdb/SMP00329,"PathwayCommons: smpdb Pathway",null
https://pharos.nih.gov/idg/targets/O95180,O95180,http://identifiers.org/smpdb/SMP00330,"PathwayCommons: smpdb Pathway",null
https://pharos.nih.gov/idg/targets/O95180,O95180,http://identifiers.org/smpdb/SMP00331,"PathwayCommons: smpdb Pathway",null
https://pharos.nih.gov/idg/targets/O95180,O95180,http://identifiers.org/smpdb/SMP00332,"PathwayCommons: smpdb Pathway",null
https://pharos.nih.gov/idg/targets/O95180,O95180,http://identifiers.org/smpdb/SMP00359,"PathwayCommons: smpdb Pathway",null
https://pharos.nih.gov/idg/targets/O95180,O95180,http://identifiers.org/smpdb/SMP00366,"PathwayCommons: smpdb Pathway",null
https://pharos.nih.gov/idg/targets/O95180,O95180,http://identifiers.org/smpdb/SMP00367,"PathwayCommons: smpdb Pathway",null
https://pharos.nih.gov/idg/targets/O95180,O95180,http://identifiers.org/smpdb/SMP00368,"PathwayCommons: smpdb Pathway",null
https://pharos.nih.gov/idg/targets/O95180,O95180,http://identifiers.org/smpdb/SMP00375,"PathwayCommons: smpdb Pathway",null
https://pharos.nih.gov/idg/targets/O95180,O95180,http://identifiers.org/smpdb/SMP00376,"PathwayCommons: smpdb Pathway",null
https://pharos.nih.gov/idg/targets/O95180,O95180,http://identifiers.org/smpdb/SMP00377,"PathwayCommons: smpdb Pathway",null
https://pharos.nih.gov/idg/targets/O95180,O95180,http://identifiers.org/smpdb/SMP00378,"PathwayCommons: smpdb Pathway",null
https://pharos.nih.gov/idg/targets/O95180,O95180,http://identifiers.org/smpdb/SMP00379,"PathwayCommons: smpdb Pathway",null
https://pharos.nih.gov/idg/targets/O95180,O95180,http://identifiers.org/smpdb/SMP00380,"PathwayCommons: smpdb Pathway",null
https://pharos.nih.gov/idg/targets/O95180,O95180,http://identifiers.org/smpdb/SMP00381,"PathwayCommons: smpdb Pathway",null
https://pharos.nih.gov/idg/targets/O95180,O95180,http://identifiers.org/smpdb/SMP00382,"PathwayCommons: smpdb Pathway",null
https://pharos.nih.gov/idg/targets/O95180,O95180,http://identifiers.org/smpdb/SMP00588,"PathwayCommons: smpdb Pathway",null
https://pharos.nih.gov/idg/targets/O95180,O95180,http://identifiers.org/smpdb/SMP00657,"PathwayCommons: smpdb Pathway",null
https://pharos.nih.gov/idg/targets/O95180,O95180,http://identifiers.org/smpdb/SMP00658,"PathwayCommons: smpdb Pathway",null
https://pharos.nih.gov/idg/targets/O95180,O95180,http://identifiers.org/smpdb/SMP00659,"PathwayCommons: smpdb Pathway",null
https://pharos.nih.gov/idg/targets/O95180,O95180,http://identifiers.org/smpdb/SMP00660,"PathwayCommons: smpdb Pathway",null
https://pharos.nih.gov/idg/targets/O95180,O95180,http://identifiers.org/smpdb/SMP00661,"PathwayCommons: smpdb Pathway",null
https://pharos.nih.gov/idg/targets/O95180,O95180,http://identifiers.org/smpdb/SMP00662,"PathwayCommons: smpdb Pathway",null
https://pharos.nih.gov/idg/targets/O95180,O95180,http://identifiers.org/smpdb/SMP00663,"PathwayCommons: smpdb Pathway",null
https://pharos.nih.gov/idg/targets/O95180,O95180,http://identifiers.org/smpdb/SMP00664,"PathwayCommons: smpdb Pathway",null
https://pharos.nih.gov/idg/targets/O95180,O95180,http://identifiers.org/smpdb/SMP00665,"PathwayCommons: smpdb Pathway",null
https://pharos.nih.gov/idg/targets/O95180,O95180,http://identifiers.org/smpdb/SMP00666,"PathwayCommons: smpdb Pathway",null
https://pharos.nih.gov/idg/targets/O95180,O95180,http://identifiers.org/smpdb/SMP00667,"PathwayCommons: smpdb Pathway",null
https://pharos.nih.gov/idg/targets/O95180,O95180,http://identifiers.org/smpdb/SMP00668,"PathwayCommons: smpdb Pathway",null
https://pharos.nih.gov/idg/targets/O95180,O95180,http://identifiers.org/smpdb/SMP00669,"PathwayCommons: smpdb Pathway",null
https://pharos.nih.gov/idg/targets/O95180,O95180,http://identifiers.org/smpdb/SMP00670,"PathwayCommons: smpdb Pathway",null
https://pharos.nih.gov/idg/targets/O95180,O95180,"Axon guidance","Reactome Pathway",http://www.reactome.org/content/detail/R-HSA-422475
https://pharos.nih.gov/idg/targets/O95180,O95180,"Developmental Biology","Reactome Pathway",http://www.reactome.org/content/detail/R-HSA-1266738
https://pharos.nih.gov/idg/targets/O95180,O95180,"NCAM signaling for neurite out-growth","Reactome Pathway",http://www.reactome.org/content/detail/R-HSA-375165
https://pharos.nih.gov/idg/targets/O95180,O95180,"NCAM1 interactions","Reactome Pathway",http://www.reactome.org/content/detail/R-HSA-419037
https://pharos.nih.gov/idg/targets/O95180,O95180,"MAPK Signaling Pathway","WikiPathways Pathway",http://www.wikipathways.org/instance/WP382_r96304
https://pharos.nih.gov/idg/targets/O95180,O95180,"Corticotropin-releasing hormone signaling pathway","WikiPathways Pathway",http://www.wikipathways.org/instance/WP2355_r94191
https://pharos.nih.gov/idg/targets/O00555,O00555,"Serotonergic synapse","KEGG Pathway",http://www.kegg.jp/kegg-bin/show_pathway?hsa04726
https://pharos.nih.gov/idg/targets/O00555,O00555,"Taste transduction","KEGG Pathway",http://www.kegg.jp/kegg-bin/show_pathway?hsa04742
https://pharos.nih.gov/idg/targets/O00555,O00555,"MAPK signaling pathway","KEGG Pathway",http://www.kegg.jp/kegg-bin/show_pathway?hsa04010
https://pharos.nih.gov/idg/targets/O00555,O00555,"Retrograde endocannabinoid signaling","KEGG Pathway",http://www.kegg.jp/kegg-bin/show_pathway?hsa04723
https://pharos.nih.gov/idg/targets/O00555,O00555,"Glutamatergic synapse","KEGG Pathway",http://www.kegg.jp/kegg-bin/show_pathway?hsa04724
https://pharos.nih.gov/idg/targets/O00555,O00555,"GABAergic synapse","KEGG Pathway",http://www.kegg.jp/kegg-bin/show_pathway?hsa04727
https://pharos.nih.gov/idg/targets/O00555,O00555,"Dopaminergic synapse","KEGG Pathway",http://www.kegg.jp/kegg-bin/show_pathway?hsa04728
https://pharos.nih.gov/idg/targets/O00555,O00555,"Cholinergic synapse","KEGG Pathway",http://www.kegg.jp/kegg-bin/show_pathway?hsa04725
https://pharos.nih.gov/idg/targets/O00555,O00555,"Morphine addiction","KEGG Pathway",http://www.kegg.jp/kegg-bin/show_pathway?hsa05032
https://pharos.nih.gov/idg/targets/O00555,O00555,"Calcium signaling pathway","KEGG Pathway",http://www.kegg.jp/kegg-bin/show_pathway?hsa04020
https://pharos.nih.gov/idg/targets/O00555,O00555,"Type II diabetes mellitus","KEGG Pathway",http://www.kegg.jp/kegg-bin/show_pathway?hsa04930
https://pharos.nih.gov/idg/targets/O00555,O00555,"Long-term depression","KEGG Pathway",http://www.kegg.jp/kegg-bin/show_pathway?hsa04730
https://pharos.nih.gov/idg/targets/O00555,O00555,"Synaptic vesicle cycle","KEGG Pathway",http://www.kegg.jp/kegg-bin/show_pathway?hsa04721
https://pharos.nih.gov/idg/targets/O00555,O00555,"Nicotine addiction","KEGG Pathway",http://www.kegg.jp/kegg-bin/show_pathway?hsa05033
https://pharos.nih.gov/idg/targets/O00555,O00555,http://identifiers.org/panther.pathway/P00027,"PathwayCommons: panther Pathway",null
https://pharos.nih.gov/idg/targets/O00555,O00555,http://identifiers.org/panther.pathway/P00039,"PathwayCommons: panther Pathway",null
https://pharos.nih.gov/idg/targets/O00555,O00555,http://identifiers.org/panther.pathway/P00040,"PathwayCommons: panther Pathway",null
https://pharos.nih.gov/idg/targets/O00555,O00555,http://identifiers.org/panther.pathway/P04394,"PathwayCommons: panther Pathway",null
https://pharos.nih.gov/idg/targets/O00555,O00555,http://identifiers.org/panther.pathway/P05730,"PathwayCommons: panther Pathway",null
https://pharos.nih.gov/idg/targets/O00555,O00555,http://identifiers.org/panther.pathway/P05731,"PathwayCommons: panther Pathway",null
https://pharos.nih.gov/idg/targets/O00555,O00555,http://identifiers.org/smpdb/SMP00406,"PathwayCommons: smpdb Pathway",null
https://pharos.nih.gov/idg/targets/O00555,O00555,http://identifiers.org/smpdb/SMP00392,"PathwayCommons: smpdb Pathway",null
https://pharos.nih.gov/idg/targets/O00555,O00555,http://identifiers.org/smpdb/SMP00393,"PathwayCommons: smpdb Pathway",null
https://pharos.nih.gov/idg/targets/O00555,O00555,http://identifiers.org/smpdb/SMP00394,"PathwayCommons: smpdb Pathway",null
https://pharos.nih.gov/idg/targets/O00555,O00555,http://identifiers.org/smpdb/SMP00395,"PathwayCommons: smpdb Pathway",null
https://pharos.nih.gov/idg/targets/O00555,O00555,http://identifiers.org/smpdb/SMP00396,"PathwayCommons: smpdb Pathway",null
https://pharos.nih.gov/idg/targets/O00555,O00555,http://identifiers.org/smpdb/SMP00397,"PathwayCommons: smpdb Pathway",null
https://pharos.nih.gov/idg/targets/O00555,O00555,http://identifiers.org/smpdb/SMP00398,"PathwayCommons: smpdb Pathway",null
https://pharos.nih.gov/idg/targets/O00555,O00555,http://identifiers.org/smpdb/SMP00399,"PathwayCommons: smpdb Pathway",null
https://pharos.nih.gov/idg/targets/O00555,O00555,http://identifiers.org/smpdb/SMP00400,"PathwayCommons: smpdb Pathway",null
https://pharos.nih.gov/idg/targets/O00555,O00555,http://identifiers.org/smpdb/SMP00401,"PathwayCommons: smpdb Pathway",null
https://pharos.nih.gov/idg/targets/O00555,O00555,http://identifiers.org/smpdb/SMP00402,"PathwayCommons: smpdb Pathway",null
https://pharos.nih.gov/idg/targets/O00555,O00555,http://identifiers.org/smpdb/SMP00403,"PathwayCommons: smpdb Pathway",null
https://pharos.nih.gov/idg/targets/O00555,O00555,http://identifiers.org/smpdb/SMP00404,"PathwayCommons: smpdb Pathway",null
https://pharos.nih.gov/idg/targets/O00555,O00555,http://identifiers.org/smpdb/SMP00405,"PathwayCommons: smpdb Pathway",null
https://pharos.nih.gov/idg/targets/O00555,O00555,http://identifiers.org/smpdb/SMP00407,"PathwayCommons: smpdb Pathway",null
https://pharos.nih.gov/idg/targets/O00555,O00555,http://identifiers.org/smpdb/SMP00408,"PathwayCommons: smpdb Pathway",null
https://pharos.nih.gov/idg/targets/O00555,O00555,http://identifiers.org/smpdb/SMP00409,"PathwayCommons: smpdb Pathway",null
https://pharos.nih.gov/idg/targets/O00555,O00555,http://identifiers.org/smpdb/SMP00410,"PathwayCommons: smpdb Pathway",null
https://pharos.nih.gov/idg/targets/O00555,O00555,http://identifiers.org/smpdb/SMP00411,"PathwayCommons: smpdb Pathway",null
https://pharos.nih.gov/idg/targets/O00555,O00555,http://identifiers.org/smpdb/SMP00412,"PathwayCommons: smpdb Pathway",null
https://pharos.nih.gov/idg/targets/O00555,O00555,http://identifiers.org/smpdb/SMP00413,"PathwayCommons: smpdb Pathway",null
https://pharos.nih.gov/idg/targets/O00555,O00555,http://identifiers.org/smpdb/SMP00414,"PathwayCommons: smpdb Pathway",null
https://pharos.nih.gov/idg/targets/O00555,O00555,http://identifiers.org/smpdb/SMP00415,"PathwayCommons: smpdb Pathway",null
https://pharos.nih.gov/idg/targets/O00555,O00555,http://identifiers.org/smpdb/SMP00416,"PathwayCommons: smpdb Pathway",null
https://pharos.nih.gov/idg/targets/O00555,O00555,http://identifiers.org/smpdb/SMP00417,"PathwayCommons: smpdb Pathway",null
https://pharos.nih.gov/idg/targets/O00555,O00555,http://identifiers.org/smpdb/SMP00422,"PathwayCommons: smpdb Pathway",null
https://pharos.nih.gov/idg/targets/O00555,O00555,http://identifiers.org/smpdb/SMP00423,"PathwayCommons: smpdb Pathway",null
https://pharos.nih.gov/idg/targets/O00555,O00555,http://identifiers.org/smpdb/SMP00424,"PathwayCommons: smpdb Pathway",null
https://pharos.nih.gov/idg/targets/O00555,O00555,http://identifiers.org/smpdb/SMP00425,"PathwayCommons: smpdb Pathway",null
https://pharos.nih.gov/idg/targets/O00555,O00555,http://identifiers.org/smpdb/SMP00426,"PathwayCommons: smpdb Pathway",null
https://pharos.nih.gov/idg/targets/O00555,O00555,http://identifiers.org/smpdb/SMP00431,"PathwayCommons: smpdb Pathway",null
https://pharos.nih.gov/idg/targets/O00555,O00555,http://identifiers.org/smpdb/SMP00671,"PathwayCommons: smpdb Pathway",null
https://pharos.nih.gov/idg/targets/O00555,O00555,http://identifiers.org/smpdb/SMP00672,"PathwayCommons: smpdb Pathway",null
https://pharos.nih.gov/idg/targets/O00555,O00555,http://identifiers.org/smpdb/SMP00673,"PathwayCommons: smpdb Pathway",null
https://pharos.nih.gov/idg/targets/O00555,O00555,http://identifiers.org/smpdb/SMP00674,"PathwayCommons: smpdb Pathway",null
https://pharos.nih.gov/idg/targets/O00555,O00555,http://identifiers.org/smpdb/SMP00675,"PathwayCommons: smpdb Pathway",null
https://pharos.nih.gov/idg/targets/O00555,O00555,http://identifiers.org/smpdb/SMP00676,"PathwayCommons: smpdb Pathway",null
https://pharos.nih.gov/idg/targets/O00555,O00555,http://identifiers.org/smpdb/SMP00677,"PathwayCommons: smpdb Pathway",null
https://pharos.nih.gov/idg/targets/O00555,O00555,http://identifiers.org/smpdb/SMP00678,"PathwayCommons: smpdb Pathway",null
https://pharos.nih.gov/idg/targets/O00555,O00555,http://identifiers.org/smpdb/SMP00679,"PathwayCommons: smpdb Pathway",null
https://pharos.nih.gov/idg/targets/O00555,O00555,http://identifiers.org/smpdb/SMP00680,"PathwayCommons: smpdb Pathway",null
https://pharos.nih.gov/idg/targets/O00555,O00555,http://identifiers.org/smpdb/SMP00681,"PathwayCommons: smpdb Pathway",null
https://pharos.nih.gov/idg/targets/O00555,O00555,http://identifiers.org/smpdb/SMP00683,"PathwayCommons: smpdb Pathway",null
https://pharos.nih.gov/idg/targets/O00555,O00555,http://identifiers.org/smpdb/SMP00684,"PathwayCommons: smpdb Pathway",null
https://pharos.nih.gov/idg/targets/O00555,O00555,http://identifiers.org/smpdb/SMP00685,"PathwayCommons: smpdb Pathway",null
https://pharos.nih.gov/idg/targets/O00555,O00555,http://identifiers.org/smpdb/SMP00686,"PathwayCommons: smpdb Pathway",null
https://pharos.nih.gov/idg/targets/O00555,O00555,http://identifiers.org/smpdb/SMP00687,"PathwayCommons: smpdb Pathway",null
https://pharos.nih.gov/idg/targets/O00555,O00555,http://identifiers.org/smpdb/SMP00688,"PathwayCommons: smpdb Pathway",null
https://pharos.nih.gov/idg/targets/O00555,O00555,http://identifiers.org/smpdb/SMP00689,"PathwayCommons: smpdb Pathway",null
https://pharos.nih.gov/idg/targets/O00555,O00555,http://identifiers.org/smpdb/SMP00690,"PathwayCommons: smpdb Pathway",null
https://pharos.nih.gov/idg/targets/O00555,O00555,http://identifiers.org/smpdb/SMP00691,"PathwayCommons: smpdb Pathway",null
https://pharos.nih.gov/idg/targets/O00555,O00555,http://identifiers.org/smpdb/SMP00453,"PathwayCommons: smpdb Pathway",null
https://pharos.nih.gov/idg/targets/O00555,O00555,http://identifiers.org/smpdb/SMP00454,"PathwayCommons: smpdb Pathway",null
https://pharos.nih.gov/idg/targets/O00555,O00555,http://identifiers.org/smpdb/SMP00460,"PathwayCommons: smpdb Pathway",null
https://pharos.nih.gov/idg/targets/O00555,O00555,http://identifiers.org/smpdb/SMP00461,"PathwayCommons: smpdb Pathway",null
https://pharos.nih.gov/idg/targets/O00555,O00555,http://identifiers.org/smpdb/SMP00643,"PathwayCommons: smpdb Pathway",null
https://pharos.nih.gov/idg/targets/O00555,O00555,Metabolism,"Reactome Pathway",http://www.reactome.org/content/detail/R-HSA-1430728
https://pharos.nih.gov/idg/targets/O00555,O00555,"Neuronal System","Reactome Pathway",http://www.reactome.org/content/detail/R-HSA-112316
https://pharos.nih.gov/idg/targets/O00555,O00555,"Transmission across Chemical Synapses","Reactome Pathway",http://www.reactome.org/content/detail/R-HSA-112315
https://pharos.nih.gov/idg/targets/O00555,O00555,"Presynaptic depolarization and calcium channel opening","Reactome Pathway",http://www.reactome.org/content/detail/R-HSA-112308
https://pharos.nih.gov/idg/targets/O00555,O00555,"Integration of energy metabolism","Reactome Pathway",http://www.reactome.org/content/detail/R-HSA-163685
https://pharos.nih.gov/idg/targets/O00555,O00555,"Regulation of insulin secretion","Reactome Pathway",http://www.reactome.org/content/detail/R-HSA-422356
https://pharos.nih.gov/idg/targets/O00555,O00555,"MAPK Signaling Pathway","WikiPathways Pathway",http://www.wikipathways.org/instance/WP382_r96304
https://pharos.nih.gov/idg/targets/O00555,O00555,"Calcium Regulation in the Cardiac Cell","WikiPathways Pathway",http://www.wikipathways.org/instance/WP536_r95108
https://pharos.nih.gov/idg/targets/O00555,O00555,"Type II diabetes mellitus","WikiPathways Pathway",http://www.wikipathways.org/instance/WP1584_r94959
https://pharos.nih.gov/idg/targets/O00555,O00555,"Synaptic Vesicle Pathway","WikiPathways Pathway",http://www.wikipathways.org/instance/WP2267_r85090
https://pharos.nih.gov/idg/targets/Q00975,Q00975,"Serotonergic synapse","KEGG Pathway",http://www.kegg.jp/kegg-bin/show_pathway?hsa04726
https://pharos.nih.gov/idg/targets/Q00975,Q00975,"MAPK signaling pathway","KEGG Pathway",http://www.kegg.jp/kegg-bin/show_pathway?hsa04010
https://pharos.nih.gov/idg/targets/Q00975,Q00975,"Retrograde endocannabinoid signaling","KEGG Pathway",http://www.kegg.jp/kegg-bin/show_pathway?hsa04723
https://pharos.nih.gov/idg/targets/Q00975,Q00975,"GABAergic synapse","KEGG Pathway",http://www.kegg.jp/kegg-bin/show_pathway?hsa04727
https://pharos.nih.gov/idg/targets/Q00975,Q00975,"Dopaminergic synapse","KEGG Pathway",http://www.kegg.jp/kegg-bin/show_pathway?hsa04728
https://pharos.nih.gov/idg/targets/Q00975,Q00975,"Cholinergic synapse","KEGG Pathway",http://www.kegg.jp/kegg-bin/show_pathway?hsa04725
https://pharos.nih.gov/idg/targets/Q00975,Q00975,"Morphine addiction","KEGG Pathway",http://www.kegg.jp/kegg-bin/show_pathway?hsa05032
https://pharos.nih.gov/idg/targets/Q00975,Q00975,"Calcium signaling pathway","KEGG Pathway",http://www.kegg.jp/kegg-bin/show_pathway?hsa04020
https://pharos.nih.gov/idg/targets/Q00975,Q00975,"Type II diabetes mellitus","KEGG Pathway",http://www.kegg.jp/kegg-bin/show_pathway?hsa04930
https://pharos.nih.gov/idg/targets/Q00975,Q00975,"Synaptic vesicle cycle","KEGG Pathway",http://www.kegg.jp/kegg-bin/show_pathway?hsa04721
https://pharos.nih.gov/idg/targets/Q00975,Q00975,"Nicotine addiction","KEGG Pathway",http://www.kegg.jp/kegg-bin/show_pathway?hsa05033
https://pharos.nih.gov/idg/targets/Q00975,Q00975,http://identifiers.org/panther.pathway/P00027,"PathwayCommons: panther Pathway",null
https://pharos.nih.gov/idg/targets/Q00975,Q00975,http://identifiers.org/panther.pathway/P00039,"PathwayCommons: panther Pathway",null
https://pharos.nih.gov/idg/targets/Q00975,Q00975,http://identifiers.org/panther.pathway/P00040,"PathwayCommons: panther Pathway",null
https://pharos.nih.gov/idg/targets/Q00975,Q00975,http://identifiers.org/panther.pathway/P04394,"PathwayCommons: panther Pathway",null
https://pharos.nih.gov/idg/targets/Q00975,Q00975,http://identifiers.org/panther.pathway/P05730,"PathwayCommons: panther Pathway",null
https://pharos.nih.gov/idg/targets/Q00975,Q00975,http://identifiers.org/panther.pathway/P05731,"PathwayCommons: panther Pathway",null
https://pharos.nih.gov/idg/targets/Q00975,Q00975,"Neuronal System","Reactome Pathway",http://www.reactome.org/content/detail/R-HSA-112316
https://pharos.nih.gov/idg/targets/Q00975,Q00975,"Transmission across Chemical Synapses","Reactome Pathway",http://www.reactome.org/content/detail/R-HSA-112315
https://pharos.nih.gov/idg/targets/Q00975,Q00975,"Presynaptic depolarization and calcium channel opening","Reactome Pathway",http://www.reactome.org/content/detail/R-HSA-112308
https://pharos.nih.gov/idg/targets/Q00975,Q00975,"MAPK Signaling Pathway","WikiPathways Pathway",http://www.wikipathways.org/instance/WP382_r96304
https://pharos.nih.gov/idg/targets/Q00975,Q00975,"Calcium Regulation in the Cardiac Cell","WikiPathways Pathway",http://www.wikipathways.org/instance/WP536_r95108
https://pharos.nih.gov/idg/targets/Q00975,Q00975,"Synaptic Vesicle Pathway","WikiPathways Pathway",http://www.wikipathways.org/instance/WP2267_r85090
https://pharos.nih.gov/idg/targets/Q9P0X4,Q9P0X4,"MAPK signaling pathway","KEGG Pathway",http://www.kegg.jp/kegg-bin/show_pathway?hsa04010
https://pharos.nih.gov/idg/targets/Q9P0X4,Q9P0X4,"Aldosterone synthesis and secretion","KEGG Pathway",http://www.kegg.jp/kegg-bin/show_pathway?hsa04925
https://pharos.nih.gov/idg/targets/Q9P0X4,Q9P0X4,"Cortisol synthesis and secretion","KEGG Pathway",http://www.kegg.jp/kegg-bin/show_pathway?hsa04927
https://pharos.nih.gov/idg/targets/Q9P0X4,Q9P0X4,"Cushing's syndrome","KEGG Pathway",http://www.kegg.jp/kegg-bin/show_pathway?hsa04934
https://pharos.nih.gov/idg/targets/Q9P0X4,Q9P0X4,"Circadian entrainment","KEGG Pathway",http://www.kegg.jp/kegg-bin/show_pathway?hsa04713
https://pharos.nih.gov/idg/targets/Q9P0X4,Q9P0X4,"Calcium signaling pathway","KEGG Pathway",http://www.kegg.jp/kegg-bin/show_pathway?hsa04020
https://pharos.nih.gov/idg/targets/Q9P0X4,Q9P0X4,"Axon guidance","Reactome Pathway",http://www.reactome.org/content/detail/R-HSA-422475
https://pharos.nih.gov/idg/targets/Q9P0X4,Q9P0X4,"Developmental Biology","Reactome Pathway",http://www.reactome.org/content/detail/R-HSA-1266738
https://pharos.nih.gov/idg/targets/Q9P0X4,Q9P0X4,"NCAM signaling for neurite out-growth","Reactome Pathway",http://www.reactome.org/content/detail/R-HSA-375165
https://pharos.nih.gov/idg/targets/Q9P0X4,Q9P0X4,"NCAM1 interactions","Reactome Pathway",http://www.reactome.org/content/detail/R-HSA-419037
https://pharos.nih.gov/idg/targets/Q9P0X4,Q9P0X4,"MAPK Signaling Pathway","WikiPathways Pathway",http://www.wikipathways.org/instance/WP382_r96304
https://pharos.nih.gov/idg/targets/Q13936,Q13936,"Serotonergic synapse","KEGG Pathway",http://www.kegg.jp/kegg-bin/show_pathway?hsa04726
https://pharos.nih.gov/idg/targets/Q13936,Q13936,"cAMP signaling pathway","KEGG Pathway",http://www.kegg.jp/kegg-bin/show_pathway?hsa04024
https://pharos.nih.gov/idg/targets/Q13936,Q13936,"Taste transduction","KEGG Pathway",http://www.kegg.jp/kegg-bin/show_pathway?hsa04742
https://pharos.nih.gov/idg/targets/Q13936,Q13936,"MAPK signaling pathway","KEGG Pathway",http://www.kegg.jp/kegg-bin/show_pathway?hsa04010
https://pharos.nih.gov/idg/targets/Q13936,Q13936,"Amphetamine addiction","KEGG Pathway",http://www.kegg.jp/kegg-bin/show_pathway?hsa05031
https://pharos.nih.gov/idg/targets/Q13936,Q13936,"Dilated cardiomyopathy (DCM)","KEGG Pathway",http://www.kegg.jp/kegg-bin/show_pathway?hsa05414
https://pharos.nih.gov/idg/targets/Q13936,Q13936,"Arrhythmogenic right ventricular cardiomyopathy (ARVC)","KEGG Pathway",http://www.kegg.jp/kegg-bin/show_pathway?hsa05412
https://pharos.nih.gov/idg/targets/Q13936,Q13936,"Hypertrophic cardiomyopathy (HCM)","KEGG Pathway",http://www.kegg.jp/kegg-bin/show_pathway?hsa05410
https://pharos.nih.gov/idg/targets/Q13936,Q13936,"Alzheimer's disease","KEGG Pathway",http://www.kegg.jp/kegg-bin/show_pathway?hsa05010
https://pharos.nih.gov/idg/targets/Q13936,Q13936,"Aldosterone synthesis and secretion","KEGG Pathway",http://www.kegg.jp/kegg-bin/show_pathway?hsa04925
https://pharos.nih.gov/idg/targets/Q13936,Q13936,"Cardiac muscle contraction","KEGG Pathway",http://www.kegg.jp/kegg-bin/show_pathway?hsa04260
https://pharos.nih.gov/idg/targets/Q13936,Q13936,"Adrenergic signaling in cardiomyocytes","KEGG Pathway",http://www.kegg.jp/kegg-bin/show_pathway?hsa04261
https://pharos.nih.gov/idg/targets/Q13936,Q13936,"cGMP-PKG signaling pathway","KEGG Pathway",http://www.kegg.jp/kegg-bin/show_pathway?hsa04022
https://pharos.nih.gov/idg/targets/Q13936,Q13936,"Insulin secretion","KEGG Pathway",http://www.kegg.jp/kegg-bin/show_pathway?hsa04911
https://pharos.nih.gov/idg/targets/Q13936,Q13936,"Vascular smooth muscle contraction","KEGG Pathway",http://www.kegg.jp/kegg-bin/show_pathway?hsa04270
https://pharos.nih.gov/idg/targets/Q13936,Q13936,"Oxytocin signaling pathway","KEGG Pathway",http://www.kegg.jp/kegg-bin/show_pathway?hsa04921
https://pharos.nih.gov/idg/targets/Q13936,Q13936,"Cortisol synthesis and secretion","KEGG Pathway",http://www.kegg.jp/kegg-bin/show_pathway?hsa04927
https://pharos.nih.gov/idg/targets/Q13936,Q13936,"Cushing's syndrome","KEGG Pathway",http://www.kegg.jp/kegg-bin/show_pathway?hsa04934
https://pharos.nih.gov/idg/targets/Q13936,Q13936,"Retrograde endocannabinoid signaling","KEGG Pathway",http://www.kegg.jp/kegg-bin/show_pathway?hsa04723
https://pharos.nih.gov/idg/targets/Q13936,Q13936,"Glutamatergic synapse","KEGG Pathway",http://www.kegg.jp/kegg-bin/show_pathway?hsa04724
https://pharos.nih.gov/idg/targets/Q13936,Q13936,"GABAergic synapse","KEGG Pathway",http://www.kegg.jp/kegg-bin/show_pathway?hsa04727
https://pharos.nih.gov/idg/targets/Q13936,Q13936,"Dopaminergic synapse","KEGG Pathway",http://www.kegg.jp/kegg-bin/show_pathway?hsa04728
https://pharos.nih.gov/idg/targets/Q13936,Q13936,"Circadian entrainment","KEGG Pathway",http://www.kegg.jp/kegg-bin/show_pathway?hsa04713
https://pharos.nih.gov/idg/targets/Q13936,Q13936,"Cholinergic synapse","KEGG Pathway",http://www.kegg.jp/kegg-bin/show_pathway?hsa04725
https://pharos.nih.gov/idg/targets/Q13936,Q13936,"GnRH signaling pathway","KEGG Pathway",http://www.kegg.jp/kegg-bin/show_pathway?hsa04912
https://pharos.nih.gov/idg/targets/Q13936,Q13936,"Long-term potentiation","KEGG Pathway",http://www.kegg.jp/kegg-bin/show_pathway?hsa04720
https://pharos.nih.gov/idg/targets/Q13936,Q13936,"Calcium signaling pathway","KEGG Pathway",http://www.kegg.jp/kegg-bin/show_pathway?hsa04020
https://pharos.nih.gov/idg/targets/Q13936,Q13936,"Type II diabetes mellitus","KEGG Pathway",http://www.kegg.jp/kegg-bin/show_pathway?hsa04930
https://pharos.nih.gov/idg/targets/Q13936,Q13936,"Renin secretion","KEGG Pathway",http://www.kegg.jp/kegg-bin/show_pathway?hsa04924
https://pharos.nih.gov/idg/targets/Q13936,Q13936,http://pathwaycommons.org/pc2/Pathway_320fb18cc77f412550f390a5b10585bd,"PathwayCommons: inoh Pathway",null
https://pharos.nih.gov/idg/targets/Q13936,Q13936,http://identifiers.org/panther.pathway/P00003,"PathwayCommons: panther Pathway",null
https://pharos.nih.gov/idg/targets/Q13936,Q13936,http://identifiers.org/panther.pathway/P06587,"PathwayCommons: panther Pathway",null
https://pharos.nih.gov/idg/targets/Q13936,Q13936,http://identifiers.org/smpdb/SMP00296,"PathwayCommons: smpdb Pathway",null
https://pharos.nih.gov/idg/targets/Q13936,Q13936,http://identifiers.org/smpdb/SMP00297,"PathwayCommons: smpdb Pathway",null
https://pharos.nih.gov/idg/targets/Q13936,Q13936,http://identifiers.org/smpdb/SMP00298,"PathwayCommons: smpdb Pathway",null
https://pharos.nih.gov/idg/targets/Q13936,Q13936,http://identifiers.org/smpdb/SMP00299,"PathwayCommons: smpdb Pathway",null
https://pharos.nih.gov/idg/targets/Q13936,Q13936,http://identifiers.org/smpdb/SMP00300,"PathwayCommons: smpdb Pathway",null
https://pharos.nih.gov/idg/targets/Q13936,Q13936,http://identifiers.org/smpdb/SMP00301,"PathwayCommons: smpdb Pathway",null
https://pharos.nih.gov/idg/targets/Q13936,Q13936,http://identifiers.org/smpdb/SMP00302,"PathwayCommons: smpdb Pathway",null
https://pharos.nih.gov/idg/targets/Q13936,Q13936,http://identifiers.org/smpdb/SMP00303,"PathwayCommons: smpdb Pathway",null
https://pharos.nih.gov/idg/targets/Q13936,Q13936,http://identifiers.org/smpdb/SMP00304,"PathwayCommons: smpdb Pathway",null
https://pharos.nih.gov/idg/targets/Q13936,Q13936,http://identifiers.org/smpdb/SMP00305,"PathwayCommons: smpdb Pathway",null
https://pharos.nih.gov/idg/targets/Q13936,Q13936,http://identifiers.org/smpdb/SMP00306,"PathwayCommons: smpdb Pathway",null
https://pharos.nih.gov/idg/targets/Q13936,Q13936,http://identifiers.org/smpdb/SMP00307,"PathwayCommons: smpdb Pathway",null
https://pharos.nih.gov/idg/targets/Q13936,Q13936,http://identifiers.org/smpdb/SMP00323,"PathwayCommons: smpdb Pathway",null
https://pharos.nih.gov/idg/targets/Q13936,Q13936,http://identifiers.org/smpdb/SMP00324,"PathwayCommons: smpdb Pathway",null
https://pharos.nih.gov/idg/targets/Q13936,Q13936,http://identifiers.org/smpdb/SMP00325,"PathwayCommons: smpdb Pathway",null
https://pharos.nih.gov/idg/targets/Q13936,Q13936,http://identifiers.org/smpdb/SMP00326,"PathwayCommons: smpdb Pathway",null
https://pharos.nih.gov/idg/targets/Q13936,Q13936,http://identifiers.org/smpdb/SMP00327,"PathwayCommons: smpdb Pathway",null
https://pharos.nih.gov/idg/targets/Q13936,Q13936,http://identifiers.org/smpdb/SMP00328,"PathwayCommons: smpdb Pathway",null
https://pharos.nih.gov/idg/targets/Q13936,Q13936,http://identifiers.org/smpdb/SMP00329,"PathwayCommons: smpdb Pathway",null
https://pharos.nih.gov/idg/targets/Q13936,Q13936,http://identifiers.org/smpdb/SMP00330,"PathwayCommons: smpdb Pathway",null
https://pharos.nih.gov/idg/targets/Q13936,Q13936,http://identifiers.org/smpdb/SMP00331,"PathwayCommons: smpdb Pathway",null
https://pharos.nih.gov/idg/targets/Q13936,Q13936,http://identifiers.org/smpdb/SMP00332,"PathwayCommons: smpdb Pathway",null
https://pharos.nih.gov/idg/targets/Q13936,Q13936,http://identifiers.org/smpdb/SMP00359,"PathwayCommons: smpdb Pathway",null
https://pharos.nih.gov/idg/targets/Q13936,Q13936,http://identifiers.org/smpdb/SMP00366,"PathwayCommons: smpdb Pathway",null
https://pharos.nih.gov/idg/targets/Q13936,Q13936,http://identifiers.org/smpdb/SMP00367,"PathwayCommons: smpdb Pathway",null
https://pharos.nih.gov/idg/targets/Q13936,Q13936,http://identifiers.org/smpdb/SMP00368,"PathwayCommons: smpdb Pathway",null
https://pharos.nih.gov/idg/targets/Q13936,Q13936,http://identifiers.org/smpdb/SMP00375,"PathwayCommons: smpdb Pathway",null
https://pharos.nih.gov/idg/targets/Q13936,Q13936,http://identifiers.org/smpdb/SMP00376,"PathwayCommons: smpdb Pathway",null
https://pharos.nih.gov/idg/targets/Q13936,Q13936,http://identifiers.org/smpdb/SMP00377,"PathwayCommons: smpdb Pathway",null
https://pharos.nih.gov/idg/targets/Q13936,Q13936,http://identifiers.org/smpdb/SMP00378,"PathwayCommons: smpdb Pathway",null
https://pharos.nih.gov/idg/targets/Q13936,Q13936,http://identifiers.org/smpdb/SMP00379,"PathwayCommons: smpdb Pathway",null
https://pharos.nih.gov/idg/targets/Q13936,Q13936,http://identifiers.org/smpdb/SMP00380,"PathwayCommons: smpdb Pathway",null
https://pharos.nih.gov/idg/targets/Q13936,Q13936,http://identifiers.org/smpdb/SMP00381,"PathwayCommons: smpdb Pathway",null
https://pharos.nih.gov/idg/targets/Q13936,Q13936,http://identifiers.org/smpdb/SMP00382,"PathwayCommons: smpdb Pathway",null
https://pharos.nih.gov/idg/targets/Q13936,Q13936,http://identifiers.org/smpdb/SMP00588,"PathwayCommons: smpdb Pathway",null
https://pharos.nih.gov/idg/targets/Q13936,Q13936,http://identifiers.org/smpdb/SMP00657,"PathwayCommons: smpdb Pathway",null
https://pharos.nih.gov/idg/targets/Q13936,Q13936,http://identifiers.org/smpdb/SMP00658,"PathwayCommons: smpdb Pathway",null
https://pharos.nih.gov/idg/targets/Q13936,Q13936,http://identifiers.org/smpdb/SMP00659,"PathwayCommons: smpdb Pathway",null
https://pharos.nih.gov/idg/targets/Q13936,Q13936,http://identifiers.org/smpdb/SMP00660,"PathwayCommons: smpdb Pathway",null
https://pharos.nih.gov/idg/targets/Q13936,Q13936,http://identifiers.org/smpdb/SMP00661,"PathwayCommons: smpdb Pathway",null
https://pharos.nih.gov/idg/targets/Q13936,Q13936,http://identifiers.org/smpdb/SMP00662,"PathwayCommons: smpdb Pathway",null
https://pharos.nih.gov/idg/targets/Q13936,Q13936,http://identifiers.org/smpdb/SMP00663,"PathwayCommons: smpdb Pathway",null
https://pharos.nih.gov/idg/targets/Q13936,Q13936,http://identifiers.org/smpdb/SMP00664,"PathwayCommons: smpdb Pathway",null
https://pharos.nih.gov/idg/targets/Q13936,Q13936,http://identifiers.org/smpdb/SMP00665,"PathwayCommons: smpdb Pathway",null
https://pharos.nih.gov/idg/targets/Q13936,Q13936,http://identifiers.org/smpdb/SMP00666,"PathwayCommons: smpdb Pathway",null
https://pharos.nih.gov/idg/targets/Q13936,Q13936,http://identifiers.org/smpdb/SMP00667,"PathwayCommons: smpdb Pathway",null
https://pharos.nih.gov/idg/targets/Q13936,Q13936,http://identifiers.org/smpdb/SMP00668,"PathwayCommons: smpdb Pathway",null
https://pharos.nih.gov/idg/targets/Q13936,Q13936,http://identifiers.org/smpdb/SMP00669,"PathwayCommons: smpdb Pathway",null
https://pharos.nih.gov/idg/targets/Q13936,Q13936,http://identifiers.org/smpdb/SMP00670,"PathwayCommons: smpdb Pathway",null
https://pharos.nih.gov/idg/targets/Q13936,Q13936,http://identifiers.org/smpdb/SMP00619,"PathwayCommons: smpdb Pathway",null
https://pharos.nih.gov/idg/targets/Q13936,Q13936,Metabolism,"Reactome Pathway",http://www.reactome.org/content/detail/R-HSA-1430728
https://pharos.nih.gov/idg/targets/Q13936,Q13936,"Axon guidance","Reactome Pathway",http://www.reactome.org/content/detail/R-HSA-422475
https://pharos.nih.gov/idg/targets/Q13936,Q13936,"Developmental Biology","Reactome Pathway",http://www.reactome.org/content/detail/R-HSA-1266738
https://pharos.nih.gov/idg/targets/Q13936,Q13936,"Cardiac conduction","Reactome Pathway",http://www.reactome.org/content/detail/R-HSA-5576891
https://pharos.nih.gov/idg/targets/Q13936,Q13936,"Muscle contraction","Reactome Pathway",http://www.reactome.org/content/detail/R-HSA-397014
https://pharos.nih.gov/idg/targets/Q13936,Q13936,"Phase 2 - plateau phase","Reactome Pathway",http://www.reactome.org/content/detail/R-HSA-5576893
https://pharos.nih.gov/idg/targets/Q13936,Q13936,"Adrenaline,noradrenaline inhibits insulin secretion","Reactome Pathway",http://www.reactome.org/content/detail/R-HSA-400042
https://pharos.nih.gov/idg/targets/Q13936,Q13936,"Integration of energy metabolism","Reactome Pathway",http://www.reactome.org/content/detail/R-HSA-163685
https://pharos.nih.gov/idg/targets/Q13936,Q13936,"Regulation of insulin secretion","Reactome Pathway",http://www.reactome.org/content/detail/R-HSA-422356
https://pharos.nih.gov/idg/targets/Q13936,Q13936,"NCAM signaling for neurite out-growth","Reactome Pathway",http://www.reactome.org/content/detail/R-HSA-375165
https://pharos.nih.gov/idg/targets/Q13936,Q13936,"NCAM1 interactions","Reactome Pathway",http://www.reactome.org/content/detail/R-HSA-419037
https://pharos.nih.gov/idg/targets/Q13936,Q13936,"MAPK Signaling Pathway","WikiPathways Pathway",http://www.wikipathways.org/instance/WP382_r96304
https://pharos.nih.gov/idg/targets/Q13936,Q13936,"Arrhythmogenic Right Ventricular Cardiomyopathy","WikiPathways Pathway",http://www.wikipathways.org/instance/WP2118_r71265
https://pharos.nih.gov/idg/targets/Q13936,Q13936,"Calcium Regulation in the Cardiac Cell","WikiPathways Pathway",http://www.wikipathways.org/instance/WP536_r95108
https://pharos.nih.gov/idg/targets/Q13936,Q13936,"Alzheimers Disease","WikiPathways Pathway",http://www.wikipathways.org/instance/WP2059_r87372
https://pharos.nih.gov/idg/targets/Q13936,Q13936,"Nicotine Activity on Chromaffin Cells","WikiPathways Pathway",http://www.wikipathways.org/instance/WP1603_r78574
https://pharos.nih.gov/idg/targets/Q13698,Q13698,"Serotonergic synapse","KEGG Pathway",http://www.kegg.jp/kegg-bin/show_pathway?hsa04726
https://pharos.nih.gov/idg/targets/Q13698,Q13698,"cAMP signaling pathway","KEGG Pathway",http://www.kegg.jp/kegg-bin/show_pathway?hsa04024
https://pharos.nih.gov/idg/targets/Q13698,Q13698,"MAPK signaling pathway","KEGG Pathway",http://www.kegg.jp/kegg-bin/show_pathway?hsa04010
https://pharos.nih.gov/idg/targets/Q13698,Q13698,"Dilated cardiomyopathy (DCM)","KEGG Pathway",http://www.kegg.jp/kegg-bin/show_pathway?hsa05414
https://pharos.nih.gov/idg/targets/Q13698,Q13698,"Arrhythmogenic right ventricular cardiomyopathy (ARVC)","KEGG Pathway",http://www.kegg.jp/kegg-bin/show_pathway?hsa05412
https://pharos.nih.gov/idg/targets/Q13698,Q13698,"Hypertrophic cardiomyopathy (HCM)","KEGG Pathway",http://www.kegg.jp/kegg-bin/show_pathway?hsa05410
https://pharos.nih.gov/idg/targets/Q13698,Q13698,"Alzheimer's disease","KEGG Pathway",http://www.kegg.jp/kegg-bin/show_pathway?hsa05010
https://pharos.nih.gov/idg/targets/Q13698,Q13698,"Aldosterone synthesis and secretion","KEGG Pathway",http://www.kegg.jp/kegg-bin/show_pathway?hsa04925
https://pharos.nih.gov/idg/targets/Q13698,Q13698,"Cardiac muscle contraction","KEGG Pathway",http://www.kegg.jp/kegg-bin/show_pathway?hsa04260
https://pharos.nih.gov/idg/targets/Q13698,Q13698,"Adrenergic signaling in cardiomyocytes","KEGG Pathway",http://www.kegg.jp/kegg-bin/show_pathway?hsa04261
https://pharos.nih.gov/idg/targets/Q13698,Q13698,"cGMP-PKG signaling pathway","KEGG Pathway",http://www.kegg.jp/kegg-bin/show_pathway?hsa04022
https://pharos.nih.gov/idg/targets/Q13698,Q13698,"Insulin secretion","KEGG Pathway",http://www.kegg.jp/kegg-bin/show_pathway?hsa04911
https://pharos.nih.gov/idg/targets/Q13698,Q13698,"Vascular smooth muscle contraction","KEGG Pathway",http://www.kegg.jp/kegg-bin/show_pathway?hsa04270
https://pharos.nih.gov/idg/targets/Q13698,Q13698,"Oxytocin signaling pathway","KEGG Pathway",http://www.kegg.jp/kegg-bin/show_pathway?hsa04921
https://pharos.nih.gov/idg/targets/Q13698,Q13698,"Cortisol synthesis and secretion","KEGG Pathway",http://www.kegg.jp/kegg-bin/show_pathway?hsa04927
https://pharos.nih.gov/idg/targets/Q13698,Q13698,"Cushing's syndrome","KEGG Pathway",http://www.kegg.jp/kegg-bin/show_pathway?hsa04934
https://pharos.nih.gov/idg/targets/Q13698,Q13698,"Retrograde endocannabinoid signaling","KEGG Pathway",http://www.kegg.jp/kegg-bin/show_pathway?hsa04723
https://pharos.nih.gov/idg/targets/Q13698,Q13698,"GABAergic synapse","KEGG Pathway",http://www.kegg.jp/kegg-bin/show_pathway?hsa04727
https://pharos.nih.gov/idg/targets/Q13698,Q13698,"Cholinergic synapse","KEGG Pathway",http://www.kegg.jp/kegg-bin/show_pathway?hsa04725
https://pharos.nih.gov/idg/targets/Q13698,Q13698,"GnRH signaling pathway","KEGG Pathway",http://www.kegg.jp/kegg-bin/show_pathway?hsa04912
https://pharos.nih.gov/idg/targets/Q13698,Q13698,"Calcium signaling pathway","KEGG Pathway",http://www.kegg.jp/kegg-bin/show_pathway?hsa04020
https://pharos.nih.gov/idg/targets/Q13698,Q13698,"Renin secretion","KEGG Pathway",http://www.kegg.jp/kegg-bin/show_pathway?hsa04924
https://pharos.nih.gov/idg/targets/Q13698,Q13698,http://pathwaycommons.org/pc2/Pathway_320fb18cc77f412550f390a5b10585bd,"PathwayCommons: inoh Pathway",null
https://pharos.nih.gov/idg/targets/Q13698,Q13698,http://identifiers.org/panther.pathway/P00003,"PathwayCommons: panther Pathway",null
https://pharos.nih.gov/idg/targets/Q13698,Q13698,"Axon guidance","Reactome Pathway",http://www.reactome.org/content/detail/R-HSA-422475
https://pharos.nih.gov/idg/targets/Q13698,Q13698,"Developmental Biology","Reactome Pathway",http://www.reactome.org/content/detail/R-HSA-1266738
https://pharos.nih.gov/idg/targets/Q13698,Q13698,"Cardiac conduction","Reactome Pathway",http://www.reactome.org/content/detail/R-HSA-5576891
https://pharos.nih.gov/idg/targets/Q13698,Q13698,"Muscle contraction","Reactome Pathway",http://www.reactome.org/content/detail/R-HSA-397014
https://pharos.nih.gov/idg/targets/Q13698,Q13698,"Phase 0 - rapid depolarisation","Reactome Pathway",http://www.reactome.org/content/detail/R-HSA-5576892
https://pharos.nih.gov/idg/targets/Q13698,Q13698,"Phase 2 - plateau phase","Reactome Pathway",http://www.reactome.org/content/detail/R-HSA-5576893
https://pharos.nih.gov/idg/targets/Q13698,Q13698,"NCAM signaling for neurite out-growth","Reactome Pathway",http://www.reactome.org/content/detail/R-HSA-375165
https://pharos.nih.gov/idg/targets/Q13698,Q13698,"NCAM1 interactions","Reactome Pathway",http://www.reactome.org/content/detail/R-HSA-419037
https://pharos.nih.gov/idg/targets/Q13698,Q13698,"MAPK Signaling Pathway","WikiPathways Pathway",http://www.wikipathways.org/instance/WP382_r96304
https://pharos.nih.gov/idg/targets/Q13698,Q13698,"Arrhythmogenic Right Ventricular Cardiomyopathy","WikiPathways Pathway",http://www.wikipathways.org/instance/WP2118_r71265
https://pharos.nih.gov/idg/targets/Q13698,Q13698,"Calcium Regulation in the Cardiac Cell","WikiPathways Pathway",http://www.wikipathways.org/instance/WP536_r95108
https://pharos.nih.gov/idg/targets/Q13698,Q13698,"Alzheimers Disease","WikiPathways Pathway",http://www.wikipathways.org/instance/WP2059_r87372
https://pharos.nih.gov/idg/targets/Q01668,Q01668,"Serotonergic synapse","KEGG Pathway",http://www.kegg.jp/kegg-bin/show_pathway?hsa04726
https://pharos.nih.gov/idg/targets/Q01668,Q01668,"cAMP signaling pathway","KEGG Pathway",http://www.kegg.jp/kegg-bin/show_pathway?hsa04024
https://pharos.nih.gov/idg/targets/Q01668,Q01668,"MAPK signaling pathway","KEGG Pathway",http://www.kegg.jp/kegg-bin/show_pathway?hsa04010
https://pharos.nih.gov/idg/targets/Q01668,Q01668,"Amphetamine addiction","KEGG Pathway",http://www.kegg.jp/kegg-bin/show_pathway?hsa05031
https://pharos.nih.gov/idg/targets/Q01668,Q01668,"Tight junction","KEGG Pathway",http://www.kegg.jp/kegg-bin/show_pathway?hsa04530
https://pharos.nih.gov/idg/targets/Q01668,Q01668,"Dilated cardiomyopathy (DCM)","KEGG Pathway",http://www.kegg.jp/kegg-bin/show_pathway?hsa05414
https://pharos.nih.gov/idg/targets/Q01668,Q01668,"Arrhythmogenic right ventricular cardiomyopathy (ARVC)","KEGG Pathway",http://www.kegg.jp/kegg-bin/show_pathway?hsa05412
https://pharos.nih.gov/idg/targets/Q01668,Q01668,"Hypertrophic cardiomyopathy (HCM)","KEGG Pathway",http://www.kegg.jp/kegg-bin/show_pathway?hsa05410
https://pharos.nih.gov/idg/targets/Q01668,Q01668,"Alzheimer's disease","KEGG Pathway",http://www.kegg.jp/kegg-bin/show_pathway?hsa05010
https://pharos.nih.gov/idg/targets/Q01668,Q01668,"Aldosterone synthesis and secretion","KEGG Pathway",http://www.kegg.jp/kegg-bin/show_pathway?hsa04925
https://pharos.nih.gov/idg/targets/Q01668,Q01668,"Carbohydrate digestion and absorption","KEGG Pathway",http://www.kegg.jp/kegg-bin/show_pathway?hsa04973
https://pharos.nih.gov/idg/targets/Q01668,Q01668,"Cardiac muscle contraction","KEGG Pathway",http://www.kegg.jp/kegg-bin/show_pathway?hsa04260
https://pharos.nih.gov/idg/targets/Q01668,Q01668,"Adrenergic signaling in cardiomyocytes","KEGG Pathway",http://www.kegg.jp/kegg-bin/show_pathway?hsa04261
https://pharos.nih.gov/idg/targets/Q01668,Q01668,"cGMP-PKG signaling pathway","KEGG Pathway",http://www.kegg.jp/kegg-bin/show_pathway?hsa04022
https://pharos.nih.gov/idg/targets/Q01668,Q01668,"Insulin secretion","KEGG Pathway",http://www.kegg.jp/kegg-bin/show_pathway?hsa04911
https://pharos.nih.gov/idg/targets/Q01668,Q01668,"Cellular senescence","KEGG Pathway",http://www.kegg.jp/kegg-bin/show_pathway?hsa04218
https://pharos.nih.gov/idg/targets/Q01668,Q01668,"Vascular smooth muscle contraction","KEGG Pathway",http://www.kegg.jp/kegg-bin/show_pathway?hsa04270
https://pharos.nih.gov/idg/targets/Q01668,Q01668,"Oxytocin signaling pathway","KEGG Pathway",http://www.kegg.jp/kegg-bin/show_pathway?hsa04921
https://pharos.nih.gov/idg/targets/Q01668,Q01668,"Cortisol synthesis and secretion","KEGG Pathway",http://www.kegg.jp/kegg-bin/show_pathway?hsa04927
https://pharos.nih.gov/idg/targets/Q01668,Q01668,"Cushing's syndrome","KEGG Pathway",http://www.kegg.jp/kegg-bin/show_pathway?hsa04934
https://pharos.nih.gov/idg/targets/Q01668,Q01668,"Retrograde endocannabinoid signaling","KEGG Pathway",http://www.kegg.jp/kegg-bin/show_pathway?hsa04723
https://pharos.nih.gov/idg/targets/Q01668,Q01668,"Glutamatergic synapse","KEGG Pathway",http://www.kegg.jp/kegg-bin/show_pathway?hsa04724
https://pharos.nih.gov/idg/targets/Q01668,Q01668,"GABAergic synapse","KEGG Pathway",http://www.kegg.jp/kegg-bin/show_pathway?hsa04727
https://pharos.nih.gov/idg/targets/Q01668,Q01668,"Dopaminergic synapse","KEGG Pathway",http://www.kegg.jp/kegg-bin/show_pathway?hsa04728
https://pharos.nih.gov/idg/targets/Q01668,Q01668,"Circadian entrainment","KEGG Pathway",http://www.kegg.jp/kegg-bin/show_pathway?hsa04713
https://pharos.nih.gov/idg/targets/Q01668,Q01668,"Cholinergic synapse","KEGG Pathway",http://www.kegg.jp/kegg-bin/show_pathway?hsa04725
https://pharos.nih.gov/idg/targets/Q01668,Q01668,"GnRH signaling pathway","KEGG Pathway",http://www.kegg.jp/kegg-bin/show_pathway?hsa04912
https://pharos.nih.gov/idg/targets/Q01668,Q01668,"Calcium signaling pathway","KEGG Pathway",http://www.kegg.jp/kegg-bin/show_pathway?hsa04020
https://pharos.nih.gov/idg/targets/Q01668,Q01668,"Type II diabetes mellitus","KEGG Pathway",http://www.kegg.jp/kegg-bin/show_pathway?hsa04930
https://pharos.nih.gov/idg/targets/Q01668,Q01668,"Renin secretion","KEGG Pathway",http://www.kegg.jp/kegg-bin/show_pathway?hsa04924
https://pharos.nih.gov/idg/targets/Q01668,Q01668,http://pathwaycommons.org/pc2/Pathway_320fb18cc77f412550f390a5b10585bd,"PathwayCommons: inoh Pathway",null
https://pharos.nih.gov/idg/targets/Q01668,Q01668,http://identifiers.org/panther.pathway/P00003,"PathwayCommons: panther Pathway",null
https://pharos.nih.gov/idg/targets/Q01668,Q01668,Metabolism,"Reactome Pathway",http://www.reactome.org/content/detail/R-HSA-1430728
https://pharos.nih.gov/idg/targets/Q01668,Q01668,"Axon guidance","Reactome Pathway",http://www.reactome.org/content/detail/R-HSA-422475
https://pharos.nih.gov/idg/targets/Q01668,Q01668,"Developmental Biology","Reactome Pathway",http://www.reactome.org/content/detail/R-HSA-1266738
https://pharos.nih.gov/idg/targets/Q01668,Q01668,"Cardiac conduction","Reactome Pathway",http://www.reactome.org/content/detail/R-HSA-5576891
https://pharos.nih.gov/idg/targets/Q01668,Q01668,"Muscle contraction","Reactome Pathway",http://www.reactome.org/content/detail/R-HSA-397014
https://pharos.nih.gov/idg/targets/Q01668,Q01668,"Phase 0 - rapid depolarisation","Reactome Pathway",http://www.reactome.org/content/detail/R-HSA-5576892
https://pharos.nih.gov/idg/targets/Q01668,Q01668,"Phase 2 - plateau phase","Reactome Pathway",http://www.reactome.org/content/detail/R-HSA-5576893
https://pharos.nih.gov/idg/targets/Q01668,Q01668,"Adrenaline,noradrenaline inhibits insulin secretion","Reactome Pathway",http://www.reactome.org/content/detail/R-HSA-400042
https://pharos.nih.gov/idg/targets/Q01668,Q01668,"Integration of energy metabolism","Reactome Pathway",http://www.reactome.org/content/detail/R-HSA-163685
https://pharos.nih.gov/idg/targets/Q01668,Q01668,"Regulation of insulin secretion","Reactome Pathway",http://www.reactome.org/content/detail/R-HSA-422356
https://pharos.nih.gov/idg/targets/Q01668,Q01668,"NCAM signaling for neurite out-growth","Reactome Pathway",http://www.reactome.org/content/detail/R-HSA-375165
https://pharos.nih.gov/idg/targets/Q01668,Q01668,"NCAM1 interactions","Reactome Pathway",http://www.reactome.org/content/detail/R-HSA-419037
https://pharos.nih.gov/idg/targets/Q01668,Q01668,"MAPK Signaling Pathway","WikiPathways Pathway",http://www.wikipathways.org/instance/WP382_r96304
https://pharos.nih.gov/idg/targets/Q01668,Q01668,"Arrhythmogenic Right Ventricular Cardiomyopathy","WikiPathways Pathway",http://www.wikipathways.org/instance/WP2118_r71265
https://pharos.nih.gov/idg/targets/Q01668,Q01668,"Calcium Regulation in the Cardiac Cell","WikiPathways Pathway",http://www.wikipathways.org/instance/WP536_r95108
https://pharos.nih.gov/idg/targets/Q01668,Q01668,"Alzheimers Disease","WikiPathways Pathway",http://www.wikipathways.org/instance/WP2059_r87372
https://pharos.nih.gov/idg/targets/Q8NHX9,Q8NHX9,"Pancreatic secretion","KEGG Pathway",http://www.kegg.jp/kegg-bin/show_pathway?hsa04972
https://pharos.nih.gov/idg/targets/Q8NHX9,Q8NHX9,http://identifiers.org/panther.pathway/P06959,"PathwayCommons: panther Pathway",null
https://pharos.nih.gov/idg/targets/Q8NHX9,Q8NHX9,"Transport of small molecules","Reactome Pathway",http://www.reactome.org/content/detail/R-HSA-382551
https://pharos.nih.gov/idg/targets/Q8NHX9,Q8NHX9,"Ion channel transport","Reactome Pathway",http://www.reactome.org/content/detail/R-HSA-983712
https://pharos.nih.gov/idg/targets/Q8NHX9,Q8NHX9,"Stimuli-sensing channels","Reactome Pathway",http://www.reactome.org/content/detail/R-HSA-2672351
https://pharos.nih.gov/idg/targets/Q8NHX9,Q8NHX9,"VEGFA-VEGFR2 Signaling Pathway","WikiPathways Pathway",http://www.wikipathways.org/instance/WP3888_r90000
https://pharos.nih.gov/idg/targets/O60840,O60840,"Serotonergic synapse","KEGG Pathway",http://www.kegg.jp/kegg-bin/show_pathway?hsa04726
https://pharos.nih.gov/idg/targets/O60840,O60840,"cAMP signaling pathway","KEGG Pathway",http://www.kegg.jp/kegg-bin/show_pathway?hsa04024
https://pharos.nih.gov/idg/targets/O60840,O60840,"MAPK signaling pathway","KEGG Pathway",http://www.kegg.jp/kegg-bin/show_pathway?hsa04010
https://pharos.nih.gov/idg/targets/O60840,O60840,"Dilated cardiomyopathy (DCM)","KEGG Pathway",http://www.kegg.jp/kegg-bin/show_pathway?hsa05414
https://pharos.nih.gov/idg/targets/O60840,O60840,"Arrhythmogenic right ventricular cardiomyopathy (ARVC)","KEGG Pathway",http://www.kegg.jp/kegg-bin/show_pathway?hsa05412
https://pharos.nih.gov/idg/targets/O60840,O60840,"Hypertrophic cardiomyopathy (HCM)","KEGG Pathway",http://www.kegg.jp/kegg-bin/show_pathway?hsa05410
https://pharos.nih.gov/idg/targets/O60840,O60840,"Alzheimer's disease","KEGG Pathway",http://www.kegg.jp/kegg-bin/show_pathway?hsa05010
https://pharos.nih.gov/idg/targets/O60840,O60840,"Aldosterone synthesis and secretion","KEGG Pathway",http://www.kegg.jp/kegg-bin/show_pathway?hsa04925
https://pharos.nih.gov/idg/targets/O60840,O60840,"Cardiac muscle contraction","KEGG Pathway",http://www.kegg.jp/kegg-bin/show_pathway?hsa04260
https://pharos.nih.gov/idg/targets/O60840,O60840,"Adrenergic signaling in cardiomyocytes","KEGG Pathway",http://www.kegg.jp/kegg-bin/show_pathway?hsa04261
https://pharos.nih.gov/idg/targets/O60840,O60840,"cGMP-PKG signaling pathway","KEGG Pathway",http://www.kegg.jp/kegg-bin/show_pathway?hsa04022
https://pharos.nih.gov/idg/targets/O60840,O60840,"Insulin secretion","KEGG Pathway",http://www.kegg.jp/kegg-bin/show_pathway?hsa04911
https://pharos.nih.gov/idg/targets/O60840,O60840,"Vascular smooth muscle contraction","KEGG Pathway",http://www.kegg.jp/kegg-bin/show_pathway?hsa04270
https://pharos.nih.gov/idg/targets/O60840,O60840,"Oxytocin signaling pathway","KEGG Pathway",http://www.kegg.jp/kegg-bin/show_pathway?hsa04921
https://pharos.nih.gov/idg/targets/O60840,O60840,"Cortisol synthesis and secretion","KEGG Pathway",http://www.kegg.jp/kegg-bin/show_pathway?hsa04927
https://pharos.nih.gov/idg/targets/O60840,O60840,"Cushing's syndrome","KEGG Pathway",http://www.kegg.jp/kegg-bin/show_pathway?hsa04934
https://pharos.nih.gov/idg/targets/O60840,O60840,"Retrograde endocannabinoid signaling","KEGG Pathway",http://www.kegg.jp/kegg-bin/show_pathway?hsa04723
https://pharos.nih.gov/idg/targets/O60840,O60840,"GABAergic synapse","KEGG Pathway",http://www.kegg.jp/kegg-bin/show_pathway?hsa04727
https://pharos.nih.gov/idg/targets/O60840,O60840,"Cholinergic synapse","KEGG Pathway",http://www.kegg.jp/kegg-bin/show_pathway?hsa04725
https://pharos.nih.gov/idg/targets/O60840,O60840,"GnRH signaling pathway","KEGG Pathway",http://www.kegg.jp/kegg-bin/show_pathway?hsa04912
https://pharos.nih.gov/idg/targets/O60840,O60840,"Calcium signaling pathway","KEGG Pathway",http://www.kegg.jp/kegg-bin/show_pathway?hsa04020
https://pharos.nih.gov/idg/targets/O60840,O60840,"Renin secretion","KEGG Pathway",http://www.kegg.jp/kegg-bin/show_pathway?hsa04924
https://pharos.nih.gov/idg/targets/O60840,O60840,http://pathwaycommons.org/pc2/Pathway_320fb18cc77f412550f390a5b10585bd,"PathwayCommons: inoh Pathway",null
https://pharos.nih.gov/idg/targets/O60840,O60840,http://identifiers.org/panther.pathway/P00003,"PathwayCommons: panther Pathway",null
https://pharos.nih.gov/idg/targets/O60840,O60840,"Cardiac conduction","Reactome Pathway",http://www.reactome.org/content/detail/R-HSA-5576891
https://pharos.nih.gov/idg/targets/O60840,O60840,"Muscle contraction","Reactome Pathway",http://www.reactome.org/content/detail/R-HSA-397014
https://pharos.nih.gov/idg/targets/O60840,O60840,"Phase 0 - rapid depolarisation","Reactome Pathway",http://www.reactome.org/content/detail/R-HSA-5576892
https://pharos.nih.gov/idg/targets/O60840,O60840,"Phase 2 - plateau phase","Reactome Pathway",http://www.reactome.org/content/detail/R-HSA-5576893
https://pharos.nih.gov/idg/targets/O60840,O60840,"MAPK Signaling Pathway","WikiPathways Pathway",http://www.wikipathways.org/instance/WP382_r96304
https://pharos.nih.gov/idg/targets/O60840,O60840,"Arrhythmogenic Right Ventricular Cardiomyopathy","WikiPathways Pathway",http://www.wikipathways.org/instance/WP2118_r71265
https://pharos.nih.gov/idg/targets/O60840,O60840,"Alzheimers Disease","WikiPathways Pathway",http://www.wikipathways.org/instance/WP2059_r87372
https://pharos.nih.gov/idg/targets/Q15878,Q15878,"MAPK signaling pathway","KEGG Pathway",http://www.kegg.jp/kegg-bin/show_pathway?hsa04010
https://pharos.nih.gov/idg/targets/Q15878,Q15878,"Calcium signaling pathway","KEGG Pathway",http://www.kegg.jp/kegg-bin/show_pathway?hsa04020
https://pharos.nih.gov/idg/targets/Q15878,Q15878,"Type II diabetes mellitus","KEGG Pathway",http://www.kegg.jp/kegg-bin/show_pathway?hsa04930
https://pharos.nih.gov/idg/targets/Q15878,Q15878,http://identifiers.org/panther.pathway/P00027,"PathwayCommons: panther Pathway",null
https://pharos.nih.gov/idg/targets/Q15878,Q15878,http://identifiers.org/panther.pathway/P00039,"PathwayCommons: panther Pathway",null
https://pharos.nih.gov/idg/targets/Q15878,Q15878,http://identifiers.org/panther.pathway/P00040,"PathwayCommons: panther Pathway",null
https://pharos.nih.gov/idg/targets/Q15878,Q15878,http://identifiers.org/panther.pathway/P04394,"PathwayCommons: panther Pathway",null
https://pharos.nih.gov/idg/targets/Q15878,Q15878,Metabolism,"Reactome Pathway",http://www.reactome.org/content/detail/R-HSA-1430728
https://pharos.nih.gov/idg/targets/Q15878,Q15878,"Neuronal System","Reactome Pathway",http://www.reactome.org/content/detail/R-HSA-112316
https://pharos.nih.gov/idg/targets/Q15878,Q15878,"Transmission across Chemical Synapses","Reactome Pathway",http://www.reactome.org/content/detail/R-HSA-112315
https://pharos.nih.gov/idg/targets/Q15878,Q15878,"Presynaptic depolarization and calcium channel opening","Reactome Pathway",http://www.reactome.org/content/detail/R-HSA-112308
https://pharos.nih.gov/idg/targets/Q15878,Q15878,"Integration of energy metabolism","Reactome Pathway",http://www.reactome.org/content/detail/R-HSA-163685
https://pharos.nih.gov/idg/targets/Q15878,Q15878,"Regulation of insulin secretion","Reactome Pathway",http://www.reactome.org/content/detail/R-HSA-422356
https://pharos.nih.gov/idg/targets/Q15878,Q15878,"MAPK Signaling Pathway","WikiPathways Pathway",http://www.wikipathways.org/instance/WP382_r96304
https://pharos.nih.gov/idg/targets/Q15878,Q15878,"Calcium Regulation in the Cardiac Cell","WikiPathways Pathway",http://www.wikipathways.org/instance/WP536_r95108
