"URL","Uniprot ID","Keyword","Link"
https://pharos.nih.gov/idg/targets/P27037,P27037,"Complete proteome",http://www.uniprot.org/keywords/KW-0181
https://pharos.nih.gov/idg/targets/P27037,P27037,Metal-binding,http://www.uniprot.org/keywords/KW-0479
https://pharos.nih.gov/idg/targets/P27037,P27037,Polymorphism,http://www.uniprot.org/keywords/KW-0621
https://pharos.nih.gov/idg/targets/P27037,P27037,"Reference proteome",http://www.uniprot.org/keywords/KW-1185
https://pharos.nih.gov/idg/targets/P27037,P27037,"Alternative splicing",http://www.uniprot.org/keywords/KW-0025
https://pharos.nih.gov/idg/targets/P27037,P27037,"Disulfide bond",http://www.uniprot.org/keywords/KW-1015
https://pharos.nih.gov/idg/targets/P27037,P27037,Glycoprotein,http://www.uniprot.org/keywords/KW-0325
https://pharos.nih.gov/idg/targets/P27037,P27037,Membrane,http://www.uniprot.org/keywords/KW-0472
https://pharos.nih.gov/idg/targets/P27037,P27037,Receptor,http://www.uniprot.org/keywords/KW-0675
https://pharos.nih.gov/idg/targets/P27037,P27037,Transmembrane,http://www.uniprot.org/keywords/KW-0812
https://pharos.nih.gov/idg/targets/P27037,P27037,"Transmembrane helix",http://www.uniprot.org/keywords/KW-1133
https://pharos.nih.gov/idg/targets/P27037,P27037,3D-structure,http://www.uniprot.org/keywords/KW-0002
https://pharos.nih.gov/idg/targets/P27037,P27037,Transferase,http://www.uniprot.org/keywords/KW-0808
https://pharos.nih.gov/idg/targets/P27037,P27037,ATP-binding,http://www.uniprot.org/keywords/KW-0067
https://pharos.nih.gov/idg/targets/P27037,P27037,Nucleotide-binding,http://www.uniprot.org/keywords/KW-0547
https://pharos.nih.gov/idg/targets/P27037,P27037,Signal,http://www.uniprot.org/keywords/KW-0732
https://pharos.nih.gov/idg/targets/P27037,P27037,Magnesium,http://www.uniprot.org/keywords/KW-0460
https://pharos.nih.gov/idg/targets/P27037,P27037,Kinase,http://www.uniprot.org/keywords/KW-0418
https://pharos.nih.gov/idg/targets/P27037,P27037,Manganese,http://www.uniprot.org/keywords/KW-0464
https://pharos.nih.gov/idg/targets/P27037,P27037,"Serine-threonine-protein kinase",http://www.uniprot.org/keywords/KW-0723
https://pharos.nih.gov/idg/targets/Q12852,Q12852,"Complete proteome",http://www.uniprot.org/keywords/KW-0181
https://pharos.nih.gov/idg/targets/Q12852,Q12852,Polymorphism,http://www.uniprot.org/keywords/KW-0621
https://pharos.nih.gov/idg/targets/Q12852,Q12852,"Reference proteome",http://www.uniprot.org/keywords/KW-1185
https://pharos.nih.gov/idg/targets/Q12852,Q12852,Repeat,http://www.uniprot.org/keywords/KW-0677
https://pharos.nih.gov/idg/targets/Q12852,Q12852,"Alternative splicing",http://www.uniprot.org/keywords/KW-0025
https://pharos.nih.gov/idg/targets/Q12852,Q12852,Cytoplasm,http://www.uniprot.org/keywords/KW-0963
https://pharos.nih.gov/idg/targets/Q12852,Q12852,Phosphoprotein,http://www.uniprot.org/keywords/KW-0597
https://pharos.nih.gov/idg/targets/Q12852,Q12852,Membrane,http://www.uniprot.org/keywords/KW-0472
https://pharos.nih.gov/idg/targets/Q12852,Q12852,3D-structure,http://www.uniprot.org/keywords/KW-0002
https://pharos.nih.gov/idg/targets/Q12852,Q12852,Transferase,http://www.uniprot.org/keywords/KW-0808
https://pharos.nih.gov/idg/targets/Q12852,Q12852,ATP-binding,http://www.uniprot.org/keywords/KW-0067
https://pharos.nih.gov/idg/targets/Q12852,Q12852,Nucleotide-binding,http://www.uniprot.org/keywords/KW-0547
https://pharos.nih.gov/idg/targets/Q12852,Q12852,Magnesium,http://www.uniprot.org/keywords/KW-0460
https://pharos.nih.gov/idg/targets/Q12852,Q12852,Kinase,http://www.uniprot.org/keywords/KW-0418
https://pharos.nih.gov/idg/targets/Q12852,Q12852,"Serine-threonine-protein kinase",http://www.uniprot.org/keywords/KW-0723
https://pharos.nih.gov/idg/targets/Q5TCX8,Q5TCX8,"Complete proteome",http://www.uniprot.org/keywords/KW-0181
https://pharos.nih.gov/idg/targets/Q5TCX8,Q5TCX8,Polymorphism,http://www.uniprot.org/keywords/KW-0621
https://pharos.nih.gov/idg/targets/Q5TCX8,Q5TCX8,"Reference proteome",http://www.uniprot.org/keywords/KW-1185
https://pharos.nih.gov/idg/targets/Q5TCX8,Q5TCX8,Repeat,http://www.uniprot.org/keywords/KW-0677
https://pharos.nih.gov/idg/targets/Q5TCX8,Q5TCX8,"Alternative splicing",http://www.uniprot.org/keywords/KW-0025
https://pharos.nih.gov/idg/targets/Q5TCX8,Q5TCX8,Phosphoprotein,http://www.uniprot.org/keywords/KW-0597
https://pharos.nih.gov/idg/targets/Q5TCX8,Q5TCX8,3D-structure,http://www.uniprot.org/keywords/KW-0002
https://pharos.nih.gov/idg/targets/Q5TCX8,Q5TCX8,Transferase,http://www.uniprot.org/keywords/KW-0808
https://pharos.nih.gov/idg/targets/Q5TCX8,Q5TCX8,ATP-binding,http://www.uniprot.org/keywords/KW-0067
https://pharos.nih.gov/idg/targets/Q5TCX8,Q5TCX8,Nucleotide-binding,http://www.uniprot.org/keywords/KW-0547
https://pharos.nih.gov/idg/targets/Q5TCX8,Q5TCX8,Kinase,http://www.uniprot.org/keywords/KW-0418
https://pharos.nih.gov/idg/targets/Q5TCX8,Q5TCX8,"SH3 domain",http://www.uniprot.org/keywords/KW-0728
https://pharos.nih.gov/idg/targets/Q5TCX8,Q5TCX8,"Serine-threonine-protein kinase",http://www.uniprot.org/keywords/KW-0723
https://pharos.nih.gov/idg/targets/Q13873,Q13873,"Complete proteome",http://www.uniprot.org/keywords/KW-0181
https://pharos.nih.gov/idg/targets/Q13873,Q13873,Metal-binding,http://www.uniprot.org/keywords/KW-0479
https://pharos.nih.gov/idg/targets/Q13873,Q13873,Polymorphism,http://www.uniprot.org/keywords/KW-0621
https://pharos.nih.gov/idg/targets/Q13873,Q13873,"Reference proteome",http://www.uniprot.org/keywords/KW-1185
https://pharos.nih.gov/idg/targets/Q13873,Q13873,"Alternative splicing",http://www.uniprot.org/keywords/KW-0025
https://pharos.nih.gov/idg/targets/Q13873,Q13873,"Disease mutation",http://www.uniprot.org/keywords/KW-0225
https://pharos.nih.gov/idg/targets/Q13873,Q13873,Phosphoprotein,http://www.uniprot.org/keywords/KW-0597
https://pharos.nih.gov/idg/targets/Q13873,Q13873,"Cell membrane",http://www.uniprot.org/keywords/KW-1003
https://pharos.nih.gov/idg/targets/Q13873,Q13873,"Disulfide bond",http://www.uniprot.org/keywords/KW-1015
https://pharos.nih.gov/idg/targets/Q13873,Q13873,Glycoprotein,http://www.uniprot.org/keywords/KW-0325
https://pharos.nih.gov/idg/targets/Q13873,Q13873,Membrane,http://www.uniprot.org/keywords/KW-0472
https://pharos.nih.gov/idg/targets/Q13873,Q13873,Receptor,http://www.uniprot.org/keywords/KW-0675
https://pharos.nih.gov/idg/targets/Q13873,Q13873,Transmembrane,http://www.uniprot.org/keywords/KW-0812
https://pharos.nih.gov/idg/targets/Q13873,Q13873,"Transmembrane helix",http://www.uniprot.org/keywords/KW-1133
https://pharos.nih.gov/idg/targets/Q13873,Q13873,3D-structure,http://www.uniprot.org/keywords/KW-0002
https://pharos.nih.gov/idg/targets/Q13873,Q13873,Transferase,http://www.uniprot.org/keywords/KW-0808
https://pharos.nih.gov/idg/targets/Q13873,Q13873,ATP-binding,http://www.uniprot.org/keywords/KW-0067
https://pharos.nih.gov/idg/targets/Q13873,Q13873,Nucleotide-binding,http://www.uniprot.org/keywords/KW-0547
https://pharos.nih.gov/idg/targets/Q13873,Q13873,Signal,http://www.uniprot.org/keywords/KW-0732
https://pharos.nih.gov/idg/targets/Q13873,Q13873,Magnesium,http://www.uniprot.org/keywords/KW-0460
https://pharos.nih.gov/idg/targets/Q13873,Q13873,Kinase,http://www.uniprot.org/keywords/KW-0418
https://pharos.nih.gov/idg/targets/Q13873,Q13873,Manganese,http://www.uniprot.org/keywords/KW-0464
https://pharos.nih.gov/idg/targets/Q13873,Q13873,"Serine-threonine-protein kinase",http://www.uniprot.org/keywords/KW-0723
https://pharos.nih.gov/idg/targets/Q6VAB6,Q6VAB6,"Complete proteome",http://www.uniprot.org/keywords/KW-0181
https://pharos.nih.gov/idg/targets/Q6VAB6,Q6VAB6,Metal-binding,http://www.uniprot.org/keywords/KW-0479
https://pharos.nih.gov/idg/targets/Q6VAB6,Q6VAB6,Polymorphism,http://www.uniprot.org/keywords/KW-0621
https://pharos.nih.gov/idg/targets/Q6VAB6,Q6VAB6,"Reference proteome",http://www.uniprot.org/keywords/KW-1185
https://pharos.nih.gov/idg/targets/Q6VAB6,Q6VAB6,Zinc,http://www.uniprot.org/keywords/KW-0862
https://pharos.nih.gov/idg/targets/Q6VAB6,Q6VAB6,Zinc-finger,http://www.uniprot.org/keywords/KW-0863
https://pharos.nih.gov/idg/targets/Q6VAB6,Q6VAB6,"Alternative splicing",http://www.uniprot.org/keywords/KW-0025
https://pharos.nih.gov/idg/targets/Q6VAB6,Q6VAB6,Cytoplasm,http://www.uniprot.org/keywords/KW-0963
https://pharos.nih.gov/idg/targets/Q6VAB6,Q6VAB6,Phosphoprotein,http://www.uniprot.org/keywords/KW-0597
https://pharos.nih.gov/idg/targets/Q6VAB6,Q6VAB6,Membrane,http://www.uniprot.org/keywords/KW-0472
https://pharos.nih.gov/idg/targets/Q6VAB6,Q6VAB6,3D-structure,http://www.uniprot.org/keywords/KW-0002
https://pharos.nih.gov/idg/targets/Q6VAB6,Q6VAB6,Transferase,http://www.uniprot.org/keywords/KW-0808
https://pharos.nih.gov/idg/targets/Q6VAB6,Q6VAB6,ATP-binding,http://www.uniprot.org/keywords/KW-0067
https://pharos.nih.gov/idg/targets/Q6VAB6,Q6VAB6,Nucleotide-binding,http://www.uniprot.org/keywords/KW-0547
https://pharos.nih.gov/idg/targets/Q6VAB6,Q6VAB6,Kinase,http://www.uniprot.org/keywords/KW-0418
https://pharos.nih.gov/idg/targets/Q6VAB6,Q6VAB6,"Serine-threonine-protein kinase",http://www.uniprot.org/keywords/KW-0723
https://pharos.nih.gov/idg/targets/Q9NYL2,Q9NYL2,"Complete proteome",http://www.uniprot.org/keywords/KW-0181
https://pharos.nih.gov/idg/targets/Q9NYL2,Q9NYL2,Metal-binding,http://www.uniprot.org/keywords/KW-0479
https://pharos.nih.gov/idg/targets/Q9NYL2,Q9NYL2,Nucleus,http://www.uniprot.org/keywords/KW-0539
https://pharos.nih.gov/idg/targets/Q9NYL2,Q9NYL2,Polymorphism,http://www.uniprot.org/keywords/KW-0621
https://pharos.nih.gov/idg/targets/Q9NYL2,Q9NYL2,"Reference proteome",http://www.uniprot.org/keywords/KW-1185
https://pharos.nih.gov/idg/targets/Q9NYL2,Q9NYL2,"Alternative splicing",http://www.uniprot.org/keywords/KW-0025
https://pharos.nih.gov/idg/targets/Q9NYL2,Q9NYL2,Cytoplasm,http://www.uniprot.org/keywords/KW-0963
https://pharos.nih.gov/idg/targets/Q9NYL2,Q9NYL2,Phosphoprotein,http://www.uniprot.org/keywords/KW-0597
https://pharos.nih.gov/idg/targets/Q9NYL2,Q9NYL2,Acetylation,http://www.uniprot.org/keywords/KW-0007
https://pharos.nih.gov/idg/targets/Q9NYL2,Q9NYL2,3D-structure,http://www.uniprot.org/keywords/KW-0002
https://pharos.nih.gov/idg/targets/Q9NYL2,Q9NYL2,"Cell cycle",http://www.uniprot.org/keywords/KW-0131
https://pharos.nih.gov/idg/targets/Q9NYL2,Q9NYL2,Transferase,http://www.uniprot.org/keywords/KW-0808
https://pharos.nih.gov/idg/targets/Q9NYL2,Q9NYL2,ATP-binding,http://www.uniprot.org/keywords/KW-0067
https://pharos.nih.gov/idg/targets/Q9NYL2,Q9NYL2,Nucleotide-binding,http://www.uniprot.org/keywords/KW-0547
https://pharos.nih.gov/idg/targets/Q9NYL2,Q9NYL2,Magnesium,http://www.uniprot.org/keywords/KW-0460
https://pharos.nih.gov/idg/targets/Q9NYL2,Q9NYL2,Kinase,http://www.uniprot.org/keywords/KW-0418
https://pharos.nih.gov/idg/targets/Q9NYL2,Q9NYL2,"Serine-threonine-protein kinase",http://www.uniprot.org/keywords/KW-0723
https://pharos.nih.gov/idg/targets/O00238,O00238,"Complete proteome",http://www.uniprot.org/keywords/KW-0181
https://pharos.nih.gov/idg/targets/O00238,O00238,Metal-binding,http://www.uniprot.org/keywords/KW-0479
https://pharos.nih.gov/idg/targets/O00238,O00238,Polymorphism,http://www.uniprot.org/keywords/KW-0621
https://pharos.nih.gov/idg/targets/O00238,O00238,"Reference proteome",http://www.uniprot.org/keywords/KW-1185
https://pharos.nih.gov/idg/targets/O00238,O00238,"Alternative splicing",http://www.uniprot.org/keywords/KW-0025
https://pharos.nih.gov/idg/targets/O00238,O00238,"Disease mutation",http://www.uniprot.org/keywords/KW-0225
https://pharos.nih.gov/idg/targets/O00238,O00238,"Cell membrane",http://www.uniprot.org/keywords/KW-1003
https://pharos.nih.gov/idg/targets/O00238,O00238,"Disulfide bond",http://www.uniprot.org/keywords/KW-1015
https://pharos.nih.gov/idg/targets/O00238,O00238,Membrane,http://www.uniprot.org/keywords/KW-0472
https://pharos.nih.gov/idg/targets/O00238,O00238,Receptor,http://www.uniprot.org/keywords/KW-0675
https://pharos.nih.gov/idg/targets/O00238,O00238,Transmembrane,http://www.uniprot.org/keywords/KW-0812
https://pharos.nih.gov/idg/targets/O00238,O00238,"Transmembrane helix",http://www.uniprot.org/keywords/KW-1133
https://pharos.nih.gov/idg/targets/O00238,O00238,3D-structure,http://www.uniprot.org/keywords/KW-0002
https://pharos.nih.gov/idg/targets/O00238,O00238,Transferase,http://www.uniprot.org/keywords/KW-0808
https://pharos.nih.gov/idg/targets/O00238,O00238,ATP-binding,http://www.uniprot.org/keywords/KW-0067
https://pharos.nih.gov/idg/targets/O00238,O00238,Nucleotide-binding,http://www.uniprot.org/keywords/KW-0547
https://pharos.nih.gov/idg/targets/O00238,O00238,Signal,http://www.uniprot.org/keywords/KW-0732
https://pharos.nih.gov/idg/targets/O00238,O00238,Magnesium,http://www.uniprot.org/keywords/KW-0460
https://pharos.nih.gov/idg/targets/O00238,O00238,Kinase,http://www.uniprot.org/keywords/KW-0418
https://pharos.nih.gov/idg/targets/O00238,O00238,Manganese,http://www.uniprot.org/keywords/KW-0464
https://pharos.nih.gov/idg/targets/O00238,O00238,"Serine-threonine-protein kinase",http://www.uniprot.org/keywords/KW-0723
https://pharos.nih.gov/idg/targets/O00238,O00238,Dwarfism,http://www.uniprot.org/keywords/KW-0242
https://pharos.nih.gov/idg/targets/O00238,O00238,Chondrogenesis,http://www.uniprot.org/keywords/KW-0891
https://pharos.nih.gov/idg/targets/Q8NB16,Q8NB16,"Complete proteome",http://www.uniprot.org/keywords/KW-0181
https://pharos.nih.gov/idg/targets/Q8NB16,Q8NB16,Polymorphism,http://www.uniprot.org/keywords/KW-0621
https://pharos.nih.gov/idg/targets/Q8NB16,Q8NB16,"Reference proteome",http://www.uniprot.org/keywords/KW-1185
https://pharos.nih.gov/idg/targets/Q8NB16,Q8NB16,"Alternative splicing",http://www.uniprot.org/keywords/KW-0025
https://pharos.nih.gov/idg/targets/Q8NB16,Q8NB16,Cytoplasm,http://www.uniprot.org/keywords/KW-0963
https://pharos.nih.gov/idg/targets/Q8NB16,Q8NB16,Phosphoprotein,http://www.uniprot.org/keywords/KW-0597
https://pharos.nih.gov/idg/targets/Q8NB16,Q8NB16,"Cell membrane",http://www.uniprot.org/keywords/KW-1003
https://pharos.nih.gov/idg/targets/Q8NB16,Q8NB16,Membrane,http://www.uniprot.org/keywords/KW-0472
https://pharos.nih.gov/idg/targets/Q8NB16,Q8NB16,3D-structure,http://www.uniprot.org/keywords/KW-0002
https://pharos.nih.gov/idg/targets/Q8NB16,Q8NB16,ATP-binding,http://www.uniprot.org/keywords/KW-0067
https://pharos.nih.gov/idg/targets/Q8NB16,Q8NB16,"Coiled coil",http://www.uniprot.org/keywords/KW-0175
https://pharos.nih.gov/idg/targets/Q8NB16,Q8NB16,Nucleotide-binding,http://www.uniprot.org/keywords/KW-0547
https://pharos.nih.gov/idg/targets/Q8NB16,Q8NB16,Necrosis,http://www.uniprot.org/keywords/KW-1210
https://pharos.nih.gov/idg/targets/Q8NFD2,Q8NFD2,"Complete proteome",http://www.uniprot.org/keywords/KW-0181
https://pharos.nih.gov/idg/targets/Q8NFD2,Q8NFD2,Polymorphism,http://www.uniprot.org/keywords/KW-0621
https://pharos.nih.gov/idg/targets/Q8NFD2,Q8NFD2,"Reference proteome",http://www.uniprot.org/keywords/KW-1185
https://pharos.nih.gov/idg/targets/Q8NFD2,Q8NFD2,Repeat,http://www.uniprot.org/keywords/KW-0677
https://pharos.nih.gov/idg/targets/Q8NFD2,Q8NFD2,Transferase,http://www.uniprot.org/keywords/KW-0808
https://pharos.nih.gov/idg/targets/Q8NFD2,Q8NFD2,ATP-binding,http://www.uniprot.org/keywords/KW-0067
https://pharos.nih.gov/idg/targets/Q8NFD2,Q8NFD2,Nucleotide-binding,http://www.uniprot.org/keywords/KW-0547
https://pharos.nih.gov/idg/targets/Q8NFD2,Q8NFD2,"ANK repeat",http://www.uniprot.org/keywords/KW-0040
https://pharos.nih.gov/idg/targets/Q8NFD2,Q8NFD2,Kinase,http://www.uniprot.org/keywords/KW-0418
https://pharos.nih.gov/idg/targets/Q8NFD2,Q8NFD2,"Serine-threonine-protein kinase",http://www.uniprot.org/keywords/KW-0723
https://pharos.nih.gov/idg/targets/P57078,P57078,"Complete proteome",http://www.uniprot.org/keywords/KW-0181
https://pharos.nih.gov/idg/targets/P57078,P57078,Polymorphism,http://www.uniprot.org/keywords/KW-0621
https://pharos.nih.gov/idg/targets/P57078,P57078,"Reference proteome",http://www.uniprot.org/keywords/KW-1185
https://pharos.nih.gov/idg/targets/P57078,P57078,Repeat,http://www.uniprot.org/keywords/KW-0677
https://pharos.nih.gov/idg/targets/P57078,P57078,"Alternative splicing",http://www.uniprot.org/keywords/KW-0025
https://pharos.nih.gov/idg/targets/P57078,P57078,Cytoplasm,http://www.uniprot.org/keywords/KW-0963
https://pharos.nih.gov/idg/targets/P57078,P57078,"Disease mutation",http://www.uniprot.org/keywords/KW-0225
https://pharos.nih.gov/idg/targets/P57078,P57078,"Isopeptide bond",http://www.uniprot.org/keywords/KW-1017
https://pharos.nih.gov/idg/targets/P57078,P57078,Phosphoprotein,http://www.uniprot.org/keywords/KW-0597
https://pharos.nih.gov/idg/targets/P57078,P57078,"Ubl conjugation",http://www.uniprot.org/keywords/KW-0832
https://pharos.nih.gov/idg/targets/P57078,P57078,Membrane,http://www.uniprot.org/keywords/KW-0472
https://pharos.nih.gov/idg/targets/P57078,P57078,Receptor,http://www.uniprot.org/keywords/KW-0675
https://pharos.nih.gov/idg/targets/P57078,P57078,Transferase,http://www.uniprot.org/keywords/KW-0808
https://pharos.nih.gov/idg/targets/P57078,P57078,ATP-binding,http://www.uniprot.org/keywords/KW-0067
https://pharos.nih.gov/idg/targets/P57078,P57078,Nucleotide-binding,http://www.uniprot.org/keywords/KW-0547
https://pharos.nih.gov/idg/targets/P57078,P57078,"ANK repeat",http://www.uniprot.org/keywords/KW-0040
https://pharos.nih.gov/idg/targets/P57078,P57078,Kinase,http://www.uniprot.org/keywords/KW-0418
https://pharos.nih.gov/idg/targets/P57078,P57078,"Serine-threonine-protein kinase",http://www.uniprot.org/keywords/KW-0723
https://pharos.nih.gov/idg/targets/P36896,P36896,"Complete proteome",http://www.uniprot.org/keywords/KW-0181
https://pharos.nih.gov/idg/targets/P36896,P36896,Metal-binding,http://www.uniprot.org/keywords/KW-0479
https://pharos.nih.gov/idg/targets/P36896,P36896,Polymorphism,http://www.uniprot.org/keywords/KW-0621
https://pharos.nih.gov/idg/targets/P36896,P36896,"Reference proteome",http://www.uniprot.org/keywords/KW-1185
https://pharos.nih.gov/idg/targets/P36896,P36896,"Alternative splicing",http://www.uniprot.org/keywords/KW-0025
https://pharos.nih.gov/idg/targets/P36896,P36896,Phosphoprotein,http://www.uniprot.org/keywords/KW-0597
https://pharos.nih.gov/idg/targets/P36896,P36896,"Ubl conjugation",http://www.uniprot.org/keywords/KW-0832
https://pharos.nih.gov/idg/targets/P36896,P36896,"Cell membrane",http://www.uniprot.org/keywords/KW-1003
https://pharos.nih.gov/idg/targets/P36896,P36896,Glycoprotein,http://www.uniprot.org/keywords/KW-0325
https://pharos.nih.gov/idg/targets/P36896,P36896,Membrane,http://www.uniprot.org/keywords/KW-0472
https://pharos.nih.gov/idg/targets/P36896,P36896,Receptor,http://www.uniprot.org/keywords/KW-0675
https://pharos.nih.gov/idg/targets/P36896,P36896,Transmembrane,http://www.uniprot.org/keywords/KW-0812
https://pharos.nih.gov/idg/targets/P36896,P36896,"Transmembrane helix",http://www.uniprot.org/keywords/KW-1133
https://pharos.nih.gov/idg/targets/P36896,P36896,Transferase,http://www.uniprot.org/keywords/KW-0808
https://pharos.nih.gov/idg/targets/P36896,P36896,ATP-binding,http://www.uniprot.org/keywords/KW-0067
https://pharos.nih.gov/idg/targets/P36896,P36896,Nucleotide-binding,http://www.uniprot.org/keywords/KW-0547
https://pharos.nih.gov/idg/targets/P36896,P36896,Signal,http://www.uniprot.org/keywords/KW-0732
https://pharos.nih.gov/idg/targets/P36896,P36896,Magnesium,http://www.uniprot.org/keywords/KW-0460
https://pharos.nih.gov/idg/targets/P36896,P36896,Kinase,http://www.uniprot.org/keywords/KW-0418
https://pharos.nih.gov/idg/targets/P36896,P36896,Manganese,http://www.uniprot.org/keywords/KW-0464
https://pharos.nih.gov/idg/targets/P36896,P36896,"Serine-threonine-protein kinase",http://www.uniprot.org/keywords/KW-0723
https://pharos.nih.gov/idg/targets/P36894,P36894,"Complete proteome",http://www.uniprot.org/keywords/KW-0181
https://pharos.nih.gov/idg/targets/P36894,P36894,Metal-binding,http://www.uniprot.org/keywords/KW-0479
https://pharos.nih.gov/idg/targets/P36894,P36894,Polymorphism,http://www.uniprot.org/keywords/KW-0621
https://pharos.nih.gov/idg/targets/P36894,P36894,"Reference proteome",http://www.uniprot.org/keywords/KW-1185
https://pharos.nih.gov/idg/targets/P36894,P36894,"Disease mutation",http://www.uniprot.org/keywords/KW-0225
https://pharos.nih.gov/idg/targets/P36894,P36894,"Disulfide bond",http://www.uniprot.org/keywords/KW-1015
https://pharos.nih.gov/idg/targets/P36894,P36894,Glycoprotein,http://www.uniprot.org/keywords/KW-0325
https://pharos.nih.gov/idg/targets/P36894,P36894,Membrane,http://www.uniprot.org/keywords/KW-0472
https://pharos.nih.gov/idg/targets/P36894,P36894,Receptor,http://www.uniprot.org/keywords/KW-0675
https://pharos.nih.gov/idg/targets/P36894,P36894,Transmembrane,http://www.uniprot.org/keywords/KW-0812
https://pharos.nih.gov/idg/targets/P36894,P36894,"Transmembrane helix",http://www.uniprot.org/keywords/KW-1133
https://pharos.nih.gov/idg/targets/P36894,P36894,3D-structure,http://www.uniprot.org/keywords/KW-0002
https://pharos.nih.gov/idg/targets/P36894,P36894,Transferase,http://www.uniprot.org/keywords/KW-0808
https://pharos.nih.gov/idg/targets/P36894,P36894,ATP-binding,http://www.uniprot.org/keywords/KW-0067
https://pharos.nih.gov/idg/targets/P36894,P36894,Nucleotide-binding,http://www.uniprot.org/keywords/KW-0547
https://pharos.nih.gov/idg/targets/P36894,P36894,Signal,http://www.uniprot.org/keywords/KW-0732
https://pharos.nih.gov/idg/targets/P36894,P36894,Magnesium,http://www.uniprot.org/keywords/KW-0460
https://pharos.nih.gov/idg/targets/P36894,P36894,Kinase,http://www.uniprot.org/keywords/KW-0418
https://pharos.nih.gov/idg/targets/P36894,P36894,Manganese,http://www.uniprot.org/keywords/KW-0464
https://pharos.nih.gov/idg/targets/P36894,P36894,"Serine-threonine-protein kinase",http://www.uniprot.org/keywords/KW-0723
https://pharos.nih.gov/idg/targets/Q16671,Q16671,"Complete proteome",http://www.uniprot.org/keywords/KW-0181
https://pharos.nih.gov/idg/targets/Q16671,Q16671,Metal-binding,http://www.uniprot.org/keywords/KW-0479
https://pharos.nih.gov/idg/targets/Q16671,Q16671,Polymorphism,http://www.uniprot.org/keywords/KW-0621
https://pharos.nih.gov/idg/targets/Q16671,Q16671,"Reference proteome",http://www.uniprot.org/keywords/KW-1185
https://pharos.nih.gov/idg/targets/Q16671,Q16671,"Alternative splicing",http://www.uniprot.org/keywords/KW-0025
https://pharos.nih.gov/idg/targets/Q16671,Q16671,"Disease mutation",http://www.uniprot.org/keywords/KW-0225
https://pharos.nih.gov/idg/targets/Q16671,Q16671,"Disulfide bond",http://www.uniprot.org/keywords/KW-1015
https://pharos.nih.gov/idg/targets/Q16671,Q16671,Glycoprotein,http://www.uniprot.org/keywords/KW-0325
https://pharos.nih.gov/idg/targets/Q16671,Q16671,Membrane,http://www.uniprot.org/keywords/KW-0472
https://pharos.nih.gov/idg/targets/Q16671,Q16671,Receptor,http://www.uniprot.org/keywords/KW-0675
https://pharos.nih.gov/idg/targets/Q16671,Q16671,Transmembrane,http://www.uniprot.org/keywords/KW-0812
https://pharos.nih.gov/idg/targets/Q16671,Q16671,"Transmembrane helix",http://www.uniprot.org/keywords/KW-1133
https://pharos.nih.gov/idg/targets/Q16671,Q16671,Transferase,http://www.uniprot.org/keywords/KW-0808
https://pharos.nih.gov/idg/targets/Q16671,Q16671,ATP-binding,http://www.uniprot.org/keywords/KW-0067
https://pharos.nih.gov/idg/targets/Q16671,Q16671,Nucleotide-binding,http://www.uniprot.org/keywords/KW-0547
https://pharos.nih.gov/idg/targets/Q16671,Q16671,Signal,http://www.uniprot.org/keywords/KW-0732
https://pharos.nih.gov/idg/targets/Q16671,Q16671,Magnesium,http://www.uniprot.org/keywords/KW-0460
https://pharos.nih.gov/idg/targets/Q16671,Q16671,Kinase,http://www.uniprot.org/keywords/KW-0418
https://pharos.nih.gov/idg/targets/Q16671,Q16671,Manganese,http://www.uniprot.org/keywords/KW-0464
https://pharos.nih.gov/idg/targets/Q16671,Q16671,"Serine-threonine-protein kinase",http://www.uniprot.org/keywords/KW-0723
https://pharos.nih.gov/idg/targets/Q16671,Q16671,Pseudohermaphroditism,http://www.uniprot.org/keywords/KW-0657
https://pharos.nih.gov/idg/targets/P80192,P80192,"Complete proteome",http://www.uniprot.org/keywords/KW-0181
https://pharos.nih.gov/idg/targets/P80192,P80192,Polymorphism,http://www.uniprot.org/keywords/KW-0621
https://pharos.nih.gov/idg/targets/P80192,P80192,"Reference proteome",http://www.uniprot.org/keywords/KW-1185
https://pharos.nih.gov/idg/targets/P80192,P80192,Repeat,http://www.uniprot.org/keywords/KW-0677
https://pharos.nih.gov/idg/targets/P80192,P80192,Transcription,http://www.uniprot.org/keywords/KW-0804
https://pharos.nih.gov/idg/targets/P80192,P80192,"Transcription regulation",http://www.uniprot.org/keywords/KW-0805
https://pharos.nih.gov/idg/targets/P80192,P80192,"Alternative splicing",http://www.uniprot.org/keywords/KW-0025
https://pharos.nih.gov/idg/targets/P80192,P80192,Phosphoprotein,http://www.uniprot.org/keywords/KW-0597
https://pharos.nih.gov/idg/targets/P80192,P80192,3D-structure,http://www.uniprot.org/keywords/KW-0002
https://pharos.nih.gov/idg/targets/P80192,P80192,"Stress response",http://www.uniprot.org/keywords/KW-0346
https://pharos.nih.gov/idg/targets/P80192,P80192,Transferase,http://www.uniprot.org/keywords/KW-0808
https://pharos.nih.gov/idg/targets/P80192,P80192,ATP-binding,http://www.uniprot.org/keywords/KW-0067
https://pharos.nih.gov/idg/targets/P80192,P80192,Nucleotide-binding,http://www.uniprot.org/keywords/KW-0547
https://pharos.nih.gov/idg/targets/P80192,P80192,Apoptosis,http://www.uniprot.org/keywords/KW-0053
https://pharos.nih.gov/idg/targets/P80192,P80192,Kinase,http://www.uniprot.org/keywords/KW-0418
https://pharos.nih.gov/idg/targets/P80192,P80192,"SH3 domain",http://www.uniprot.org/keywords/KW-0728
https://pharos.nih.gov/idg/targets/P80192,P80192,"Serine-threonine-protein kinase",http://www.uniprot.org/keywords/KW-0723
https://pharos.nih.gov/idg/targets/Q16584,Q16584,"Complete proteome",http://www.uniprot.org/keywords/KW-0181
https://pharos.nih.gov/idg/targets/Q16584,Q16584,Polymorphism,http://www.uniprot.org/keywords/KW-0621
https://pharos.nih.gov/idg/targets/Q16584,Q16584,"Reference proteome",http://www.uniprot.org/keywords/KW-1185
https://pharos.nih.gov/idg/targets/Q16584,Q16584,Repeat,http://www.uniprot.org/keywords/KW-0677
https://pharos.nih.gov/idg/targets/Q16584,Q16584,"Alternative splicing",http://www.uniprot.org/keywords/KW-0025
https://pharos.nih.gov/idg/targets/Q16584,Q16584,Cytoplasm,http://www.uniprot.org/keywords/KW-0963
https://pharos.nih.gov/idg/targets/Q16584,Q16584,Cytoskeleton,http://www.uniprot.org/keywords/KW-0206
https://pharos.nih.gov/idg/targets/Q16584,Q16584,Phosphoprotein,http://www.uniprot.org/keywords/KW-0597
https://pharos.nih.gov/idg/targets/Q16584,Q16584,Transferase,http://www.uniprot.org/keywords/KW-0808
https://pharos.nih.gov/idg/targets/Q16584,Q16584,ATP-binding,http://www.uniprot.org/keywords/KW-0067
https://pharos.nih.gov/idg/targets/Q16584,Q16584,Nucleotide-binding,http://www.uniprot.org/keywords/KW-0547
https://pharos.nih.gov/idg/targets/Q16584,Q16584,Kinase,http://www.uniprot.org/keywords/KW-0418
https://pharos.nih.gov/idg/targets/Q16584,Q16584,"SH3 domain",http://www.uniprot.org/keywords/KW-0728
https://pharos.nih.gov/idg/targets/Q16584,Q16584,"Serine-threonine-protein kinase",http://www.uniprot.org/keywords/KW-0723
https://pharos.nih.gov/idg/targets/O43318,O43318,"Complete proteome",http://www.uniprot.org/keywords/KW-0181
https://pharos.nih.gov/idg/targets/O43318,O43318,Metal-binding,http://www.uniprot.org/keywords/KW-0479
https://pharos.nih.gov/idg/targets/O43318,O43318,Polymorphism,http://www.uniprot.org/keywords/KW-0621
https://pharos.nih.gov/idg/targets/O43318,O43318,"Reference proteome",http://www.uniprot.org/keywords/KW-1185
https://pharos.nih.gov/idg/targets/O43318,O43318,Transcription,http://www.uniprot.org/keywords/KW-0804
https://pharos.nih.gov/idg/targets/O43318,O43318,"Transcription regulation",http://www.uniprot.org/keywords/KW-0805
https://pharos.nih.gov/idg/targets/O43318,O43318,"Alternative splicing",http://www.uniprot.org/keywords/KW-0025
https://pharos.nih.gov/idg/targets/O43318,O43318,Cytoplasm,http://www.uniprot.org/keywords/KW-0963
https://pharos.nih.gov/idg/targets/O43318,O43318,"Disease mutation",http://www.uniprot.org/keywords/KW-0225
https://pharos.nih.gov/idg/targets/O43318,O43318,"Isopeptide bond",http://www.uniprot.org/keywords/KW-1017
https://pharos.nih.gov/idg/targets/O43318,O43318,Phosphoprotein,http://www.uniprot.org/keywords/KW-0597
https://pharos.nih.gov/idg/targets/O43318,O43318,"Ubl conjugation",http://www.uniprot.org/keywords/KW-0832
https://pharos.nih.gov/idg/targets/O43318,O43318,"Cell membrane",http://www.uniprot.org/keywords/KW-1003
https://pharos.nih.gov/idg/targets/O43318,O43318,Membrane,http://www.uniprot.org/keywords/KW-0472
https://pharos.nih.gov/idg/targets/O43318,O43318,3D-structure,http://www.uniprot.org/keywords/KW-0002
https://pharos.nih.gov/idg/targets/O43318,O43318,"Stress response",http://www.uniprot.org/keywords/KW-0346
https://pharos.nih.gov/idg/targets/O43318,O43318,Transferase,http://www.uniprot.org/keywords/KW-0808
https://pharos.nih.gov/idg/targets/O43318,O43318,ATP-binding,http://www.uniprot.org/keywords/KW-0067
https://pharos.nih.gov/idg/targets/O43318,O43318,Nucleotide-binding,http://www.uniprot.org/keywords/KW-0547
https://pharos.nih.gov/idg/targets/O43318,O43318,Magnesium,http://www.uniprot.org/keywords/KW-0460
https://pharos.nih.gov/idg/targets/O43318,O43318,Apoptosis,http://www.uniprot.org/keywords/KW-0053
https://pharos.nih.gov/idg/targets/O43318,O43318,Kinase,http://www.uniprot.org/keywords/KW-0418
https://pharos.nih.gov/idg/targets/O43318,O43318,"Serine-threonine-protein kinase",http://www.uniprot.org/keywords/KW-0723
https://pharos.nih.gov/idg/targets/O43318,O43318,"Host-virus interaction",http://www.uniprot.org/keywords/KW-0945
https://pharos.nih.gov/idg/targets/O43283,O43283,"Complete proteome",http://www.uniprot.org/keywords/KW-0181
https://pharos.nih.gov/idg/targets/O43283,O43283,Metal-binding,http://www.uniprot.org/keywords/KW-0479
https://pharos.nih.gov/idg/targets/O43283,O43283,Polymorphism,http://www.uniprot.org/keywords/KW-0621
https://pharos.nih.gov/idg/targets/O43283,O43283,"Reference proteome",http://www.uniprot.org/keywords/KW-1185
https://pharos.nih.gov/idg/targets/O43283,O43283,Repeat,http://www.uniprot.org/keywords/KW-0677
https://pharos.nih.gov/idg/targets/O43283,O43283,"Alternative splicing",http://www.uniprot.org/keywords/KW-0025
https://pharos.nih.gov/idg/targets/O43283,O43283,Cytoplasm,http://www.uniprot.org/keywords/KW-0963
https://pharos.nih.gov/idg/targets/O43283,O43283,Phosphoprotein,http://www.uniprot.org/keywords/KW-0597
https://pharos.nih.gov/idg/targets/O43283,O43283,Membrane,http://www.uniprot.org/keywords/KW-0472
https://pharos.nih.gov/idg/targets/O43283,O43283,Transferase,http://www.uniprot.org/keywords/KW-0808
https://pharos.nih.gov/idg/targets/O43283,O43283,ATP-binding,http://www.uniprot.org/keywords/KW-0067
https://pharos.nih.gov/idg/targets/O43283,O43283,Nucleotide-binding,http://www.uniprot.org/keywords/KW-0547
https://pharos.nih.gov/idg/targets/O43283,O43283,Magnesium,http://www.uniprot.org/keywords/KW-0460
https://pharos.nih.gov/idg/targets/O43283,O43283,Kinase,http://www.uniprot.org/keywords/KW-0418
https://pharos.nih.gov/idg/targets/O43283,O43283,"Serine-threonine-protein kinase",http://www.uniprot.org/keywords/KW-0723
https://pharos.nih.gov/idg/targets/O43353,O43353,"Complete proteome",http://www.uniprot.org/keywords/KW-0181
https://pharos.nih.gov/idg/targets/O43353,O43353,Polymorphism,http://www.uniprot.org/keywords/KW-0621
https://pharos.nih.gov/idg/targets/O43353,O43353,"Reference proteome",http://www.uniprot.org/keywords/KW-1185
https://pharos.nih.gov/idg/targets/O43353,O43353,"Alternative splicing",http://www.uniprot.org/keywords/KW-0025
https://pharos.nih.gov/idg/targets/O43353,O43353,Cytoplasm,http://www.uniprot.org/keywords/KW-0963
https://pharos.nih.gov/idg/targets/O43353,O43353,"Isopeptide bond",http://www.uniprot.org/keywords/KW-1017
https://pharos.nih.gov/idg/targets/O43353,O43353,Phosphoprotein,http://www.uniprot.org/keywords/KW-0597
https://pharos.nih.gov/idg/targets/O43353,O43353,"Ubl conjugation",http://www.uniprot.org/keywords/KW-0832
https://pharos.nih.gov/idg/targets/O43353,O43353,3D-structure,http://www.uniprot.org/keywords/KW-0002
https://pharos.nih.gov/idg/targets/O43353,O43353,Transferase,http://www.uniprot.org/keywords/KW-0808
https://pharos.nih.gov/idg/targets/O43353,O43353,ATP-binding,http://www.uniprot.org/keywords/KW-0067
https://pharos.nih.gov/idg/targets/O43353,O43353,Nucleotide-binding,http://www.uniprot.org/keywords/KW-0547
https://pharos.nih.gov/idg/targets/O43353,O43353,Immunity,http://www.uniprot.org/keywords/KW-0391
https://pharos.nih.gov/idg/targets/O43353,O43353,Apoptosis,http://www.uniprot.org/keywords/KW-0053
https://pharos.nih.gov/idg/targets/O43353,O43353,Kinase,http://www.uniprot.org/keywords/KW-0418
https://pharos.nih.gov/idg/targets/O43353,O43353,"Serine-threonine-protein kinase",http://www.uniprot.org/keywords/KW-0723
https://pharos.nih.gov/idg/targets/O43353,O43353,"Innate immunity",http://www.uniprot.org/keywords/KW-0399
https://pharos.nih.gov/idg/targets/O43353,O43353,"Adaptive immunity",http://www.uniprot.org/keywords/KW-1064
https://pharos.nih.gov/idg/targets/Q9Y572,Q9Y572,"Complete proteome",http://www.uniprot.org/keywords/KW-0181
https://pharos.nih.gov/idg/targets/Q9Y572,Q9Y572,Polymorphism,http://www.uniprot.org/keywords/KW-0621
https://pharos.nih.gov/idg/targets/Q9Y572,Q9Y572,"Reference proteome",http://www.uniprot.org/keywords/KW-1185
https://pharos.nih.gov/idg/targets/Q9Y572,Q9Y572,"Alternative splicing",http://www.uniprot.org/keywords/KW-0025
https://pharos.nih.gov/idg/targets/Q9Y572,Q9Y572,Cytoplasm,http://www.uniprot.org/keywords/KW-0963
https://pharos.nih.gov/idg/targets/Q9Y572,Q9Y572,Phosphoprotein,http://www.uniprot.org/keywords/KW-0597
https://pharos.nih.gov/idg/targets/Q9Y572,Q9Y572,"Ubl conjugation",http://www.uniprot.org/keywords/KW-0832
https://pharos.nih.gov/idg/targets/Q9Y572,Q9Y572,"Cell membrane",http://www.uniprot.org/keywords/KW-1003
https://pharos.nih.gov/idg/targets/Q9Y572,Q9Y572,Membrane,http://www.uniprot.org/keywords/KW-0472
https://pharos.nih.gov/idg/targets/Q9Y572,Q9Y572,Transferase,http://www.uniprot.org/keywords/KW-0808
https://pharos.nih.gov/idg/targets/Q9Y572,Q9Y572,ATP-binding,http://www.uniprot.org/keywords/KW-0067
https://pharos.nih.gov/idg/targets/Q9Y572,Q9Y572,Nucleotide-binding,http://www.uniprot.org/keywords/KW-0547
https://pharos.nih.gov/idg/targets/Q9Y572,Q9Y572,Mitochondrion,http://www.uniprot.org/keywords/KW-0496
https://pharos.nih.gov/idg/targets/Q9Y572,Q9Y572,Kinase,http://www.uniprot.org/keywords/KW-0418
https://pharos.nih.gov/idg/targets/Q9Y572,Q9Y572,"Serine-threonine-protein kinase",http://www.uniprot.org/keywords/KW-0723
https://pharos.nih.gov/idg/targets/Q9Y572,Q9Y572,Necrosis,http://www.uniprot.org/keywords/KW-1210
https://pharos.nih.gov/idg/targets/P53671,P53671,"Complete proteome",http://www.uniprot.org/keywords/KW-0181
https://pharos.nih.gov/idg/targets/P53671,P53671,Metal-binding,http://www.uniprot.org/keywords/KW-0479
https://pharos.nih.gov/idg/targets/P53671,P53671,Nucleus,http://www.uniprot.org/keywords/KW-0539
https://pharos.nih.gov/idg/targets/P53671,P53671,Polymorphism,http://www.uniprot.org/keywords/KW-0621
https://pharos.nih.gov/idg/targets/P53671,P53671,"Reference proteome",http://www.uniprot.org/keywords/KW-1185
https://pharos.nih.gov/idg/targets/P53671,P53671,Repeat,http://www.uniprot.org/keywords/KW-0677
https://pharos.nih.gov/idg/targets/P53671,P53671,Zinc,http://www.uniprot.org/keywords/KW-0862
https://pharos.nih.gov/idg/targets/P53671,P53671,"Alternative splicing",http://www.uniprot.org/keywords/KW-0025
https://pharos.nih.gov/idg/targets/P53671,P53671,Cytoplasm,http://www.uniprot.org/keywords/KW-0963
https://pharos.nih.gov/idg/targets/P53671,P53671,Phosphoprotein,http://www.uniprot.org/keywords/KW-0597
https://pharos.nih.gov/idg/targets/P53671,P53671,3D-structure,http://www.uniprot.org/keywords/KW-0002
https://pharos.nih.gov/idg/targets/P53671,P53671,Transferase,http://www.uniprot.org/keywords/KW-0808
https://pharos.nih.gov/idg/targets/P53671,P53671,ATP-binding,http://www.uniprot.org/keywords/KW-0067
https://pharos.nih.gov/idg/targets/P53671,P53671,Nucleotide-binding,http://www.uniprot.org/keywords/KW-0547
https://pharos.nih.gov/idg/targets/P53671,P53671,Kinase,http://www.uniprot.org/keywords/KW-0418
https://pharos.nih.gov/idg/targets/P53671,P53671,"Serine-threonine-protein kinase",http://www.uniprot.org/keywords/KW-0723
https://pharos.nih.gov/idg/targets/P53671,P53671,"LIM domain",http://www.uniprot.org/keywords/KW-0440
https://pharos.nih.gov/idg/targets/O43187,O43187,"Complete proteome",http://www.uniprot.org/keywords/KW-0181
https://pharos.nih.gov/idg/targets/O43187,O43187,Polymorphism,http://www.uniprot.org/keywords/KW-0621
https://pharos.nih.gov/idg/targets/O43187,O43187,"Reference proteome",http://www.uniprot.org/keywords/KW-1185
https://pharos.nih.gov/idg/targets/O43187,O43187,Phosphoprotein,http://www.uniprot.org/keywords/KW-0597
https://pharos.nih.gov/idg/targets/O43187,O43187,3D-structure,http://www.uniprot.org/keywords/KW-0002
https://pharos.nih.gov/idg/targets/O43187,O43187,ATP-binding,http://www.uniprot.org/keywords/KW-0067
https://pharos.nih.gov/idg/targets/O43187,O43187,Nucleotide-binding,http://www.uniprot.org/keywords/KW-0547
https://pharos.nih.gov/idg/targets/P15056,P15056,"Complete proteome",http://www.uniprot.org/keywords/KW-0181
https://pharos.nih.gov/idg/targets/P15056,P15056,Metal-binding,http://www.uniprot.org/keywords/KW-0479
https://pharos.nih.gov/idg/targets/P15056,P15056,Nucleus,http://www.uniprot.org/keywords/KW-0539
https://pharos.nih.gov/idg/targets/P15056,P15056,Polymorphism,http://www.uniprot.org/keywords/KW-0621
https://pharos.nih.gov/idg/targets/P15056,P15056,"Reference proteome",http://www.uniprot.org/keywords/KW-1185
https://pharos.nih.gov/idg/targets/P15056,P15056,Zinc,http://www.uniprot.org/keywords/KW-0862
https://pharos.nih.gov/idg/targets/P15056,P15056,Zinc-finger,http://www.uniprot.org/keywords/KW-0863
https://pharos.nih.gov/idg/targets/P15056,P15056,Cytoplasm,http://www.uniprot.org/keywords/KW-0963
https://pharos.nih.gov/idg/targets/P15056,P15056,"Disease mutation",http://www.uniprot.org/keywords/KW-0225
https://pharos.nih.gov/idg/targets/P15056,P15056,"Mental retardation",http://www.uniprot.org/keywords/KW-0991
https://pharos.nih.gov/idg/targets/P15056,P15056,"Isopeptide bond",http://www.uniprot.org/keywords/KW-1017
https://pharos.nih.gov/idg/targets/P15056,P15056,Phosphoprotein,http://www.uniprot.org/keywords/KW-0597
https://pharos.nih.gov/idg/targets/P15056,P15056,"Ubl conjugation",http://www.uniprot.org/keywords/KW-0832
https://pharos.nih.gov/idg/targets/P15056,P15056,"Cell membrane",http://www.uniprot.org/keywords/KW-1003
https://pharos.nih.gov/idg/targets/P15056,P15056,Membrane,http://www.uniprot.org/keywords/KW-0472
https://pharos.nih.gov/idg/targets/P15056,P15056,Acetylation,http://www.uniprot.org/keywords/KW-0007
https://pharos.nih.gov/idg/targets/P15056,P15056,3D-structure,http://www.uniprot.org/keywords/KW-0002
https://pharos.nih.gov/idg/targets/P15056,P15056,Transferase,http://www.uniprot.org/keywords/KW-0808
https://pharos.nih.gov/idg/targets/P15056,P15056,ATP-binding,http://www.uniprot.org/keywords/KW-0067
https://pharos.nih.gov/idg/targets/P15056,P15056,Methylation,http://www.uniprot.org/keywords/KW-0488
https://pharos.nih.gov/idg/targets/P15056,P15056,Nucleotide-binding,http://www.uniprot.org/keywords/KW-0547
https://pharos.nih.gov/idg/targets/P15056,P15056,"Chromosomal rearrangement",http://www.uniprot.org/keywords/KW-0160
https://pharos.nih.gov/idg/targets/P15056,P15056,"Direct protein sequencing",http://www.uniprot.org/keywords/KW-0903
https://pharos.nih.gov/idg/targets/P15056,P15056,Kinase,http://www.uniprot.org/keywords/KW-0418
https://pharos.nih.gov/idg/targets/P15056,P15056,Proto-oncogene,http://www.uniprot.org/keywords/KW-0656
https://pharos.nih.gov/idg/targets/P15056,P15056,"Serine-threonine-protein kinase",http://www.uniprot.org/keywords/KW-0723
https://pharos.nih.gov/idg/targets/P15056,P15056,Deafness,http://www.uniprot.org/keywords/KW-0209
https://pharos.nih.gov/idg/targets/P15056,P15056,Cardiomyopathy,http://www.uniprot.org/keywords/KW-0122
https://pharos.nih.gov/idg/targets/P15056,P15056,"Ectodermal dysplasia",http://www.uniprot.org/keywords/KW-0038
https://pharos.nih.gov/idg/targets/Q9Y616,Q9Y616,"Complete proteome",http://www.uniprot.org/keywords/KW-0181
https://pharos.nih.gov/idg/targets/Q9Y616,Q9Y616,Polymorphism,http://www.uniprot.org/keywords/KW-0621
https://pharos.nih.gov/idg/targets/Q9Y616,Q9Y616,"Reference proteome",http://www.uniprot.org/keywords/KW-1185
https://pharos.nih.gov/idg/targets/Q9Y616,Q9Y616,"Alternative splicing",http://www.uniprot.org/keywords/KW-0025
https://pharos.nih.gov/idg/targets/Q9Y616,Q9Y616,Phosphoprotein,http://www.uniprot.org/keywords/KW-0597
https://pharos.nih.gov/idg/targets/Q9Y616,Q9Y616,Transferase,http://www.uniprot.org/keywords/KW-0808
https://pharos.nih.gov/idg/targets/Q9Y616,Q9Y616,ATP-binding,http://www.uniprot.org/keywords/KW-0067
https://pharos.nih.gov/idg/targets/Q9Y616,Q9Y616,Nucleotide-binding,http://www.uniprot.org/keywords/KW-0547
https://pharos.nih.gov/idg/targets/Q9Y616,Q9Y616,Magnesium,http://www.uniprot.org/keywords/KW-0460
https://pharos.nih.gov/idg/targets/Q9Y616,Q9Y616,Kinase,http://www.uniprot.org/keywords/KW-0418
https://pharos.nih.gov/idg/targets/Q9Y616,Q9Y616,"Serine-threonine-protein kinase",http://www.uniprot.org/keywords/KW-0723
https://pharos.nih.gov/idg/targets/Q9Y616,Q9Y616,Asthma,http://www.uniprot.org/keywords/KW-1058
https://pharos.nih.gov/idg/targets/Q13546,Q13546,"Complete proteome",http://www.uniprot.org/keywords/KW-0181
https://pharos.nih.gov/idg/targets/Q13546,Q13546,Polymorphism,http://www.uniprot.org/keywords/KW-0621
https://pharos.nih.gov/idg/targets/Q13546,Q13546,"Reference proteome",http://www.uniprot.org/keywords/KW-1185
https://pharos.nih.gov/idg/targets/Q13546,Q13546,"Alternative splicing",http://www.uniprot.org/keywords/KW-0025
https://pharos.nih.gov/idg/targets/Q13546,Q13546,Cytoplasm,http://www.uniprot.org/keywords/KW-0963
https://pharos.nih.gov/idg/targets/Q13546,Q13546,Phosphoprotein,http://www.uniprot.org/keywords/KW-0597
https://pharos.nih.gov/idg/targets/Q13546,Q13546,"Ubl conjugation",http://www.uniprot.org/keywords/KW-0832
https://pharos.nih.gov/idg/targets/Q13546,Q13546,"Cell membrane",http://www.uniprot.org/keywords/KW-1003
https://pharos.nih.gov/idg/targets/Q13546,Q13546,Membrane,http://www.uniprot.org/keywords/KW-0472
https://pharos.nih.gov/idg/targets/Q13546,Q13546,3D-structure,http://www.uniprot.org/keywords/KW-0002
https://pharos.nih.gov/idg/targets/Q13546,Q13546,Transferase,http://www.uniprot.org/keywords/KW-0808
https://pharos.nih.gov/idg/targets/Q13546,Q13546,ATP-binding,http://www.uniprot.org/keywords/KW-0067
https://pharos.nih.gov/idg/targets/Q13546,Q13546,Nucleotide-binding,http://www.uniprot.org/keywords/KW-0547
https://pharos.nih.gov/idg/targets/Q13546,Q13546,Kinase,http://www.uniprot.org/keywords/KW-0418
https://pharos.nih.gov/idg/targets/Q13546,Q13546,"Serine-threonine-protein kinase",http://www.uniprot.org/keywords/KW-0723
https://pharos.nih.gov/idg/targets/Q13546,Q13546,"Host-virus interaction",http://www.uniprot.org/keywords/KW-0945
https://pharos.nih.gov/idg/targets/Q13546,Q13546,Necrosis,http://www.uniprot.org/keywords/KW-1210
https://pharos.nih.gov/idg/targets/Q9NWZ3,Q9NWZ3,"Complete proteome",http://www.uniprot.org/keywords/KW-0181
https://pharos.nih.gov/idg/targets/Q9NWZ3,Q9NWZ3,Polymorphism,http://www.uniprot.org/keywords/KW-0621
https://pharos.nih.gov/idg/targets/Q9NWZ3,Q9NWZ3,"Reference proteome",http://www.uniprot.org/keywords/KW-1185
https://pharos.nih.gov/idg/targets/Q9NWZ3,Q9NWZ3,"Alternative splicing",http://www.uniprot.org/keywords/KW-0025
https://pharos.nih.gov/idg/targets/Q9NWZ3,Q9NWZ3,Cytoplasm,http://www.uniprot.org/keywords/KW-0963
https://pharos.nih.gov/idg/targets/Q9NWZ3,Q9NWZ3,Phosphoprotein,http://www.uniprot.org/keywords/KW-0597
https://pharos.nih.gov/idg/targets/Q9NWZ3,Q9NWZ3,Acetylation,http://www.uniprot.org/keywords/KW-0007
https://pharos.nih.gov/idg/targets/Q9NWZ3,Q9NWZ3,3D-structure,http://www.uniprot.org/keywords/KW-0002
https://pharos.nih.gov/idg/targets/Q9NWZ3,Q9NWZ3,Transferase,http://www.uniprot.org/keywords/KW-0808
https://pharos.nih.gov/idg/targets/Q9NWZ3,Q9NWZ3,ATP-binding,http://www.uniprot.org/keywords/KW-0067
https://pharos.nih.gov/idg/targets/Q9NWZ3,Q9NWZ3,Nucleotide-binding,http://www.uniprot.org/keywords/KW-0547
https://pharos.nih.gov/idg/targets/Q9NWZ3,Q9NWZ3,Magnesium,http://www.uniprot.org/keywords/KW-0460
https://pharos.nih.gov/idg/targets/Q9NWZ3,Q9NWZ3,Immunity,http://www.uniprot.org/keywords/KW-0391
https://pharos.nih.gov/idg/targets/Q9NWZ3,Q9NWZ3,Kinase,http://www.uniprot.org/keywords/KW-0418
https://pharos.nih.gov/idg/targets/Q9NWZ3,Q9NWZ3,"Serine-threonine-protein kinase",http://www.uniprot.org/keywords/KW-0723
https://pharos.nih.gov/idg/targets/Q9NWZ3,Q9NWZ3,"Innate immunity",http://www.uniprot.org/keywords/KW-0399
https://pharos.nih.gov/idg/targets/Q13705,Q13705,"Complete proteome",http://www.uniprot.org/keywords/KW-0181
https://pharos.nih.gov/idg/targets/Q13705,Q13705,Metal-binding,http://www.uniprot.org/keywords/KW-0479
https://pharos.nih.gov/idg/targets/Q13705,Q13705,Polymorphism,http://www.uniprot.org/keywords/KW-0621
https://pharos.nih.gov/idg/targets/Q13705,Q13705,"Reference proteome",http://www.uniprot.org/keywords/KW-1185
https://pharos.nih.gov/idg/targets/Q13705,Q13705,"Alternative splicing",http://www.uniprot.org/keywords/KW-0025
https://pharos.nih.gov/idg/targets/Q13705,Q13705,"Disease mutation",http://www.uniprot.org/keywords/KW-0225
https://pharos.nih.gov/idg/targets/Q13705,Q13705,Phosphoprotein,http://www.uniprot.org/keywords/KW-0597
https://pharos.nih.gov/idg/targets/Q13705,Q13705,"Cell membrane",http://www.uniprot.org/keywords/KW-1003
https://pharos.nih.gov/idg/targets/Q13705,Q13705,"Disulfide bond",http://www.uniprot.org/keywords/KW-1015
https://pharos.nih.gov/idg/targets/Q13705,Q13705,Glycoprotein,http://www.uniprot.org/keywords/KW-0325
https://pharos.nih.gov/idg/targets/Q13705,Q13705,Membrane,http://www.uniprot.org/keywords/KW-0472
https://pharos.nih.gov/idg/targets/Q13705,Q13705,Receptor,http://www.uniprot.org/keywords/KW-0675
https://pharos.nih.gov/idg/targets/Q13705,Q13705,Transmembrane,http://www.uniprot.org/keywords/KW-0812
https://pharos.nih.gov/idg/targets/Q13705,Q13705,"Transmembrane helix",http://www.uniprot.org/keywords/KW-1133
https://pharos.nih.gov/idg/targets/Q13705,Q13705,3D-structure,http://www.uniprot.org/keywords/KW-0002
https://pharos.nih.gov/idg/targets/Q13705,Q13705,Transferase,http://www.uniprot.org/keywords/KW-0808
https://pharos.nih.gov/idg/targets/Q13705,Q13705,ATP-binding,http://www.uniprot.org/keywords/KW-0067
https://pharos.nih.gov/idg/targets/Q13705,Q13705,Nucleotide-binding,http://www.uniprot.org/keywords/KW-0547
https://pharos.nih.gov/idg/targets/Q13705,Q13705,Signal,http://www.uniprot.org/keywords/KW-0732
https://pharos.nih.gov/idg/targets/Q13705,Q13705,Magnesium,http://www.uniprot.org/keywords/KW-0460
https://pharos.nih.gov/idg/targets/Q13705,Q13705,Kinase,http://www.uniprot.org/keywords/KW-0418
https://pharos.nih.gov/idg/targets/Q13705,Q13705,Manganese,http://www.uniprot.org/keywords/KW-0464
https://pharos.nih.gov/idg/targets/Q13705,Q13705,Heterotaxy,http://www.uniprot.org/keywords/KW-1056
https://pharos.nih.gov/idg/targets/Q13705,Q13705,"Serine-threonine-protein kinase",http://www.uniprot.org/keywords/KW-0723
https://pharos.nih.gov/idg/targets/P37173,P37173,"Complete proteome",http://www.uniprot.org/keywords/KW-0181
https://pharos.nih.gov/idg/targets/P37173,P37173,Metal-binding,http://www.uniprot.org/keywords/KW-0479
https://pharos.nih.gov/idg/targets/P37173,P37173,Polymorphism,http://www.uniprot.org/keywords/KW-0621
https://pharos.nih.gov/idg/targets/P37173,P37173,"Reference proteome",http://www.uniprot.org/keywords/KW-1185
https://pharos.nih.gov/idg/targets/P37173,P37173,"Alternative splicing",http://www.uniprot.org/keywords/KW-0025
https://pharos.nih.gov/idg/targets/P37173,P37173,"Disease mutation",http://www.uniprot.org/keywords/KW-0225
https://pharos.nih.gov/idg/targets/P37173,P37173,Phosphoprotein,http://www.uniprot.org/keywords/KW-0597
https://pharos.nih.gov/idg/targets/P37173,P37173,"Cell membrane",http://www.uniprot.org/keywords/KW-1003
https://pharos.nih.gov/idg/targets/P37173,P37173,"Disulfide bond",http://www.uniprot.org/keywords/KW-1015
https://pharos.nih.gov/idg/targets/P37173,P37173,Glycoprotein,http://www.uniprot.org/keywords/KW-0325
https://pharos.nih.gov/idg/targets/P37173,P37173,Membrane,http://www.uniprot.org/keywords/KW-0472
https://pharos.nih.gov/idg/targets/P37173,P37173,Receptor,http://www.uniprot.org/keywords/KW-0675
https://pharos.nih.gov/idg/targets/P37173,P37173,Transmembrane,http://www.uniprot.org/keywords/KW-0812
https://pharos.nih.gov/idg/targets/P37173,P37173,"Transmembrane helix",http://www.uniprot.org/keywords/KW-1133
https://pharos.nih.gov/idg/targets/P37173,P37173,3D-structure,http://www.uniprot.org/keywords/KW-0002
https://pharos.nih.gov/idg/targets/P37173,P37173,Transferase,http://www.uniprot.org/keywords/KW-0808
https://pharos.nih.gov/idg/targets/P37173,P37173,ATP-binding,http://www.uniprot.org/keywords/KW-0067
https://pharos.nih.gov/idg/targets/P37173,P37173,Nucleotide-binding,http://www.uniprot.org/keywords/KW-0547
https://pharos.nih.gov/idg/targets/P37173,P37173,Signal,http://www.uniprot.org/keywords/KW-0732
https://pharos.nih.gov/idg/targets/P37173,P37173,"Direct protein sequencing",http://www.uniprot.org/keywords/KW-0903
https://pharos.nih.gov/idg/targets/P37173,P37173,Magnesium,http://www.uniprot.org/keywords/KW-0460
https://pharos.nih.gov/idg/targets/P37173,P37173,Differentiation,http://www.uniprot.org/keywords/KW-0221
https://pharos.nih.gov/idg/targets/P37173,P37173,Apoptosis,http://www.uniprot.org/keywords/KW-0053
https://pharos.nih.gov/idg/targets/P37173,P37173,Kinase,http://www.uniprot.org/keywords/KW-0418
https://pharos.nih.gov/idg/targets/P37173,P37173,Manganese,http://www.uniprot.org/keywords/KW-0464
https://pharos.nih.gov/idg/targets/P37173,P37173,"Serine-threonine-protein kinase",http://www.uniprot.org/keywords/KW-0723
https://pharos.nih.gov/idg/targets/P37173,P37173,"Growth regulation",http://www.uniprot.org/keywords/KW-0341
https://pharos.nih.gov/idg/targets/P37173,P37173,"Aortic aneurysm",http://www.uniprot.org/keywords/KW-0993
https://pharos.nih.gov/idg/targets/P37173,P37173,"Hereditary nonpolyposis colorectal cancer",http://www.uniprot.org/keywords/KW-0362
https://pharos.nih.gov/idg/targets/P37023,P37023,"Complete proteome",http://www.uniprot.org/keywords/KW-0181
https://pharos.nih.gov/idg/targets/P37023,P37023,Metal-binding,http://www.uniprot.org/keywords/KW-0479
https://pharos.nih.gov/idg/targets/P37023,P37023,Polymorphism,http://www.uniprot.org/keywords/KW-0621
https://pharos.nih.gov/idg/targets/P37023,P37023,"Reference proteome",http://www.uniprot.org/keywords/KW-1185
https://pharos.nih.gov/idg/targets/P37023,P37023,"Disease mutation",http://www.uniprot.org/keywords/KW-0225
https://pharos.nih.gov/idg/targets/P37023,P37023,Phosphoprotein,http://www.uniprot.org/keywords/KW-0597
https://pharos.nih.gov/idg/targets/P37023,P37023,"Cell membrane",http://www.uniprot.org/keywords/KW-1003
https://pharos.nih.gov/idg/targets/P37023,P37023,"Disulfide bond",http://www.uniprot.org/keywords/KW-1015
https://pharos.nih.gov/idg/targets/P37023,P37023,Glycoprotein,http://www.uniprot.org/keywords/KW-0325
https://pharos.nih.gov/idg/targets/P37023,P37023,Membrane,http://www.uniprot.org/keywords/KW-0472
https://pharos.nih.gov/idg/targets/P37023,P37023,Receptor,http://www.uniprot.org/keywords/KW-0675
https://pharos.nih.gov/idg/targets/P37023,P37023,Transmembrane,http://www.uniprot.org/keywords/KW-0812
https://pharos.nih.gov/idg/targets/P37023,P37023,"Transmembrane helix",http://www.uniprot.org/keywords/KW-1133
https://pharos.nih.gov/idg/targets/P37023,P37023,3D-structure,http://www.uniprot.org/keywords/KW-0002
https://pharos.nih.gov/idg/targets/P37023,P37023,Transferase,http://www.uniprot.org/keywords/KW-0808
https://pharos.nih.gov/idg/targets/P37023,P37023,ATP-binding,http://www.uniprot.org/keywords/KW-0067
https://pharos.nih.gov/idg/targets/P37023,P37023,Nucleotide-binding,http://www.uniprot.org/keywords/KW-0547
https://pharos.nih.gov/idg/targets/P37023,P37023,Signal,http://www.uniprot.org/keywords/KW-0732
https://pharos.nih.gov/idg/targets/P37023,P37023,Magnesium,http://www.uniprot.org/keywords/KW-0460
https://pharos.nih.gov/idg/targets/P37023,P37023,Kinase,http://www.uniprot.org/keywords/KW-0418
https://pharos.nih.gov/idg/targets/P37023,P37023,Manganese,http://www.uniprot.org/keywords/KW-0464
https://pharos.nih.gov/idg/targets/P37023,P37023,Angiogenesis,http://www.uniprot.org/keywords/KW-0037
https://pharos.nih.gov/idg/targets/P37023,P37023,"Serine-threonine-protein kinase",http://www.uniprot.org/keywords/KW-0723
https://pharos.nih.gov/idg/targets/Q13418,Q13418,"Complete proteome",http://www.uniprot.org/keywords/KW-0181
https://pharos.nih.gov/idg/targets/Q13418,Q13418,Polymorphism,http://www.uniprot.org/keywords/KW-0621
https://pharos.nih.gov/idg/targets/Q13418,Q13418,"Reference proteome",http://www.uniprot.org/keywords/KW-1185
https://pharos.nih.gov/idg/targets/Q13418,Q13418,Repeat,http://www.uniprot.org/keywords/KW-0677
https://pharos.nih.gov/idg/targets/Q13418,Q13418,"Alternative splicing",http://www.uniprot.org/keywords/KW-0025
https://pharos.nih.gov/idg/targets/Q13418,Q13418,"Cell projection",http://www.uniprot.org/keywords/KW-0966
https://pharos.nih.gov/idg/targets/Q13418,Q13418,Cytoplasm,http://www.uniprot.org/keywords/KW-0963
https://pharos.nih.gov/idg/targets/Q13418,Q13418,Phosphoprotein,http://www.uniprot.org/keywords/KW-0597
https://pharos.nih.gov/idg/targets/Q13418,Q13418,"Cell membrane",http://www.uniprot.org/keywords/KW-1003
https://pharos.nih.gov/idg/targets/Q13418,Q13418,Membrane,http://www.uniprot.org/keywords/KW-0472
https://pharos.nih.gov/idg/targets/Q13418,Q13418,Acetylation,http://www.uniprot.org/keywords/KW-0007
https://pharos.nih.gov/idg/targets/Q13418,Q13418,3D-structure,http://www.uniprot.org/keywords/KW-0002
https://pharos.nih.gov/idg/targets/Q13418,Q13418,Transferase,http://www.uniprot.org/keywords/KW-0808
https://pharos.nih.gov/idg/targets/Q13418,Q13418,ATP-binding,http://www.uniprot.org/keywords/KW-0067
https://pharos.nih.gov/idg/targets/Q13418,Q13418,Nucleotide-binding,http://www.uniprot.org/keywords/KW-0547
https://pharos.nih.gov/idg/targets/Q13418,Q13418,"ANK repeat",http://www.uniprot.org/keywords/KW-0040
https://pharos.nih.gov/idg/targets/Q13418,Q13418,"Cell junction",http://www.uniprot.org/keywords/KW-0965
https://pharos.nih.gov/idg/targets/Q13418,Q13418,Kinase,http://www.uniprot.org/keywords/KW-0418
https://pharos.nih.gov/idg/targets/Q13418,Q13418,"Serine-threonine-protein kinase",http://www.uniprot.org/keywords/KW-0723
https://pharos.nih.gov/idg/targets/P53667,P53667,"Complete proteome",http://www.uniprot.org/keywords/KW-0181
https://pharos.nih.gov/idg/targets/P53667,P53667,Metal-binding,http://www.uniprot.org/keywords/KW-0479
https://pharos.nih.gov/idg/targets/P53667,P53667,Nucleus,http://www.uniprot.org/keywords/KW-0539
https://pharos.nih.gov/idg/targets/P53667,P53667,Polymorphism,http://www.uniprot.org/keywords/KW-0621
https://pharos.nih.gov/idg/targets/P53667,P53667,"Reference proteome",http://www.uniprot.org/keywords/KW-1185
https://pharos.nih.gov/idg/targets/P53667,P53667,Repeat,http://www.uniprot.org/keywords/KW-0677
https://pharos.nih.gov/idg/targets/P53667,P53667,Zinc,http://www.uniprot.org/keywords/KW-0862
https://pharos.nih.gov/idg/targets/P53667,P53667,"Alternative splicing",http://www.uniprot.org/keywords/KW-0025
https://pharos.nih.gov/idg/targets/P53667,P53667,"Cell projection",http://www.uniprot.org/keywords/KW-0966
https://pharos.nih.gov/idg/targets/P53667,P53667,Cytoplasm,http://www.uniprot.org/keywords/KW-0963
https://pharos.nih.gov/idg/targets/P53667,P53667,Phosphoprotein,http://www.uniprot.org/keywords/KW-0597
https://pharos.nih.gov/idg/targets/P53667,P53667,"Ubl conjugation",http://www.uniprot.org/keywords/KW-0832
https://pharos.nih.gov/idg/targets/P53667,P53667,3D-structure,http://www.uniprot.org/keywords/KW-0002
https://pharos.nih.gov/idg/targets/P53667,P53667,Transferase,http://www.uniprot.org/keywords/KW-0808
https://pharos.nih.gov/idg/targets/P53667,P53667,ATP-binding,http://www.uniprot.org/keywords/KW-0067
https://pharos.nih.gov/idg/targets/P53667,P53667,Nucleotide-binding,http://www.uniprot.org/keywords/KW-0547
https://pharos.nih.gov/idg/targets/P53667,P53667,Kinase,http://www.uniprot.org/keywords/KW-0418
https://pharos.nih.gov/idg/targets/P53667,P53667,"Serine-threonine-protein kinase",http://www.uniprot.org/keywords/KW-0723
https://pharos.nih.gov/idg/targets/P53667,P53667,"Williams-Beuren syndrome",http://www.uniprot.org/keywords/KW-0856
https://pharos.nih.gov/idg/targets/P53667,P53667,"LIM domain",http://www.uniprot.org/keywords/KW-0440
https://pharos.nih.gov/idg/targets/Q8IVT5,Q8IVT5,"Complete proteome",http://www.uniprot.org/keywords/KW-0181
https://pharos.nih.gov/idg/targets/Q8IVT5,Q8IVT5,Metal-binding,http://www.uniprot.org/keywords/KW-0479
https://pharos.nih.gov/idg/targets/Q8IVT5,Q8IVT5,Polymorphism,http://www.uniprot.org/keywords/KW-0621
https://pharos.nih.gov/idg/targets/Q8IVT5,Q8IVT5,"Reference proteome",http://www.uniprot.org/keywords/KW-1185
https://pharos.nih.gov/idg/targets/Q8IVT5,Q8IVT5,Zinc,http://www.uniprot.org/keywords/KW-0862
https://pharos.nih.gov/idg/targets/Q8IVT5,Q8IVT5,Zinc-finger,http://www.uniprot.org/keywords/KW-0863
https://pharos.nih.gov/idg/targets/Q8IVT5,Q8IVT5,"Alternative splicing",http://www.uniprot.org/keywords/KW-0025
https://pharos.nih.gov/idg/targets/Q8IVT5,Q8IVT5,"Cell projection",http://www.uniprot.org/keywords/KW-0966
https://pharos.nih.gov/idg/targets/Q8IVT5,Q8IVT5,Cytoplasm,http://www.uniprot.org/keywords/KW-0963
https://pharos.nih.gov/idg/targets/Q8IVT5,Q8IVT5,Phosphoprotein,http://www.uniprot.org/keywords/KW-0597
https://pharos.nih.gov/idg/targets/Q8IVT5,Q8IVT5,"Cell membrane",http://www.uniprot.org/keywords/KW-1003
https://pharos.nih.gov/idg/targets/Q8IVT5,Q8IVT5,Membrane,http://www.uniprot.org/keywords/KW-0472
https://pharos.nih.gov/idg/targets/Q8IVT5,Q8IVT5,"Endoplasmic reticulum",http://www.uniprot.org/keywords/KW-0256
https://pharos.nih.gov/idg/targets/P51617,P51617,"Complete proteome",http://www.uniprot.org/keywords/KW-0181
https://pharos.nih.gov/idg/targets/P51617,P51617,Nucleus,http://www.uniprot.org/keywords/KW-0539
https://pharos.nih.gov/idg/targets/P51617,P51617,Polymorphism,http://www.uniprot.org/keywords/KW-0621
https://pharos.nih.gov/idg/targets/P51617,P51617,"Reference proteome",http://www.uniprot.org/keywords/KW-1185
https://pharos.nih.gov/idg/targets/P51617,P51617,"Alternative splicing",http://www.uniprot.org/keywords/KW-0025
https://pharos.nih.gov/idg/targets/P51617,P51617,Cytoplasm,http://www.uniprot.org/keywords/KW-0963
https://pharos.nih.gov/idg/targets/P51617,P51617,"Isopeptide bond",http://www.uniprot.org/keywords/KW-1017
https://pharos.nih.gov/idg/targets/P51617,P51617,Phosphoprotein,http://www.uniprot.org/keywords/KW-0597
https://pharos.nih.gov/idg/targets/P51617,P51617,"Ubl conjugation",http://www.uniprot.org/keywords/KW-0832
https://pharos.nih.gov/idg/targets/P51617,P51617,Transferase,http://www.uniprot.org/keywords/KW-0808
https://pharos.nih.gov/idg/targets/P51617,P51617,ATP-binding,http://www.uniprot.org/keywords/KW-0067
https://pharos.nih.gov/idg/targets/P51617,P51617,Nucleotide-binding,http://www.uniprot.org/keywords/KW-0547
https://pharos.nih.gov/idg/targets/P51617,P51617,"Direct protein sequencing",http://www.uniprot.org/keywords/KW-0903
https://pharos.nih.gov/idg/targets/P51617,P51617,Magnesium,http://www.uniprot.org/keywords/KW-0460
https://pharos.nih.gov/idg/targets/P51617,P51617,Immunity,http://www.uniprot.org/keywords/KW-0391
https://pharos.nih.gov/idg/targets/P51617,P51617,Kinase,http://www.uniprot.org/keywords/KW-0418
https://pharos.nih.gov/idg/targets/P51617,P51617,"Serine-threonine-protein kinase",http://www.uniprot.org/keywords/KW-0723
https://pharos.nih.gov/idg/targets/P51617,P51617,"Host-virus interaction",http://www.uniprot.org/keywords/KW-0945
https://pharos.nih.gov/idg/targets/P51617,P51617,"Innate immunity",http://www.uniprot.org/keywords/KW-0399
https://pharos.nih.gov/idg/targets/P51617,P51617,"Lipid droplet",http://www.uniprot.org/keywords/KW-0551
https://pharos.nih.gov/idg/targets/Q8NER5,Q8NER5,"Complete proteome",http://www.uniprot.org/keywords/KW-0181
https://pharos.nih.gov/idg/targets/Q8NER5,Q8NER5,Metal-binding,http://www.uniprot.org/keywords/KW-0479
https://pharos.nih.gov/idg/targets/Q8NER5,Q8NER5,Polymorphism,http://www.uniprot.org/keywords/KW-0621
https://pharos.nih.gov/idg/targets/Q8NER5,Q8NER5,"Reference proteome",http://www.uniprot.org/keywords/KW-1185
https://pharos.nih.gov/idg/targets/Q8NER5,Q8NER5,"Alternative splicing",http://www.uniprot.org/keywords/KW-0025
https://pharos.nih.gov/idg/targets/Q8NER5,Q8NER5,Membrane,http://www.uniprot.org/keywords/KW-0472
https://pharos.nih.gov/idg/targets/Q8NER5,Q8NER5,Receptor,http://www.uniprot.org/keywords/KW-0675
https://pharos.nih.gov/idg/targets/Q8NER5,Q8NER5,Transmembrane,http://www.uniprot.org/keywords/KW-0812
https://pharos.nih.gov/idg/targets/Q8NER5,Q8NER5,"Transmembrane helix",http://www.uniprot.org/keywords/KW-1133
https://pharos.nih.gov/idg/targets/Q8NER5,Q8NER5,Transferase,http://www.uniprot.org/keywords/KW-0808
https://pharos.nih.gov/idg/targets/Q8NER5,Q8NER5,ATP-binding,http://www.uniprot.org/keywords/KW-0067
https://pharos.nih.gov/idg/targets/Q8NER5,Q8NER5,Nucleotide-binding,http://www.uniprot.org/keywords/KW-0547
https://pharos.nih.gov/idg/targets/Q8NER5,Q8NER5,Signal,http://www.uniprot.org/keywords/KW-0732
https://pharos.nih.gov/idg/targets/Q8NER5,Q8NER5,Magnesium,http://www.uniprot.org/keywords/KW-0460
https://pharos.nih.gov/idg/targets/Q8NER5,Q8NER5,Apoptosis,http://www.uniprot.org/keywords/KW-0053
https://pharos.nih.gov/idg/targets/Q8NER5,Q8NER5,Kinase,http://www.uniprot.org/keywords/KW-0418
https://pharos.nih.gov/idg/targets/Q8NER5,Q8NER5,Manganese,http://www.uniprot.org/keywords/KW-0464
https://pharos.nih.gov/idg/targets/Q8NER5,Q8NER5,"Serine-threonine-protein kinase",http://www.uniprot.org/keywords/KW-0723
https://pharos.nih.gov/idg/targets/P10398,P10398,"Complete proteome",http://www.uniprot.org/keywords/KW-0181
https://pharos.nih.gov/idg/targets/P10398,P10398,Metal-binding,http://www.uniprot.org/keywords/KW-0479
https://pharos.nih.gov/idg/targets/P10398,P10398,Polymorphism,http://www.uniprot.org/keywords/KW-0621
https://pharos.nih.gov/idg/targets/P10398,P10398,"Reference proteome",http://www.uniprot.org/keywords/KW-1185
https://pharos.nih.gov/idg/targets/P10398,P10398,Zinc,http://www.uniprot.org/keywords/KW-0862
https://pharos.nih.gov/idg/targets/P10398,P10398,Zinc-finger,http://www.uniprot.org/keywords/KW-0863
https://pharos.nih.gov/idg/targets/P10398,P10398,"Alternative splicing",http://www.uniprot.org/keywords/KW-0025
https://pharos.nih.gov/idg/targets/P10398,P10398,Phosphoprotein,http://www.uniprot.org/keywords/KW-0597
https://pharos.nih.gov/idg/targets/P10398,P10398,3D-structure,http://www.uniprot.org/keywords/KW-0002
https://pharos.nih.gov/idg/targets/P10398,P10398,Transferase,http://www.uniprot.org/keywords/KW-0808
https://pharos.nih.gov/idg/targets/P10398,P10398,ATP-binding,http://www.uniprot.org/keywords/KW-0067
https://pharos.nih.gov/idg/targets/P10398,P10398,Nucleotide-binding,http://www.uniprot.org/keywords/KW-0547
https://pharos.nih.gov/idg/targets/P10398,P10398,Kinase,http://www.uniprot.org/keywords/KW-0418
https://pharos.nih.gov/idg/targets/P10398,P10398,Proto-oncogene,http://www.uniprot.org/keywords/KW-0656
https://pharos.nih.gov/idg/targets/P10398,P10398,"Serine-threonine-protein kinase",http://www.uniprot.org/keywords/KW-0723
https://pharos.nih.gov/idg/targets/P36897,P36897,"Complete proteome",http://www.uniprot.org/keywords/KW-0181
https://pharos.nih.gov/idg/targets/P36897,P36897,Metal-binding,http://www.uniprot.org/keywords/KW-0479
https://pharos.nih.gov/idg/targets/P36897,P36897,Polymorphism,http://www.uniprot.org/keywords/KW-0621
https://pharos.nih.gov/idg/targets/P36897,P36897,"Reference proteome",http://www.uniprot.org/keywords/KW-1185
https://pharos.nih.gov/idg/targets/P36897,P36897,"Alternative splicing",http://www.uniprot.org/keywords/KW-0025
https://pharos.nih.gov/idg/targets/P36897,P36897,"Disease mutation",http://www.uniprot.org/keywords/KW-0225
https://pharos.nih.gov/idg/targets/P36897,P36897,"Isopeptide bond",http://www.uniprot.org/keywords/KW-1017
https://pharos.nih.gov/idg/targets/P36897,P36897,Phosphoprotein,http://www.uniprot.org/keywords/KW-0597
https://pharos.nih.gov/idg/targets/P36897,P36897,"Ubl conjugation",http://www.uniprot.org/keywords/KW-0832
https://pharos.nih.gov/idg/targets/P36897,P36897,"Cell membrane",http://www.uniprot.org/keywords/KW-1003
https://pharos.nih.gov/idg/targets/P36897,P36897,"Disulfide bond",http://www.uniprot.org/keywords/KW-1015
https://pharos.nih.gov/idg/targets/P36897,P36897,Glycoprotein,http://www.uniprot.org/keywords/KW-0325
https://pharos.nih.gov/idg/targets/P36897,P36897,Membrane,http://www.uniprot.org/keywords/KW-0472
https://pharos.nih.gov/idg/targets/P36897,P36897,Receptor,http://www.uniprot.org/keywords/KW-0675
https://pharos.nih.gov/idg/targets/P36897,P36897,Transmembrane,http://www.uniprot.org/keywords/KW-0812
https://pharos.nih.gov/idg/targets/P36897,P36897,"Transmembrane helix",http://www.uniprot.org/keywords/KW-1133
https://pharos.nih.gov/idg/targets/P36897,P36897,3D-structure,http://www.uniprot.org/keywords/KW-0002
https://pharos.nih.gov/idg/targets/P36897,P36897,Transferase,http://www.uniprot.org/keywords/KW-0808
https://pharos.nih.gov/idg/targets/P36897,P36897,ATP-binding,http://www.uniprot.org/keywords/KW-0067
https://pharos.nih.gov/idg/targets/P36897,P36897,Nucleotide-binding,http://www.uniprot.org/keywords/KW-0547
https://pharos.nih.gov/idg/targets/P36897,P36897,Signal,http://www.uniprot.org/keywords/KW-0732
https://pharos.nih.gov/idg/targets/P36897,P36897,"Direct protein sequencing",http://www.uniprot.org/keywords/KW-0903
https://pharos.nih.gov/idg/targets/P36897,P36897,Craniosynostosis,http://www.uniprot.org/keywords/KW-0989
https://pharos.nih.gov/idg/targets/P36897,P36897,Magnesium,http://www.uniprot.org/keywords/KW-0460
https://pharos.nih.gov/idg/targets/P36897,P36897,Differentiation,http://www.uniprot.org/keywords/KW-0221
https://pharos.nih.gov/idg/targets/P36897,P36897,"Cell junction",http://www.uniprot.org/keywords/KW-0965
https://pharos.nih.gov/idg/targets/P36897,P36897,"Tight junction",http://www.uniprot.org/keywords/KW-0796
https://pharos.nih.gov/idg/targets/P36897,P36897,Apoptosis,http://www.uniprot.org/keywords/KW-0053
https://pharos.nih.gov/idg/targets/P36897,P36897,Kinase,http://www.uniprot.org/keywords/KW-0418
https://pharos.nih.gov/idg/targets/P36897,P36897,Manganese,http://www.uniprot.org/keywords/KW-0464
https://pharos.nih.gov/idg/targets/P36897,P36897,"Serine-threonine-protein kinase",http://www.uniprot.org/keywords/KW-0723
https://pharos.nih.gov/idg/targets/P36897,P36897,"Growth regulation",http://www.uniprot.org/keywords/KW-0341
https://pharos.nih.gov/idg/targets/P36897,P36897,"Aortic aneurysm",http://www.uniprot.org/keywords/KW-0993
https://pharos.nih.gov/idg/targets/Q5S007,Q5S007,"Complete proteome",http://www.uniprot.org/keywords/KW-0181
https://pharos.nih.gov/idg/targets/Q5S007,Q5S007,Polymorphism,http://www.uniprot.org/keywords/KW-0621
https://pharos.nih.gov/idg/targets/Q5S007,Q5S007,"Reference proteome",http://www.uniprot.org/keywords/KW-1185
https://pharos.nih.gov/idg/targets/Q5S007,Q5S007,Repeat,http://www.uniprot.org/keywords/KW-0677
https://pharos.nih.gov/idg/targets/Q5S007,Q5S007,"Cell projection",http://www.uniprot.org/keywords/KW-0966
https://pharos.nih.gov/idg/targets/Q5S007,Q5S007,Cytoplasm,http://www.uniprot.org/keywords/KW-0963
https://pharos.nih.gov/idg/targets/Q5S007,Q5S007,"Disease mutation",http://www.uniprot.org/keywords/KW-0225
https://pharos.nih.gov/idg/targets/Q5S007,Q5S007,Phosphoprotein,http://www.uniprot.org/keywords/KW-0597
https://pharos.nih.gov/idg/targets/Q5S007,Q5S007,Membrane,http://www.uniprot.org/keywords/KW-0472
https://pharos.nih.gov/idg/targets/Q5S007,Q5S007,"WD repeat",http://www.uniprot.org/keywords/KW-0853
https://pharos.nih.gov/idg/targets/Q5S007,Q5S007,3D-structure,http://www.uniprot.org/keywords/KW-0002
https://pharos.nih.gov/idg/targets/Q5S007,Q5S007,"Leucine-rich repeat",http://www.uniprot.org/keywords/KW-0433
https://pharos.nih.gov/idg/targets/Q5S007,Q5S007,"Golgi apparatus",http://www.uniprot.org/keywords/KW-0333
https://pharos.nih.gov/idg/targets/Q5S007,Q5S007,"Endoplasmic reticulum",http://www.uniprot.org/keywords/KW-0256
https://pharos.nih.gov/idg/targets/Q5S007,Q5S007,Transferase,http://www.uniprot.org/keywords/KW-0808
https://pharos.nih.gov/idg/targets/Q5S007,Q5S007,ATP-binding,http://www.uniprot.org/keywords/KW-0067
https://pharos.nih.gov/idg/targets/Q5S007,Q5S007,"Coiled coil",http://www.uniprot.org/keywords/KW-0175
https://pharos.nih.gov/idg/targets/Q5S007,Q5S007,Nucleotide-binding,http://www.uniprot.org/keywords/KW-0547
https://pharos.nih.gov/idg/targets/Q5S007,Q5S007,Mitochondrion,http://www.uniprot.org/keywords/KW-0496
https://pharos.nih.gov/idg/targets/Q5S007,Q5S007,"Mitochondrion outer membrane",http://www.uniprot.org/keywords/KW-1000
https://pharos.nih.gov/idg/targets/Q5S007,Q5S007,Differentiation,http://www.uniprot.org/keywords/KW-0221
https://pharos.nih.gov/idg/targets/Q5S007,Q5S007,Lysosome,http://www.uniprot.org/keywords/KW-0458
https://pharos.nih.gov/idg/targets/Q5S007,Q5S007,"Cytoplasmic vesicle",http://www.uniprot.org/keywords/KW-0968
https://pharos.nih.gov/idg/targets/Q5S007,Q5S007,Endosome,http://www.uniprot.org/keywords/KW-0967
https://pharos.nih.gov/idg/targets/Q5S007,Q5S007,"Cell junction",http://www.uniprot.org/keywords/KW-0965
https://pharos.nih.gov/idg/targets/Q5S007,Q5S007,Neurodegeneration,http://www.uniprot.org/keywords/KW-0523
https://pharos.nih.gov/idg/targets/Q5S007,Q5S007,"Mitochondrion inner membrane",http://www.uniprot.org/keywords/KW-0999
https://pharos.nih.gov/idg/targets/Q5S007,Q5S007,Kinase,http://www.uniprot.org/keywords/KW-0418
https://pharos.nih.gov/idg/targets/Q5S007,Q5S007,Synapse,http://www.uniprot.org/keywords/KW-0770
https://pharos.nih.gov/idg/targets/Q5S007,Q5S007,"Serine-threonine-protein kinase",http://www.uniprot.org/keywords/KW-0723
https://pharos.nih.gov/idg/targets/Q5S007,Q5S007,GTP-binding,http://www.uniprot.org/keywords/KW-0342
https://pharos.nih.gov/idg/targets/Q5S007,Q5S007,Autophagy,http://www.uniprot.org/keywords/KW-0072
https://pharos.nih.gov/idg/targets/Q5S007,Q5S007,"GTPase activation",http://www.uniprot.org/keywords/KW-0343
https://pharos.nih.gov/idg/targets/Q5S007,Q5S007,Parkinsonism,http://www.uniprot.org/keywords/KW-0908
https://pharos.nih.gov/idg/targets/Q5S007,Q5S007,"Parkinson disease",http://www.uniprot.org/keywords/KW-0907
https://pharos.nih.gov/idg/targets/Q59H18,Q59H18,"Complete proteome",http://www.uniprot.org/keywords/KW-0181
https://pharos.nih.gov/idg/targets/Q59H18,Q59H18,Metal-binding,http://www.uniprot.org/keywords/KW-0479
https://pharos.nih.gov/idg/targets/Q59H18,Q59H18,Nucleus,http://www.uniprot.org/keywords/KW-0539
https://pharos.nih.gov/idg/targets/Q59H18,Q59H18,Polymorphism,http://www.uniprot.org/keywords/KW-0621
https://pharos.nih.gov/idg/targets/Q59H18,Q59H18,"Reference proteome",http://www.uniprot.org/keywords/KW-1185
https://pharos.nih.gov/idg/targets/Q59H18,Q59H18,Repeat,http://www.uniprot.org/keywords/KW-0677
https://pharos.nih.gov/idg/targets/Q59H18,Q59H18,"Alternative splicing",http://www.uniprot.org/keywords/KW-0025
https://pharos.nih.gov/idg/targets/Q59H18,Q59H18,Cytoplasm,http://www.uniprot.org/keywords/KW-0963
https://pharos.nih.gov/idg/targets/Q59H18,Q59H18,"Disease mutation",http://www.uniprot.org/keywords/KW-0225
https://pharos.nih.gov/idg/targets/Q59H18,Q59H18,Phosphoprotein,http://www.uniprot.org/keywords/KW-0597
https://pharos.nih.gov/idg/targets/Q59H18,Q59H18,3D-structure,http://www.uniprot.org/keywords/KW-0002
https://pharos.nih.gov/idg/targets/Q59H18,Q59H18,Transferase,http://www.uniprot.org/keywords/KW-0808
https://pharos.nih.gov/idg/targets/Q59H18,Q59H18,ATP-binding,http://www.uniprot.org/keywords/KW-0067
https://pharos.nih.gov/idg/targets/Q59H18,Q59H18,"Coiled coil",http://www.uniprot.org/keywords/KW-0175
https://pharos.nih.gov/idg/targets/Q59H18,Q59H18,Nucleotide-binding,http://www.uniprot.org/keywords/KW-0547
https://pharos.nih.gov/idg/targets/Q59H18,Q59H18,"ANK repeat",http://www.uniprot.org/keywords/KW-0040
https://pharos.nih.gov/idg/targets/Q59H18,Q59H18,Magnesium,http://www.uniprot.org/keywords/KW-0460
https://pharos.nih.gov/idg/targets/Q59H18,Q59H18,Kinase,http://www.uniprot.org/keywords/KW-0418
https://pharos.nih.gov/idg/targets/Q59H18,Q59H18,"Serine-threonine-protein kinase",http://www.uniprot.org/keywords/KW-0723
https://pharos.nih.gov/idg/targets/Q59H18,Q59H18,Cardiomyopathy,http://www.uniprot.org/keywords/KW-0122
https://pharos.nih.gov/idg/targets/Q04771,Q04771,"Complete proteome",http://www.uniprot.org/keywords/KW-0181
https://pharos.nih.gov/idg/targets/Q04771,Q04771,Metal-binding,http://www.uniprot.org/keywords/KW-0479
https://pharos.nih.gov/idg/targets/Q04771,Q04771,Polymorphism,http://www.uniprot.org/keywords/KW-0621
https://pharos.nih.gov/idg/targets/Q04771,Q04771,"Reference proteome",http://www.uniprot.org/keywords/KW-1185
https://pharos.nih.gov/idg/targets/Q04771,Q04771,"Disease mutation",http://www.uniprot.org/keywords/KW-0225
https://pharos.nih.gov/idg/targets/Q04771,Q04771,Phosphoprotein,http://www.uniprot.org/keywords/KW-0597
https://pharos.nih.gov/idg/targets/Q04771,Q04771,Glycoprotein,http://www.uniprot.org/keywords/KW-0325
https://pharos.nih.gov/idg/targets/Q04771,Q04771,Membrane,http://www.uniprot.org/keywords/KW-0472
https://pharos.nih.gov/idg/targets/Q04771,Q04771,Receptor,http://www.uniprot.org/keywords/KW-0675
https://pharos.nih.gov/idg/targets/Q04771,Q04771,Transmembrane,http://www.uniprot.org/keywords/KW-0812
https://pharos.nih.gov/idg/targets/Q04771,Q04771,"Transmembrane helix",http://www.uniprot.org/keywords/KW-1133
https://pharos.nih.gov/idg/targets/Q04771,Q04771,3D-structure,http://www.uniprot.org/keywords/KW-0002
https://pharos.nih.gov/idg/targets/Q04771,Q04771,Transferase,http://www.uniprot.org/keywords/KW-0808
https://pharos.nih.gov/idg/targets/Q04771,Q04771,ATP-binding,http://www.uniprot.org/keywords/KW-0067
https://pharos.nih.gov/idg/targets/Q04771,Q04771,Nucleotide-binding,http://www.uniprot.org/keywords/KW-0547
https://pharos.nih.gov/idg/targets/Q04771,Q04771,Signal,http://www.uniprot.org/keywords/KW-0732
https://pharos.nih.gov/idg/targets/Q04771,Q04771,Magnesium,http://www.uniprot.org/keywords/KW-0460
https://pharos.nih.gov/idg/targets/Q04771,Q04771,Kinase,http://www.uniprot.org/keywords/KW-0418
https://pharos.nih.gov/idg/targets/Q04771,Q04771,Manganese,http://www.uniprot.org/keywords/KW-0464
https://pharos.nih.gov/idg/targets/Q04771,Q04771,"Serine-threonine-protein kinase",http://www.uniprot.org/keywords/KW-0723
https://pharos.nih.gov/idg/targets/P04049,P04049,"Complete proteome",http://www.uniprot.org/keywords/KW-0181
https://pharos.nih.gov/idg/targets/P04049,P04049,Metal-binding,http://www.uniprot.org/keywords/KW-0479
https://pharos.nih.gov/idg/targets/P04049,P04049,Nucleus,http://www.uniprot.org/keywords/KW-0539
https://pharos.nih.gov/idg/targets/P04049,P04049,Polymorphism,http://www.uniprot.org/keywords/KW-0621
https://pharos.nih.gov/idg/targets/P04049,P04049,"Reference proteome",http://www.uniprot.org/keywords/KW-1185
https://pharos.nih.gov/idg/targets/P04049,P04049,Zinc,http://www.uniprot.org/keywords/KW-0862
https://pharos.nih.gov/idg/targets/P04049,P04049,Zinc-finger,http://www.uniprot.org/keywords/KW-0863
https://pharos.nih.gov/idg/targets/P04049,P04049,"Alternative splicing",http://www.uniprot.org/keywords/KW-0025
https://pharos.nih.gov/idg/targets/P04049,P04049,Cytoplasm,http://www.uniprot.org/keywords/KW-0963
https://pharos.nih.gov/idg/targets/P04049,P04049,"Disease mutation",http://www.uniprot.org/keywords/KW-0225
https://pharos.nih.gov/idg/targets/P04049,P04049,Phosphoprotein,http://www.uniprot.org/keywords/KW-0597
https://pharos.nih.gov/idg/targets/P04049,P04049,"Cell membrane",http://www.uniprot.org/keywords/KW-1003
https://pharos.nih.gov/idg/targets/P04049,P04049,Membrane,http://www.uniprot.org/keywords/KW-0472
https://pharos.nih.gov/idg/targets/P04049,P04049,3D-structure,http://www.uniprot.org/keywords/KW-0002
https://pharos.nih.gov/idg/targets/P04049,P04049,Transferase,http://www.uniprot.org/keywords/KW-0808
https://pharos.nih.gov/idg/targets/P04049,P04049,ATP-binding,http://www.uniprot.org/keywords/KW-0067
https://pharos.nih.gov/idg/targets/P04049,P04049,Methylation,http://www.uniprot.org/keywords/KW-0488
https://pharos.nih.gov/idg/targets/P04049,P04049,Nucleotide-binding,http://www.uniprot.org/keywords/KW-0547
https://pharos.nih.gov/idg/targets/P04049,P04049,"Direct protein sequencing",http://www.uniprot.org/keywords/KW-0903
https://pharos.nih.gov/idg/targets/P04049,P04049,Mitochondrion,http://www.uniprot.org/keywords/KW-0496
https://pharos.nih.gov/idg/targets/P04049,P04049,Kinase,http://www.uniprot.org/keywords/KW-0418
https://pharos.nih.gov/idg/targets/P04049,P04049,Proto-oncogene,http://www.uniprot.org/keywords/KW-0656
https://pharos.nih.gov/idg/targets/P04049,P04049,"Serine-threonine-protein kinase",http://www.uniprot.org/keywords/KW-0723
https://pharos.nih.gov/idg/targets/P04049,P04049,Deafness,http://www.uniprot.org/keywords/KW-0209
https://pharos.nih.gov/idg/targets/P04049,P04049,Cardiomyopathy,http://www.uniprot.org/keywords/KW-0122
https://pharos.nih.gov/idg/targets/Q15569,Q15569,"Complete proteome",http://www.uniprot.org/keywords/KW-0181
https://pharos.nih.gov/idg/targets/Q15569,Q15569,Metal-binding,http://www.uniprot.org/keywords/KW-0479
https://pharos.nih.gov/idg/targets/Q15569,Q15569,Polymorphism,http://www.uniprot.org/keywords/KW-0621
https://pharos.nih.gov/idg/targets/Q15569,Q15569,"Reference proteome",http://www.uniprot.org/keywords/KW-1185
https://pharos.nih.gov/idg/targets/Q15569,Q15569,Phosphoprotein,http://www.uniprot.org/keywords/KW-0597
https://pharos.nih.gov/idg/targets/Q15569,Q15569,Transferase,http://www.uniprot.org/keywords/KW-0808
https://pharos.nih.gov/idg/targets/Q15569,Q15569,ATP-binding,http://www.uniprot.org/keywords/KW-0067
https://pharos.nih.gov/idg/targets/Q15569,Q15569,Methylation,http://www.uniprot.org/keywords/KW-0488
https://pharos.nih.gov/idg/targets/Q15569,Q15569,Nucleotide-binding,http://www.uniprot.org/keywords/KW-0547
https://pharos.nih.gov/idg/targets/Q15569,Q15569,Magnesium,http://www.uniprot.org/keywords/KW-0460
https://pharos.nih.gov/idg/targets/Q15569,Q15569,Kinase,http://www.uniprot.org/keywords/KW-0418
https://pharos.nih.gov/idg/targets/Q15569,Q15569,"Tyrosine-protein kinase",http://www.uniprot.org/keywords/KW-0829
https://pharos.nih.gov/idg/targets/Q15569,Q15569,Manganese,http://www.uniprot.org/keywords/KW-0464
https://pharos.nih.gov/idg/targets/Q15569,Q15569,"Serine-threonine-protein kinase",http://www.uniprot.org/keywords/KW-0723
https://pharos.nih.gov/idg/targets/Q96S53,Q96S53,"Complete proteome",http://www.uniprot.org/keywords/KW-0181
https://pharos.nih.gov/idg/targets/Q96S53,Q96S53,Metal-binding,http://www.uniprot.org/keywords/KW-0479
https://pharos.nih.gov/idg/targets/Q96S53,Q96S53,Nucleus,http://www.uniprot.org/keywords/KW-0539
https://pharos.nih.gov/idg/targets/Q96S53,Q96S53,Polymorphism,http://www.uniprot.org/keywords/KW-0621
https://pharos.nih.gov/idg/targets/Q96S53,Q96S53,"Reference proteome",http://www.uniprot.org/keywords/KW-1185
https://pharos.nih.gov/idg/targets/Q96S53,Q96S53,"Alternative splicing",http://www.uniprot.org/keywords/KW-0025
https://pharos.nih.gov/idg/targets/Q96S53,Q96S53,Phosphoprotein,http://www.uniprot.org/keywords/KW-0597
https://pharos.nih.gov/idg/targets/Q96S53,Q96S53,Transferase,http://www.uniprot.org/keywords/KW-0808
https://pharos.nih.gov/idg/targets/Q96S53,Q96S53,ATP-binding,http://www.uniprot.org/keywords/KW-0067
https://pharos.nih.gov/idg/targets/Q96S53,Q96S53,Nucleotide-binding,http://www.uniprot.org/keywords/KW-0547
https://pharos.nih.gov/idg/targets/Q96S53,Q96S53,Magnesium,http://www.uniprot.org/keywords/KW-0460
https://pharos.nih.gov/idg/targets/Q96S53,Q96S53,Kinase,http://www.uniprot.org/keywords/KW-0418
https://pharos.nih.gov/idg/targets/Q96S53,Q96S53,"Tyrosine-protein kinase",http://www.uniprot.org/keywords/KW-0829
https://pharos.nih.gov/idg/targets/Q96S53,Q96S53,Manganese,http://www.uniprot.org/keywords/KW-0464
https://pharos.nih.gov/idg/targets/Q96S53,Q96S53,"Serine-threonine-protein kinase",http://www.uniprot.org/keywords/KW-0723
https://pharos.nih.gov/idg/targets/Q38SD2,Q38SD2,"Complete proteome",http://www.uniprot.org/keywords/KW-0181
https://pharos.nih.gov/idg/targets/Q38SD2,Q38SD2,Metal-binding,http://www.uniprot.org/keywords/KW-0479
https://pharos.nih.gov/idg/targets/Q38SD2,Q38SD2,Polymorphism,http://www.uniprot.org/keywords/KW-0621
https://pharos.nih.gov/idg/targets/Q38SD2,Q38SD2,"Reference proteome",http://www.uniprot.org/keywords/KW-1185
https://pharos.nih.gov/idg/targets/Q38SD2,Q38SD2,Repeat,http://www.uniprot.org/keywords/KW-0677
https://pharos.nih.gov/idg/targets/Q38SD2,Q38SD2,"Alternative splicing",http://www.uniprot.org/keywords/KW-0025
https://pharos.nih.gov/idg/targets/Q38SD2,Q38SD2,Cytoplasm,http://www.uniprot.org/keywords/KW-0963
https://pharos.nih.gov/idg/targets/Q38SD2,Q38SD2,"Leucine-rich repeat",http://www.uniprot.org/keywords/KW-0433
https://pharos.nih.gov/idg/targets/Q38SD2,Q38SD2,Transferase,http://www.uniprot.org/keywords/KW-0808
https://pharos.nih.gov/idg/targets/Q38SD2,Q38SD2,ATP-binding,http://www.uniprot.org/keywords/KW-0067
https://pharos.nih.gov/idg/targets/Q38SD2,Q38SD2,Nucleotide-binding,http://www.uniprot.org/keywords/KW-0547
https://pharos.nih.gov/idg/targets/Q38SD2,Q38SD2,"ANK repeat",http://www.uniprot.org/keywords/KW-0040
https://pharos.nih.gov/idg/targets/Q38SD2,Q38SD2,Magnesium,http://www.uniprot.org/keywords/KW-0460
https://pharos.nih.gov/idg/targets/Q38SD2,Q38SD2,Kinase,http://www.uniprot.org/keywords/KW-0418
https://pharos.nih.gov/idg/targets/Q38SD2,Q38SD2,Manganese,http://www.uniprot.org/keywords/KW-0464
https://pharos.nih.gov/idg/targets/Q38SD2,Q38SD2,"Serine-threonine-protein kinase",http://www.uniprot.org/keywords/KW-0723
https://pharos.nih.gov/idg/targets/Q38SD2,Q38SD2,GTP-binding,http://www.uniprot.org/keywords/KW-0342
https://pharos.nih.gov/idg/targets/Q02779,Q02779,"Complete proteome",http://www.uniprot.org/keywords/KW-0181
https://pharos.nih.gov/idg/targets/Q02779,Q02779,Polymorphism,http://www.uniprot.org/keywords/KW-0621
https://pharos.nih.gov/idg/targets/Q02779,Q02779,"Reference proteome",http://www.uniprot.org/keywords/KW-1185
https://pharos.nih.gov/idg/targets/Q02779,Q02779,Repeat,http://www.uniprot.org/keywords/KW-0677
https://pharos.nih.gov/idg/targets/Q02779,Q02779,Phosphoprotein,http://www.uniprot.org/keywords/KW-0597
https://pharos.nih.gov/idg/targets/Q02779,Q02779,3D-structure,http://www.uniprot.org/keywords/KW-0002
https://pharos.nih.gov/idg/targets/Q02779,Q02779,Transferase,http://www.uniprot.org/keywords/KW-0808
https://pharos.nih.gov/idg/targets/Q02779,Q02779,ATP-binding,http://www.uniprot.org/keywords/KW-0067
https://pharos.nih.gov/idg/targets/Q02779,Q02779,Methylation,http://www.uniprot.org/keywords/KW-0488
https://pharos.nih.gov/idg/targets/Q02779,Q02779,Nucleotide-binding,http://www.uniprot.org/keywords/KW-0547
https://pharos.nih.gov/idg/targets/Q02779,Q02779,Kinase,http://www.uniprot.org/keywords/KW-0418
https://pharos.nih.gov/idg/targets/Q02779,Q02779,"SH3 domain",http://www.uniprot.org/keywords/KW-0728
https://pharos.nih.gov/idg/targets/Q02779,Q02779,"Serine-threonine-protein kinase",http://www.uniprot.org/keywords/KW-0723
