"URL","Uniprot ID","Source","Tissue","NumericValue","QualitativeValue","Confidence","Evidence"
https://pharos.nih.gov/idg/targets/P41594,P41594,Consensus,"Liver and Pancreas",0.0,High,0.0,,
https://pharos.nih.gov/idg/targets/P41594,P41594,Consensus,"Urinary Tract",0.0,High,0.0,,
https://pharos.nih.gov/idg/targets/P41594,P41594,Consensus,"Endocrine System",0.0,High,0.0,,
https://pharos.nih.gov/idg/targets/P41594,P41594,Consensus,"Respiratory system",0.0,High,0.0,,
https://pharos.nih.gov/idg/targets/P41594,P41594,Consensus,"Female tissues",0.0,High,0.0,,
https://pharos.nih.gov/idg/targets/P41594,P41594,Consensus,"Skin and soft tissues",0.0,High,0.0,,
https://pharos.nih.gov/idg/targets/P41594,P41594,Consensus,"Nervous System",0.0,High,0.0,,
https://pharos.nih.gov/idg/targets/P41594,P41594,GTEx,Testis,0.410102,High,0.0,,
https://pharos.nih.gov/idg/targets/P41594,P41594,GTEx,"Brain - Frontal Cortex (BA9)",0.407731,High,0.0,,
https://pharos.nih.gov/idg/targets/P41594,P41594,GTEx,"Brain - Nucleus accumbens (basal ganglia)",0.287578,High,0.0,,
https://pharos.nih.gov/idg/targets/P41594,P41594,GTEx,"Brain - Cortex",0.265996,High,0.0,,
https://pharos.nih.gov/idg/targets/P41594,P41594,GTEx,"Brain - Anterior cingulate cortex (BA24)",0.115278,High,0.0,,
https://pharos.nih.gov/idg/targets/P41594,P41594,GTEx,"Brain - Hypothalamus",0.079362,High,0.0,,
https://pharos.nih.gov/idg/targets/P41594,P41594,GTEx,"Brain - Caudate (basal ganglia)",0.011147,High,0.0,,
https://pharos.nih.gov/idg/targets/P41594,P41594,GTEx,"Brain - Amygdala",-0.105241,High,0.0,,
https://pharos.nih.gov/idg/targets/P41594,P41594,GTEx,"Brain - Hippocampus",-0.120331,High,0.0,,
https://pharos.nih.gov/idg/targets/P41594,P41594,GTEx,"Brain - Putamen (basal ganglia)",-0.266963,High,0.0,,
https://pharos.nih.gov/idg/targets/P41594,P41594,GTEx,"Brain - Cerebellum",-0.280006,High,0.0,,
https://pharos.nih.gov/idg/targets/P41594,P41594,GTEx,"Brain - Substantia nigra",-0.360215,High,0.0,,
https://pharos.nih.gov/idg/targets/P41594,P41594,GTEx,"Artery - Aorta",-0.504872,High,0.0,,
https://pharos.nih.gov/idg/targets/P41594,P41594,GTEx,"Brain - Spinal cord (cervical c-1)",-0.526075,Medium,0.0,,
https://pharos.nih.gov/idg/targets/P41594,P41594,GTEx,"Brain - Cerebellar Hemisphere",-0.619427,Medium,0.0,,
https://pharos.nih.gov/idg/targets/P41594,P41594,GTEx,Pituitary,-0.695833,Medium,0.0,,
https://pharos.nih.gov/idg/targets/P41594,P41594,GTEx,"Artery - Coronary",-0.956245,Medium,0.0,,
https://pharos.nih.gov/idg/targets/P41594,P41594,GTEx,"Artery - Tibial",-1.215418,Medium,0.0,,
https://pharos.nih.gov/idg/targets/P41594,P41594,GTEx,"Cells - EBV-transformed lymphocytes",-1.323032,Medium,0.0,,
https://pharos.nih.gov/idg/targets/P41594,P41594,GTEx,"Cells - Transformed fibroblasts",-1.527756,Medium,0.0,,
https://pharos.nih.gov/idg/targets/P41594,P41594,GTEx,"Nerve - Tibial",-1.573082,Medium,0.0,,
https://pharos.nih.gov/idg/targets/P41594,P41594,GTEx,"Kidney - Cortex",-1.647046,Medium,0.0,,
https://pharos.nih.gov/idg/targets/P41594,P41594,GTEx,"Small Intestine - Terminal Ileum",-1.670806,Medium,0.0,,
https://pharos.nih.gov/idg/targets/P41594,P41594,GTEx,"Whole Blood",-1.692932,Medium,0.0,,
https://pharos.nih.gov/idg/targets/P41594,P41594,GTEx,Vagina,-1.703335,Medium,0.0,,
https://pharos.nih.gov/idg/targets/P41594,P41594,GTEx,"Heart - Atrial Appendage",-1.825649,Medium,0.0,,
https://pharos.nih.gov/idg/targets/P41594,P41594,GTEx,"Esophagus - Muscularis",-1.828274,Medium,0.0,,
https://pharos.nih.gov/idg/targets/P41594,P41594,GTEx,Pancreas,-1.850935,Medium,0.0,,
https://pharos.nih.gov/idg/targets/P41594,P41594,GTEx,Prostate,-1.892451,Medium,0.0,,
https://pharos.nih.gov/idg/targets/P41594,P41594,GTEx,"Esophagus - Gastroesophageal Junction",-1.898941,Medium,0.0,,
https://pharos.nih.gov/idg/targets/P41594,P41594,GTEx,"Breast - Mammary Tissue",-1.904831,Medium,0.0,,
https://pharos.nih.gov/idg/targets/P41594,P41594,GTEx,"Muscle - Skeletal",-1.906228,Medium,0.0,,
https://pharos.nih.gov/idg/targets/P41594,P41594,GTEx,Ovary,-1.924453,Medium,0.0,,
https://pharos.nih.gov/idg/targets/P41594,P41594,GTEx,"Adipose - Visceral (Omentum)",-1.937794,Medium,0.0,,
https://pharos.nih.gov/idg/targets/P41594,P41594,GTEx,"Skin - Sun Exposed (Lower leg)",-1.952725,Medium,0.0,,
https://pharos.nih.gov/idg/targets/P41594,P41594,GTEx,Lung,-1.996109,Medium,0.0,,
https://pharos.nih.gov/idg/targets/P41594,P41594,GTEx,"Esophagus - Mucosa",-2.00811,Medium,0.0,,
https://pharos.nih.gov/idg/targets/P41594,P41594,GTEx,"Adrenal Gland",-2.036684,Medium,0.0,,
https://pharos.nih.gov/idg/targets/P41594,P41594,GTEx,Liver,-2.046966,Medium,0.0,,
https://pharos.nih.gov/idg/targets/P41594,P41594,GTEx,Uterus,-2.047692,Medium,0.0,,
https://pharos.nih.gov/idg/targets/P41594,P41594,GTEx,"Adipose - Subcutaneous",-2.063889,Medium,0.0,,
https://pharos.nih.gov/idg/targets/P41594,P41594,GTEx,Stomach,-2.072117,Medium,0.0,,
https://pharos.nih.gov/idg/targets/P41594,P41594,GTEx,Thyroid,-2.134008,Medium,0.0,,
https://pharos.nih.gov/idg/targets/P41594,P41594,GTEx,"Heart - Left Ventricle",-2.251812,Medium,0.0,,
https://pharos.nih.gov/idg/targets/P41594,P41594,GTEx,"Colon - Sigmoid",-2.283162,Medium,0.0,,
https://pharos.nih.gov/idg/targets/P41594,P41594,GTEx,"Skin - Not Sun Exposed (Suprapubic)",-2.366633,Medium,0.0,,
https://pharos.nih.gov/idg/targets/P41594,P41594,GTEx,"Colon - Transverse",-2.528782,Medium,0.0,,
https://pharos.nih.gov/idg/targets/P41594,P41594,"HPM Protein","Fetal Brain",1.476403,High,0.0,,
https://pharos.nih.gov/idg/targets/P41594,P41594,"HPM Protein","Adult Frontal Cortex",1.349982,High,0.0,,
https://pharos.nih.gov/idg/targets/P41594,P41594,"HPM Protein","Adult Urinary Bladder",0.886834,High,0.0,,
https://pharos.nih.gov/idg/targets/P41594,P41594,"HPM Protein","Fetal Gut",0.62819,High,0.0,,
https://pharos.nih.gov/idg/targets/P41594,P41594,"HPM Protein","CD4 Cells",0.608121,High,0.0,,
https://pharos.nih.gov/idg/targets/P41594,P41594,"HPM Protein",Platelets,0.596,Medium,0.0,,
https://pharos.nih.gov/idg/targets/P41594,P41594,"HPM Protein","Adult Liver",0.509443,Medium,0.0,,
https://pharos.nih.gov/idg/targets/P41594,P41594,"HPM Protein","Adult Rectum",0.491922,Medium,0.0,,
https://pharos.nih.gov/idg/targets/P41594,P41594,"HPM Protein","Adult Colon",0.45551,Medium,0.0,,
https://pharos.nih.gov/idg/targets/P41594,P41594,"HPM Protein","Fetal Liver",0.441712,Medium,0.0,,
https://pharos.nih.gov/idg/targets/P41594,P41594,"HPM Protein","Adult Prostate",0.389375,Medium,0.0,,
https://pharos.nih.gov/idg/targets/P41594,P41594,"HPM Protein","B Cells",0.297003,Medium,0.0,,
https://pharos.nih.gov/idg/targets/P41594,P41594,"HPM Protein","Adult Gallbladder",0.277015,Medium,0.0,,
https://pharos.nih.gov/idg/targets/P41594,P41594,"HPM Protein","Fetal Ovary",0.25576,Medium,0.0,,
https://pharos.nih.gov/idg/targets/P41594,P41594,"HPM Protein","Adult Lung",0.208004,Medium,0.0,,
https://pharos.nih.gov/idg/targets/P41594,P41594,"HPM Protein","Adult Testis",0.163292,Low,0.0,,
https://pharos.nih.gov/idg/targets/P41594,P41594,"HPM Protein","Adult Pancreas",0.155063,Low,0.0,,
https://pharos.nih.gov/idg/targets/P41594,P41594,"HPM Protein","Adult Ovary",0.119272,Low,0.0,,
https://pharos.nih.gov/idg/targets/P41594,P41594,"HPM Protein","CD8 Cells",0.103614,Low,0.0,,
https://pharos.nih.gov/idg/targets/P41594,P41594,"HPM Protein","Adult Retina",0.087141,Low,0.0,,
https://pharos.nih.gov/idg/targets/P41594,P41594,"JensenLab Experiment HPM","Adrenal gland",0.0,null,0.5,,
https://pharos.nih.gov/idg/targets/P41594,P41594,"JensenLab Experiment HPM",Brain,0.0,null,1.0,,
https://pharos.nih.gov/idg/targets/P41594,P41594,"JensenLab Experiment HPM","Frontal lobe",0.0,null,1.5,,
https://pharos.nih.gov/idg/targets/P41594,P41594,"JensenLab Experiment HPM","Gall bladder",0.0,null,0.5,,
https://pharos.nih.gov/idg/targets/P41594,P41594,"JensenLab Experiment HPM",Liver,0.0,null,0.5,,
https://pharos.nih.gov/idg/targets/P41594,P41594,"JensenLab Experiment HPM",Lung,0.0,null,0.5,,
https://pharos.nih.gov/idg/targets/P41594,P41594,"JensenLab Experiment HPM","Natural killer cell",0.0,null,0.5,,
https://pharos.nih.gov/idg/targets/P41594,P41594,"JensenLab Experiment HPM",Ovary,0.0,null,0.5,,
https://pharos.nih.gov/idg/targets/P41594,P41594,"JensenLab Experiment HPM",Pancreas,0.0,null,0.5,,
https://pharos.nih.gov/idg/targets/P41594,P41594,"JensenLab Experiment HPM",Retina,0.0,null,0.6,,
https://pharos.nih.gov/idg/targets/P41594,P41594,"JensenLab Experiment HPM",Testis,0.0,null,0.5,,
https://pharos.nih.gov/idg/targets/P41594,P41594,"JensenLab Experiment HPM",BTO:0004410,0.0,null,0.5,,
https://pharos.nih.gov/idg/targets/P41594,P41594,"HPA RNA","cerebral cortex",0.0,High,0.0,,
https://pharos.nih.gov/idg/targets/P41594,P41594,"HPA RNA","fallopian tube",0.0,High,0.0,,
https://pharos.nih.gov/idg/targets/P41594,P41594,"HPA RNA",gallbladder,0.0,High,0.0,,
https://pharos.nih.gov/idg/targets/P41594,P41594,"HPA RNA",kidney,0.0,High,0.0,,
https://pharos.nih.gov/idg/targets/P41594,P41594,"HPA RNA",lung,0.0,High,0.0,,
https://pharos.nih.gov/idg/targets/P41594,P41594,"HPA RNA",skin,0.0,High,0.0,,
https://pharos.nih.gov/idg/targets/P41594,P41594,"HPA RNA",testis,0.0,High,0.0,,
https://pharos.nih.gov/idg/targets/Q14832,Q14832,Consensus,"Liver and Pancreas",0.0,Medium,0.0,,
https://pharos.nih.gov/idg/targets/Q14832,Q14832,Consensus,"Digestive Tract",0.0,Medium,0.0,,
https://pharos.nih.gov/idg/targets/Q14832,Q14832,Consensus,"Urinary Tract",0.0,Medium,0.0,,
https://pharos.nih.gov/idg/targets/Q14832,Q14832,Consensus,"Endocrine System",0.0,High,0.0,,
https://pharos.nih.gov/idg/targets/Q14832,Q14832,Consensus,"Blood and immune system",0.0,High,0.0,,
https://pharos.nih.gov/idg/targets/Q14832,Q14832,Consensus,"Respiratory system",0.0,Medium,0.0,,
https://pharos.nih.gov/idg/targets/Q14832,Q14832,Consensus,"Female tissues",0.0,Medium,0.0,,
https://pharos.nih.gov/idg/targets/Q14832,Q14832,Consensus,"Male tissues",0.0,Medium,0.0,,
https://pharos.nih.gov/idg/targets/Q14832,Q14832,Consensus,"Skin and soft tissues",0.0,High,0.0,,
https://pharos.nih.gov/idg/targets/Q14832,Q14832,Consensus,"Nervous System",0.0,High,0.0,,
https://pharos.nih.gov/idg/targets/Q14832,Q14832,GTEx,"Brain - Caudate (basal ganglia)",1.689309,High,0.0,,
https://pharos.nih.gov/idg/targets/Q14832,Q14832,GTEx,"Brain - Putamen (basal ganglia)",1.644242,High,0.0,,
https://pharos.nih.gov/idg/targets/Q14832,Q14832,GTEx,"Brain - Nucleus accumbens (basal ganglia)",1.609754,High,0.0,,
https://pharos.nih.gov/idg/targets/Q14832,Q14832,GTEx,"Brain - Spinal cord (cervical c-1)",1.579155,High,0.0,,
https://pharos.nih.gov/idg/targets/Q14832,Q14832,GTEx,"Brain - Frontal Cortex (BA9)",1.548512,High,0.0,,
https://pharos.nih.gov/idg/targets/Q14832,Q14832,GTEx,"Brain - Cortex",1.515476,High,0.0,,
https://pharos.nih.gov/idg/targets/Q14832,Q14832,GTEx,"Brain - Anterior cingulate cortex (BA24)",1.452859,High,0.0,,
https://pharos.nih.gov/idg/targets/Q14832,Q14832,GTEx,"Brain - Hippocampus",1.409426,High,0.0,,
https://pharos.nih.gov/idg/targets/Q14832,Q14832,GTEx,"Brain - Amygdala",1.357935,High,0.0,,
https://pharos.nih.gov/idg/targets/Q14832,Q14832,GTEx,"Brain - Cerebellum",1.265525,High,0.0,,
https://pharos.nih.gov/idg/targets/Q14832,Q14832,GTEx,"Brain - Substantia nigra",1.20871,High,0.0,,
https://pharos.nih.gov/idg/targets/Q14832,Q14832,GTEx,"Brain - Cerebellar Hemisphere",1.11227,High,0.0,,
https://pharos.nih.gov/idg/targets/Q14832,Q14832,GTEx,"Brain - Hypothalamus",1.094122,High,0.0,,
https://pharos.nih.gov/idg/targets/Q14832,Q14832,GTEx,Testis,0.142859,Medium,0.0,,
https://pharos.nih.gov/idg/targets/Q14832,Q14832,GTEx,"Adrenal Gland",-0.19627,Medium,0.0,,
https://pharos.nih.gov/idg/targets/Q14832,Q14832,GTEx,Pituitary,-0.368455,Medium,0.0,,
https://pharos.nih.gov/idg/targets/Q14832,Q14832,GTEx,Spleen,-0.376761,Medium,0.0,,
https://pharos.nih.gov/idg/targets/Q14832,Q14832,GTEx,Prostate,-0.83224,Medium,0.0,,
https://pharos.nih.gov/idg/targets/Q14832,Q14832,GTEx,"Adipose - Visceral (Omentum)",-0.856985,Medium,0.0,,
https://pharos.nih.gov/idg/targets/Q14832,Q14832,GTEx,Thyroid,-0.873382,Medium,0.0,,
https://pharos.nih.gov/idg/targets/Q14832,Q14832,GTEx,Lung,-0.886725,Medium,0.0,,
https://pharos.nih.gov/idg/targets/Q14832,Q14832,GTEx,"Adipose - Subcutaneous",-0.889747,Medium,0.0,,
https://pharos.nih.gov/idg/targets/Q14832,Q14832,GTEx,"Breast - Mammary Tissue",-0.903438,Medium,0.0,,
https://pharos.nih.gov/idg/targets/Q14832,Q14832,GTEx,"Heart - Atrial Appendage",-0.912751,Medium,0.0,,
https://pharos.nih.gov/idg/targets/Q14832,Q14832,GTEx,Uterus,-0.939869,Medium,0.0,,
https://pharos.nih.gov/idg/targets/Q14832,Q14832,GTEx,"Small Intestine - Terminal Ileum",-1.017774,Medium,0.0,,
https://pharos.nih.gov/idg/targets/Q14832,Q14832,GTEx,"Skin - Sun Exposed (Lower leg)",-1.048905,Medium,0.0,,
https://pharos.nih.gov/idg/targets/Q14832,Q14832,GTEx,"Esophagus - Muscularis",-1.055567,Medium,0.0,,
https://pharos.nih.gov/idg/targets/Q14832,Q14832,GTEx,"Esophagus - Gastroesophageal Junction",-1.055863,Medium,0.0,,
https://pharos.nih.gov/idg/targets/Q14832,Q14832,GTEx,"Minor Salivary Gland",-1.062758,Medium,0.0,,
https://pharos.nih.gov/idg/targets/Q14832,Q14832,GTEx,"Artery - Coronary",-1.11413,Medium,0.0,,
https://pharos.nih.gov/idg/targets/Q14832,Q14832,GTEx,"Colon - Sigmoid",-1.139243,Medium,0.0,,
https://pharos.nih.gov/idg/targets/Q14832,Q14832,GTEx,"Artery - Tibial",-1.202525,Medium,0.0,,
https://pharos.nih.gov/idg/targets/Q14832,Q14832,GTEx,"Artery - Aorta",-1.207048,Medium,0.0,,
https://pharos.nih.gov/idg/targets/Q14832,Q14832,GTEx,"Nerve - Tibial",-1.214279,Medium,0.0,,
https://pharos.nih.gov/idg/targets/Q14832,Q14832,GTEx,"Colon - Transverse",-1.23448,Medium,0.0,,
https://pharos.nih.gov/idg/targets/Q14832,Q14832,GTEx,Ovary,-1.268492,Medium,0.0,,
https://pharos.nih.gov/idg/targets/Q14832,Q14832,GTEx,"Cells - EBV-transformed lymphocytes",-1.268895,Low,0.0,,
https://pharos.nih.gov/idg/targets/Q14832,Q14832,GTEx,"Skin - Not Sun Exposed (Suprapubic)",-1.274129,Low,0.0,,
https://pharos.nih.gov/idg/targets/Q14832,Q14832,GTEx,Vagina,-1.279097,Low,0.0,,
https://pharos.nih.gov/idg/targets/Q14832,Q14832,GTEx,Stomach,-1.369267,Low,0.0,,
https://pharos.nih.gov/idg/targets/Q14832,Q14832,GTEx,"Heart - Left Ventricle",-1.484988,Low,0.0,,
https://pharos.nih.gov/idg/targets/Q14832,Q14832,GTEx,"Muscle - Skeletal",-1.519634,Low,0.0,,
https://pharos.nih.gov/idg/targets/Q14832,Q14832,GTEx,"Esophagus - Mucosa",-1.610391,Low,0.0,,
https://pharos.nih.gov/idg/targets/Q14832,Q14832,GTEx,Pancreas,-1.792635,Low,0.0,,
https://pharos.nih.gov/idg/targets/Q14832,Q14832,GTEx,Liver,-1.800245,Low,0.0,,
https://pharos.nih.gov/idg/targets/Q14832,Q14832,GTEx,"Whole Blood",-1.941384,Low,0.0,,
https://pharos.nih.gov/idg/targets/Q14832,Q14832,GTEx,"Cells - Transformed fibroblasts",-2.06108,Low,0.0,,
https://pharos.nih.gov/idg/targets/Q14832,Q14832,GTEx,"Kidney - Cortex",-2.333529,Low,0.0,,
https://pharos.nih.gov/idg/targets/Q14832,Q14832,"HPM Protein","Fetal Brain",1.637004,High,0.0,,
https://pharos.nih.gov/idg/targets/Q14832,Q14832,"HPM Protein","Adult Frontal Cortex",1.368131,High,0.0,,
https://pharos.nih.gov/idg/targets/Q14832,Q14832,"HPM Protein","NK Cells",0.547885,High,0.0,,
https://pharos.nih.gov/idg/targets/Q14832,Q14832,"HPM Protein","Fetal Ovary",0.512729,High,0.0,,
https://pharos.nih.gov/idg/targets/Q14832,Q14832,"HPM Protein","B Cells",0.496316,High,0.0,,
https://pharos.nih.gov/idg/targets/Q14832,Q14832,"HPM Protein","Adult Ovary",0.475408,High,0.0,,
https://pharos.nih.gov/idg/targets/Q14832,Q14832,"HPM Protein","Adult Adrenal",0.444879,Medium,0.0,,
https://pharos.nih.gov/idg/targets/Q14832,Q14832,"HPM Protein","Adult Spinal Cord",0.413092,Medium,0.0,,
https://pharos.nih.gov/idg/targets/Q14832,Q14832,"HPM Protein","Adult Urinary Bladder",0.395108,Medium,0.0,,
https://pharos.nih.gov/idg/targets/Q14832,Q14832,"HPM Protein","CD8 Cells",0.394078,Medium,0.0,,
https://pharos.nih.gov/idg/targets/Q14832,Q14832,"HPM Protein",Monocytes,0.385723,Medium,0.0,,
https://pharos.nih.gov/idg/targets/Q14832,Q14832,"HPM Protein","Adult Rectum",0.359745,Medium,0.0,,
https://pharos.nih.gov/idg/targets/Q14832,Q14832,"HPM Protein","Adult Testis",0.328676,Medium,0.0,,
https://pharos.nih.gov/idg/targets/Q14832,Q14832,"HPM Protein","Adult Colon",0.318915,Medium,0.0,,
https://pharos.nih.gov/idg/targets/Q14832,Q14832,"HPM Protein","Adult Kidney",0.277256,Medium,0.0,,
https://pharos.nih.gov/idg/targets/Q14832,Q14832,"HPM Protein","Adult Prostate",0.273568,Medium,0.0,,
https://pharos.nih.gov/idg/targets/Q14832,Q14832,"HPM Protein","CD4 Cells",0.212668,Medium,0.0,,
https://pharos.nih.gov/idg/targets/Q14832,Q14832,"HPM Protein","Adult Lung",0.208004,Medium,0.0,,
https://pharos.nih.gov/idg/targets/Q14832,Q14832,"HPM Protein","Adult Heart",0.175679,Medium,0.0,,
https://pharos.nih.gov/idg/targets/Q14832,Q14832,"HPM Protein","Adult Retina",0.165354,Low,0.0,,
https://pharos.nih.gov/idg/targets/Q14832,Q14832,"HPM Protein","Adult Pancreas",0.155063,Low,0.0,,
https://pharos.nih.gov/idg/targets/Q14832,Q14832,"HPM Protein","Fetal Heart",0.14644,Low,0.0,,
https://pharos.nih.gov/idg/targets/Q14832,Q14832,"HPM Protein","Adult Gallbladder",0.115474,Low,0.0,,
https://pharos.nih.gov/idg/targets/Q14832,Q14832,"HPM Protein","Adult Liver",0.104938,Low,0.0,,
https://pharos.nih.gov/idg/targets/Q14832,Q14832,"HPM Protein","Fetal Liver",0.057759,Low,0.0,,
https://pharos.nih.gov/idg/targets/Q14832,Q14832,"JensenLab Experiment HPM",Brain,0.0,null,1.1,,
https://pharos.nih.gov/idg/targets/Q14832,Q14832,"JensenLab Experiment HPM","Frontal lobe",0.0,null,1.0,,
https://pharos.nih.gov/idg/targets/Q14832,Q14832,"JensenLab Experiment HPM","Gall bladder",0.0,null,0.5,,
https://pharos.nih.gov/idg/targets/Q14832,Q14832,"JensenLab Experiment HPM",Heart,0.0,null,0.5,,
https://pharos.nih.gov/idg/targets/Q14832,Q14832,"JensenLab Experiment HPM",Kidney,0.0,null,0.5,,
https://pharos.nih.gov/idg/targets/Q14832,Q14832,"JensenLab Experiment HPM",Liver,0.0,null,0.6,,
https://pharos.nih.gov/idg/targets/Q14832,Q14832,"JensenLab Experiment HPM","Natural killer cell",0.0,null,0.5,,
https://pharos.nih.gov/idg/targets/Q14832,Q14832,"JensenLab Experiment HPM",Esophagus,0.0,null,0.5,,
https://pharos.nih.gov/idg/targets/Q14832,Q14832,"JensenLab Experiment HPM",Ovary,0.0,null,0.5,,
https://pharos.nih.gov/idg/targets/Q14832,Q14832,"JensenLab Experiment HPM","Prostate gland",0.0,null,0.5,,
https://pharos.nih.gov/idg/targets/Q14832,Q14832,"JensenLab Experiment HPM",Retina,0.0,null,0.5,,
https://pharos.nih.gov/idg/targets/Q14832,Q14832,"JensenLab Experiment HPM","Spinal cord",0.0,null,0.6,,
https://pharos.nih.gov/idg/targets/Q14832,Q14832,"JensenLab Experiment HPM",Testis,0.0,null,0.5,,
https://pharos.nih.gov/idg/targets/Q14832,Q14832,"JensenLab Experiment HPM","Urinary bladder",0.0,null,0.5,,
https://pharos.nih.gov/idg/targets/Q14832,Q14832,"HPA RNA","adrenal gland",0.0,High,0.0,,
https://pharos.nih.gov/idg/targets/Q14832,Q14832,"HPA RNA","cerebral cortex",0.0,High,0.0,,
https://pharos.nih.gov/idg/targets/Q14832,Q14832,"HPA RNA","cervix, uterine",0.0,Medium,0.0,,
https://pharos.nih.gov/idg/targets/Q14832,Q14832,"HPA RNA",duodenum,0.0,Medium,0.0,,
https://pharos.nih.gov/idg/targets/Q14832,Q14832,"HPA RNA",endometrium,0.0,High,0.0,,
https://pharos.nih.gov/idg/targets/Q14832,Q14832,"HPA RNA",gallbladder,0.0,Medium,0.0,,
https://pharos.nih.gov/idg/targets/Q14832,Q14832,"HPA RNA",kidney,0.0,Medium,0.0,,
https://pharos.nih.gov/idg/targets/Q14832,Q14832,"HPA RNA",lung,0.0,Medium,0.0,,
https://pharos.nih.gov/idg/targets/Q14832,Q14832,"HPA RNA",prostate,0.0,High,0.0,,
https://pharos.nih.gov/idg/targets/Q14832,Q14832,"HPA RNA","seminal vesicle",0.0,Medium,0.0,,
https://pharos.nih.gov/idg/targets/Q14832,Q14832,"HPA RNA","skeletal muscle",0.0,High,0.0,,
https://pharos.nih.gov/idg/targets/Q14832,Q14832,"HPA RNA",spleen,0.0,High,0.0,,
https://pharos.nih.gov/idg/targets/Q14832,Q14832,"HPA RNA",stomach,0.0,Medium,0.0,,
https://pharos.nih.gov/idg/targets/Q14832,Q14832,"HPA RNA",testis,0.0,High,0.0,,
https://pharos.nih.gov/idg/targets/Q14832,Q14832,"HPA RNA","urinary bladder",0.0,High,0.0,,
https://pharos.nih.gov/idg/targets/Q14831,Q14831,Consensus,"Liver and Pancreas",0.0,Medium,0.0,,
https://pharos.nih.gov/idg/targets/Q14831,Q14831,Consensus,"Digestive Tract",0.0,Medium,0.0,,
https://pharos.nih.gov/idg/targets/Q14831,Q14831,Consensus,"Urinary Tract",0.0,Medium,0.0,,
https://pharos.nih.gov/idg/targets/Q14831,Q14831,Consensus,"Endocrine System",0.0,High,0.0,,
https://pharos.nih.gov/idg/targets/Q14831,Q14831,Consensus,"Blood and immune system",0.0,Medium,0.0,,
https://pharos.nih.gov/idg/targets/Q14831,Q14831,Consensus,"Respiratory system",0.0,Medium,0.0,,
https://pharos.nih.gov/idg/targets/Q14831,Q14831,Consensus,"Female tissues",0.0,Medium,0.0,,
https://pharos.nih.gov/idg/targets/Q14831,Q14831,Consensus,"Male tissues",0.0,High,0.0,,
https://pharos.nih.gov/idg/targets/Q14831,Q14831,Consensus,"Skin and soft tissues",0.0,Medium,0.0,,
https://pharos.nih.gov/idg/targets/Q14831,Q14831,Consensus,"Nervous System",0.0,High,0.0,,
https://pharos.nih.gov/idg/targets/Q14831,Q14831,GTEx,"Brain - Frontal Cortex (BA9)",0.700963,High,0.0,,
https://pharos.nih.gov/idg/targets/Q14831,Q14831,GTEx,"Brain - Hypothalamus",0.633973,High,0.0,,
https://pharos.nih.gov/idg/targets/Q14831,Q14831,GTEx,"Brain - Cortex",0.512351,High,0.0,,
https://pharos.nih.gov/idg/targets/Q14831,Q14831,GTEx,"Brain - Nucleus accumbens (basal ganglia)",0.477844,High,0.0,,
https://pharos.nih.gov/idg/targets/Q14831,Q14831,GTEx,"Brain - Anterior cingulate cortex (BA24)",0.432649,High,0.0,,
https://pharos.nih.gov/idg/targets/Q14831,Q14831,GTEx,"Brain - Hippocampus",0.418467,High,0.0,,
https://pharos.nih.gov/idg/targets/Q14831,Q14831,GTEx,"Brain - Amygdala",0.298416,High,0.0,,
https://pharos.nih.gov/idg/targets/Q14831,Q14831,GTEx,Testis,0.281942,High,0.0,,
https://pharos.nih.gov/idg/targets/Q14831,Q14831,GTEx,"Brain - Caudate (basal ganglia)",0.246006,High,0.0,,
https://pharos.nih.gov/idg/targets/Q14831,Q14831,GTEx,"Brain - Putamen (basal ganglia)",0.065206,High,0.0,,
https://pharos.nih.gov/idg/targets/Q14831,Q14831,GTEx,"Brain - Cerebellum",-0.016329,High,0.0,,
https://pharos.nih.gov/idg/targets/Q14831,Q14831,GTEx,"Brain - Substantia nigra",-0.185619,High,0.0,,
https://pharos.nih.gov/idg/targets/Q14831,Q14831,GTEx,"Artery - Aorta",-0.264162,High,0.0,,
https://pharos.nih.gov/idg/targets/Q14831,Q14831,GTEx,"Brain - Cerebellar Hemisphere",-0.312293,Medium,0.0,,
https://pharos.nih.gov/idg/targets/Q14831,Q14831,GTEx,"Brain - Spinal cord (cervical c-1)",-0.335405,Medium,0.0,,
https://pharos.nih.gov/idg/targets/Q14831,Q14831,GTEx,Vagina,-0.34911,Medium,0.0,,
https://pharos.nih.gov/idg/targets/Q14831,Q14831,GTEx,"Artery - Tibial",-0.460359,Medium,0.0,,
https://pharos.nih.gov/idg/targets/Q14831,Q14831,GTEx,"Adipose - Subcutaneous",-0.54607,Medium,0.0,,
https://pharos.nih.gov/idg/targets/Q14831,Q14831,GTEx,Uterus,-0.573733,Medium,0.0,,
https://pharos.nih.gov/idg/targets/Q14831,Q14831,GTEx,Prostate,-0.684975,Medium,0.0,,
https://pharos.nih.gov/idg/targets/Q14831,Q14831,GTEx,"Breast - Mammary Tissue",-0.78357,Medium,0.0,,
https://pharos.nih.gov/idg/targets/Q14831,Q14831,GTEx,"Artery - Coronary",-0.873869,Medium,0.0,,
https://pharos.nih.gov/idg/targets/Q14831,Q14831,GTEx,Thyroid,-0.88941,Medium,0.0,,
https://pharos.nih.gov/idg/targets/Q14831,Q14831,GTEx,"Esophagus - Gastroesophageal Junction",-0.908509,Medium,0.0,,
https://pharos.nih.gov/idg/targets/Q14831,Q14831,GTEx,"Adipose - Visceral (Omentum)",-0.94424,Medium,0.0,,
https://pharos.nih.gov/idg/targets/Q14831,Q14831,GTEx,Ovary,-0.977572,Medium,0.0,,
https://pharos.nih.gov/idg/targets/Q14831,Q14831,GTEx,"Nerve - Tibial",-1.165548,Medium,0.0,,
https://pharos.nih.gov/idg/targets/Q14831,Q14831,GTEx,"Small Intestine - Terminal Ileum",-1.177178,Medium,0.0,,
https://pharos.nih.gov/idg/targets/Q14831,Q14831,GTEx,Lung,-1.191519,Medium,0.0,,
https://pharos.nih.gov/idg/targets/Q14831,Q14831,GTEx,"Colon - Transverse",-1.193006,Medium,0.0,,
https://pharos.nih.gov/idg/targets/Q14831,Q14831,GTEx,"Adrenal Gland",-1.229369,Medium,0.0,,
https://pharos.nih.gov/idg/targets/Q14831,Q14831,GTEx,"Skin - Sun Exposed (Lower leg)",-1.309893,Medium,0.0,,
https://pharos.nih.gov/idg/targets/Q14831,Q14831,GTEx,Pituitary,-1.325368,Medium,0.0,,
https://pharos.nih.gov/idg/targets/Q14831,Q14831,GTEx,Stomach,-1.397181,Medium,0.0,,
https://pharos.nih.gov/idg/targets/Q14831,Q14831,GTEx,"Minor Salivary Gland",-1.399517,Medium,0.0,,
https://pharos.nih.gov/idg/targets/Q14831,Q14831,GTEx,"Skin - Not Sun Exposed (Suprapubic)",-1.405442,Medium,0.0,,
https://pharos.nih.gov/idg/targets/Q14831,Q14831,GTEx,"Colon - Sigmoid",-1.451979,Medium,0.0,,
https://pharos.nih.gov/idg/targets/Q14831,Q14831,GTEx,"Esophagus - Muscularis",-1.522445,Low,0.0,,
https://pharos.nih.gov/idg/targets/Q14831,Q14831,GTEx,"Cells - Transformed fibroblasts",-1.568154,Low,0.0,,
https://pharos.nih.gov/idg/targets/Q14831,Q14831,GTEx,Pancreas,-1.588044,Low,0.0,,
https://pharos.nih.gov/idg/targets/Q14831,Q14831,GTEx,"Kidney - Cortex",-1.621966,Low,0.0,,
https://pharos.nih.gov/idg/targets/Q14831,Q14831,GTEx,Liver,-1.643783,Low,0.0,,
https://pharos.nih.gov/idg/targets/Q14831,Q14831,GTEx,"Esophagus - Mucosa",-1.931258,Low,0.0,,
https://pharos.nih.gov/idg/targets/Q14831,Q14831,GTEx,Spleen,-1.973058,Low,0.0,,
https://pharos.nih.gov/idg/targets/Q14831,Q14831,GTEx,"Heart - Left Ventricle",-2.189431,Low,0.0,,
https://pharos.nih.gov/idg/targets/Q14831,Q14831,GTEx,"Cells - EBV-transformed lymphocytes",-2.251037,Low,0.0,,
https://pharos.nih.gov/idg/targets/Q14831,Q14831,GTEx,"Heart - Atrial Appendage",-2.403348,Low,0.0,,
https://pharos.nih.gov/idg/targets/Q14831,Q14831,GTEx,"Muscle - Skeletal",-2.749458,Low,0.0,,
https://pharos.nih.gov/idg/targets/Q14831,Q14831,"HPM Protein","Fetal Brain",0.855436,High,0.0,,
https://pharos.nih.gov/idg/targets/Q14831,Q14831,"HPM Protein","Adult Frontal Cortex",0.798534,High,0.0,,
https://pharos.nih.gov/idg/targets/Q14831,Q14831,"HPM Protein",Platelets,0.572778,Medium,0.0,,
https://pharos.nih.gov/idg/targets/Q14831,Q14831,"HPM Protein","Adult Retina",0.388171,Medium,0.0,,
https://pharos.nih.gov/idg/targets/Q14831,Q14831,"HPM Protein","Adult Liver",0.377991,Medium,0.0,,
https://pharos.nih.gov/idg/targets/Q14831,Q14831,"HPM Protein","Adult Kidney",0.375021,Low,0.0,,
https://pharos.nih.gov/idg/targets/Q14831,Q14831,"HPM Protein","Adult Heart",0.372716,Low,0.0,,
https://pharos.nih.gov/idg/targets/Q14831,Q14831,"JensenLab Experiment HPM","Blood platelet",0.0,null,0.5,,
https://pharos.nih.gov/idg/targets/Q14831,Q14831,"JensenLab Experiment HPM",Brain,0.0,null,0.6,,
https://pharos.nih.gov/idg/targets/Q14831,Q14831,"JensenLab Experiment HPM","Frontal lobe",0.0,null,0.6,,
https://pharos.nih.gov/idg/targets/Q14831,Q14831,"JensenLab Experiment HPM",Heart,0.0,null,0.5,,
https://pharos.nih.gov/idg/targets/Q14831,Q14831,"JensenLab Experiment HPM",Kidney,0.0,null,0.5,,
https://pharos.nih.gov/idg/targets/Q14831,Q14831,"JensenLab Experiment HPM",Liver,0.0,null,0.5,,
https://pharos.nih.gov/idg/targets/Q14831,Q14831,"JensenLab Experiment HPM",Placenta,0.0,null,0.6,,
https://pharos.nih.gov/idg/targets/Q14831,Q14831,"JensenLab Experiment HPM",Retina,0.0,null,0.5,,
https://pharos.nih.gov/idg/targets/Q14831,Q14831,"HPA RNA","adipose tissue",0.0,Medium,0.0,,
https://pharos.nih.gov/idg/targets/Q14831,Q14831,"HPA RNA","adrenal gland",0.0,High,0.0,,
https://pharos.nih.gov/idg/targets/Q14831,Q14831,"HPA RNA",breast,0.0,Medium,0.0,,
https://pharos.nih.gov/idg/targets/Q14831,Q14831,"HPA RNA","cerebral cortex",0.0,High,0.0,,
https://pharos.nih.gov/idg/targets/Q14831,Q14831,"HPA RNA","cervix, uterine",0.0,High,0.0,,
https://pharos.nih.gov/idg/targets/Q14831,Q14831,"HPA RNA",colon,0.0,Medium,0.0,,
https://pharos.nih.gov/idg/targets/Q14831,Q14831,"HPA RNA",duodenum,0.0,Medium,0.0,,
https://pharos.nih.gov/idg/targets/Q14831,Q14831,"HPA RNA",endometrium,0.0,High,0.0,,
https://pharos.nih.gov/idg/targets/Q14831,Q14831,"HPA RNA","fallopian tube",0.0,Medium,0.0,,
https://pharos.nih.gov/idg/targets/Q14831,Q14831,"HPA RNA",gallbladder,0.0,Medium,0.0,,
https://pharos.nih.gov/idg/targets/Q14831,Q14831,"HPA RNA",lung,0.0,Medium,0.0,,
https://pharos.nih.gov/idg/targets/Q14831,Q14831,"HPA RNA","parathyroid gland",0.0,High,0.0,,
https://pharos.nih.gov/idg/targets/Q14831,Q14831,"HPA RNA",placenta,0.0,Medium,0.0,,
https://pharos.nih.gov/idg/targets/Q14831,Q14831,"HPA RNA",prostate,0.0,High,0.0,,
https://pharos.nih.gov/idg/targets/Q14831,Q14831,"HPA RNA",rectum,0.0,Medium,0.0,,
https://pharos.nih.gov/idg/targets/Q14831,Q14831,"HPA RNA","salivary gland",0.0,Medium,0.0,,
https://pharos.nih.gov/idg/targets/Q14831,Q14831,"HPA RNA","seminal vesicle",0.0,High,0.0,,
https://pharos.nih.gov/idg/targets/Q14831,Q14831,"HPA RNA","smooth muscle",0.0,High,0.0,,
https://pharos.nih.gov/idg/targets/Q14831,Q14831,"HPA RNA",spleen,0.0,Medium,0.0,,
https://pharos.nih.gov/idg/targets/Q14831,Q14831,"HPA RNA",testis,0.0,High,0.0,,
https://pharos.nih.gov/idg/targets/Q14831,Q14831,"HPA RNA","urinary bladder",0.0,Medium,0.0,,
https://pharos.nih.gov/idg/targets/Q14833,Q14833,Consensus,"Liver and Pancreas",0.0,High,0.0,,
https://pharos.nih.gov/idg/targets/Q14833,Q14833,Consensus,"Digestive Tract",0.0,High,0.0,,
https://pharos.nih.gov/idg/targets/Q14833,Q14833,Consensus,"Endocrine System",0.0,High,0.0,,
https://pharos.nih.gov/idg/targets/Q14833,Q14833,Consensus,"Blood and immune system",0.0,High,0.0,,
https://pharos.nih.gov/idg/targets/Q14833,Q14833,Consensus,"Female tissues",0.0,High,0.0,,
https://pharos.nih.gov/idg/targets/Q14833,Q14833,Consensus,"Skin and soft tissues",0.0,High,0.0,,
https://pharos.nih.gov/idg/targets/Q14833,Q14833,Consensus,"Nervous System",0.0,Low,0.0,,
https://pharos.nih.gov/idg/targets/Q14833,Q14833,GTEx,"Brain - Cerebellar Hemisphere",2.660391,High,0.0,,
https://pharos.nih.gov/idg/targets/Q14833,Q14833,GTEx,"Brain - Cerebellum",2.643255,High,0.0,,
https://pharos.nih.gov/idg/targets/Q14833,Q14833,GTEx,"Brain - Nucleus accumbens (basal ganglia)",1.17158,High,0.0,,
https://pharos.nih.gov/idg/targets/Q14833,Q14833,GTEx,"Brain - Caudate (basal ganglia)",1.040602,High,0.0,,
https://pharos.nih.gov/idg/targets/Q14833,Q14833,GTEx,"Brain - Putamen (basal ganglia)",0.788381,High,0.0,,
https://pharos.nih.gov/idg/targets/Q14833,Q14833,GTEx,"Brain - Hypothalamus",0.472025,High,0.0,,
https://pharos.nih.gov/idg/targets/Q14833,Q14833,GTEx,"Brain - Frontal Cortex (BA9)",0.439491,High,0.0,,
https://pharos.nih.gov/idg/targets/Q14833,Q14833,GTEx,Testis,0.369309,High,0.0,,
https://pharos.nih.gov/idg/targets/Q14833,Q14833,GTEx,"Brain - Anterior cingulate cortex (BA24)",0.323252,High,0.0,,
https://pharos.nih.gov/idg/targets/Q14833,Q14833,GTEx,"Brain - Cortex",0.31471,High,0.0,,
https://pharos.nih.gov/idg/targets/Q14833,Q14833,GTEx,"Brain - Spinal cord (cervical c-1)",0.248831,High,0.0,,
https://pharos.nih.gov/idg/targets/Q14833,Q14833,GTEx,"Brain - Amygdala",0.016407,High,0.0,,
https://pharos.nih.gov/idg/targets/Q14833,Q14833,GTEx,"Brain - Hippocampus",-0.089402,High,0.0,,
https://pharos.nih.gov/idg/targets/Q14833,Q14833,GTEx,Pituitary,-0.198528,Medium,0.0,,
https://pharos.nih.gov/idg/targets/Q14833,Q14833,GTEx,"Brain - Substantia nigra",-0.244125,Medium,0.0,,
https://pharos.nih.gov/idg/targets/Q14833,Q14833,GTEx,Uterus,-0.396585,Medium,0.0,,
https://pharos.nih.gov/idg/targets/Q14833,Q14833,GTEx,Pancreas,-0.504733,Medium,0.0,,
https://pharos.nih.gov/idg/targets/Q14833,Q14833,GTEx,Vagina,-0.676748,Medium,0.0,,
https://pharos.nih.gov/idg/targets/Q14833,Q14833,GTEx,Stomach,-0.714893,Medium,0.0,,
https://pharos.nih.gov/idg/targets/Q14833,Q14833,GTEx,Prostate,-0.757583,Medium,0.0,,
https://pharos.nih.gov/idg/targets/Q14833,Q14833,GTEx,Ovary,-0.775726,Medium,0.0,,
https://pharos.nih.gov/idg/targets/Q14833,Q14833,GTEx,"Minor Salivary Gland",-0.778586,Medium,0.0,,
https://pharos.nih.gov/idg/targets/Q14833,Q14833,GTEx,"Colon - Transverse",-0.896744,Medium,0.0,,
https://pharos.nih.gov/idg/targets/Q14833,Q14833,GTEx,"Small Intestine - Terminal Ileum",-0.967784,Medium,0.0,,
https://pharos.nih.gov/idg/targets/Q14833,Q14833,GTEx,Thyroid,-1.039815,Medium,0.0,,
https://pharos.nih.gov/idg/targets/Q14833,Q14833,GTEx,"Colon - Sigmoid",-1.136915,Medium,0.0,,
https://pharos.nih.gov/idg/targets/Q14833,Q14833,GTEx,"Skin - Not Sun Exposed (Suprapubic)",-1.142758,Medium,0.0,,
https://pharos.nih.gov/idg/targets/Q14833,Q14833,GTEx,Lung,-1.155088,Medium,0.0,,
https://pharos.nih.gov/idg/targets/Q14833,Q14833,GTEx,"Breast - Mammary Tissue",-1.160271,Medium,0.0,,
https://pharos.nih.gov/idg/targets/Q14833,Q14833,GTEx,"Cells - Transformed fibroblasts",-1.191182,Medium,0.0,,
https://pharos.nih.gov/idg/targets/Q14833,Q14833,GTEx,"Nerve - Tibial",-1.203599,Medium,0.0,,
https://pharos.nih.gov/idg/targets/Q14833,Q14833,GTEx,"Cells - EBV-transformed lymphocytes",-1.252355,Medium,0.0,,
https://pharos.nih.gov/idg/targets/Q14833,Q14833,GTEx,"Skin - Sun Exposed (Lower leg)",-1.271809,Medium,0.0,,
https://pharos.nih.gov/idg/targets/Q14833,Q14833,GTEx,Spleen,-1.291112,Medium,0.0,,
https://pharos.nih.gov/idg/targets/Q14833,Q14833,GTEx,"Adipose - Subcutaneous",-1.309361,Medium,0.0,,
https://pharos.nih.gov/idg/targets/Q14833,Q14833,GTEx,"Esophagus - Gastroesophageal Junction",-1.319438,Medium,0.0,,
https://pharos.nih.gov/idg/targets/Q14833,Q14833,GTEx,"Adipose - Visceral (Omentum)",-1.338992,Medium,0.0,,
https://pharos.nih.gov/idg/targets/Q14833,Q14833,GTEx,"Esophagus - Muscularis",-1.427826,Low,0.0,,
https://pharos.nih.gov/idg/targets/Q14833,Q14833,GTEx,"Kidney - Cortex",-1.435748,Low,0.0,,
https://pharos.nih.gov/idg/targets/Q14833,Q14833,GTEx,"Artery - Tibial",-1.43741,Low,0.0,,
https://pharos.nih.gov/idg/targets/Q14833,Q14833,GTEx,"Whole Blood",-1.438243,Low,0.0,,
https://pharos.nih.gov/idg/targets/Q14833,Q14833,GTEx,"Esophagus - Mucosa",-1.445027,Low,0.0,,
https://pharos.nih.gov/idg/targets/Q14833,Q14833,GTEx,"Muscle - Skeletal",-1.450874,Low,0.0,,
https://pharos.nih.gov/idg/targets/Q14833,Q14833,GTEx,"Artery - Aorta",-1.461552,Low,0.0,,
https://pharos.nih.gov/idg/targets/Q14833,Q14833,GTEx,"Adrenal Gland",-1.485452,Low,0.0,,
https://pharos.nih.gov/idg/targets/Q14833,Q14833,GTEx,"Artery - Coronary",-1.681311,Low,0.0,,
https://pharos.nih.gov/idg/targets/Q14833,Q14833,GTEx,"Heart - Atrial Appendage",-1.695294,Low,0.0,,
https://pharos.nih.gov/idg/targets/Q14833,Q14833,GTEx,Liver,-1.759825,Low,0.0,,
https://pharos.nih.gov/idg/targets/Q14833,Q14833,GTEx,"Heart - Left Ventricle",-1.866301,Low,0.0,,
https://pharos.nih.gov/idg/targets/Q14833,Q14833,"HPM Protein","Adult Frontal Cortex",0.651965,High,0.0,,
https://pharos.nih.gov/idg/targets/Q14833,Q14833,"HPM Protein","Fetal Brain",0.40448,Medium,0.0,,
https://pharos.nih.gov/idg/targets/Q14833,Q14833,"HPM Protein","Adult Retina",0.087141,Medium,0.0,,
https://pharos.nih.gov/idg/targets/Q14833,Q14833,"HPM Protein","NK Cells",0.007621,Low,0.0,,
https://pharos.nih.gov/idg/targets/Q14833,Q14833,"JensenLab Experiment HPM",Brain,0.0,null,0.5,,
https://pharos.nih.gov/idg/targets/Q14833,Q14833,"JensenLab Experiment HPM","Frontal lobe",0.0,null,0.7,,
https://pharos.nih.gov/idg/targets/Q14833,Q14833,"JensenLab Experiment HPM",Retina,0.0,null,0.5,,
https://pharos.nih.gov/idg/targets/Q14833,Q14833,"HPA RNA","cerebral cortex",0.0,High,0.0,,
https://pharos.nih.gov/idg/targets/Q14833,Q14833,"HPA RNA","cervix, uterine",0.0,High,0.0,,
https://pharos.nih.gov/idg/targets/Q14833,Q14833,"HPA RNA",duodenum,0.0,High,0.0,,
https://pharos.nih.gov/idg/targets/Q14833,Q14833,"HPA RNA",endometrium,0.0,High,0.0,,
https://pharos.nih.gov/idg/targets/Q14833,Q14833,"HPA RNA","fallopian tube",0.0,High,0.0,,
https://pharos.nih.gov/idg/targets/Q14833,Q14833,"HPA RNA",pancreas,0.0,High,0.0,,
https://pharos.nih.gov/idg/targets/Q14833,Q14833,"HPA RNA",skin,0.0,High,0.0,,
https://pharos.nih.gov/idg/targets/Q14833,Q14833,"HPA RNA","small intestine",0.0,High,0.0,,
https://pharos.nih.gov/idg/targets/Q14833,Q14833,"HPA RNA","smooth muscle",0.0,High,0.0,,
https://pharos.nih.gov/idg/targets/Q14833,Q14833,"HPA RNA",testis,0.0,High,0.0,,
https://pharos.nih.gov/idg/targets/Q14833,Q14833,"HPA RNA",tonsil,0.0,High,0.0,,
https://pharos.nih.gov/idg/targets/O00222,O00222,Consensus,"Liver and Pancreas",0.0,High,0.0,,
https://pharos.nih.gov/idg/targets/O00222,O00222,Consensus,"Digestive Tract",0.0,Medium,0.0,,
https://pharos.nih.gov/idg/targets/O00222,O00222,Consensus,"Urinary Tract",0.0,Medium,0.0,,
https://pharos.nih.gov/idg/targets/O00222,O00222,Consensus,"Endocrine System",0.0,High,0.0,,
https://pharos.nih.gov/idg/targets/O00222,O00222,Consensus,"Blood and immune system",0.0,Medium,0.0,,
https://pharos.nih.gov/idg/targets/O00222,O00222,Consensus,"Respiratory system",0.0,Medium,0.0,,
https://pharos.nih.gov/idg/targets/O00222,O00222,Consensus,"Female tissues",0.0,Medium,0.0,,
https://pharos.nih.gov/idg/targets/O00222,O00222,Consensus,"Male tissues",0.0,Medium,0.0,,
https://pharos.nih.gov/idg/targets/O00222,O00222,Consensus,"Skin and soft tissues",0.0,Medium,0.0,,
https://pharos.nih.gov/idg/targets/O00222,O00222,Consensus,"Nervous System",0.0,High,0.0,,
https://pharos.nih.gov/idg/targets/O00222,O00222,Consensus,"Cardiovascular System",0.0,High,0.0,,
https://pharos.nih.gov/idg/targets/O00222,O00222,GTEx,Testis,0.562293,High,0.0,,
https://pharos.nih.gov/idg/targets/O00222,O00222,GTEx,"Brain - Frontal Cortex (BA9)",0.324899,High,0.0,,
https://pharos.nih.gov/idg/targets/O00222,O00222,GTEx,"Brain - Cortex",0.181844,High,0.0,,
https://pharos.nih.gov/idg/targets/O00222,O00222,GTEx,"Brain - Hypothalamus",0.138934,High,0.0,,
https://pharos.nih.gov/idg/targets/O00222,O00222,GTEx,"Brain - Anterior cingulate cortex (BA24)",0.126781,High,0.0,,
https://pharos.nih.gov/idg/targets/O00222,O00222,GTEx,"Brain - Caudate (basal ganglia)",0.118595,High,0.0,,
https://pharos.nih.gov/idg/targets/O00222,O00222,GTEx,Ovary,0.095169,High,0.0,,
https://pharos.nih.gov/idg/targets/O00222,O00222,GTEx,"Brain - Putamen (basal ganglia)",0.022428,High,0.0,,
https://pharos.nih.gov/idg/targets/O00222,O00222,GTEx,"Brain - Nucleus accumbens (basal ganglia)",-0.034258,High,0.0,,
https://pharos.nih.gov/idg/targets/O00222,O00222,GTEx,"Brain - Amygdala",-0.241921,High,0.0,,
https://pharos.nih.gov/idg/targets/O00222,O00222,GTEx,"Brain - Substantia nigra",-0.260982,High,0.0,,
https://pharos.nih.gov/idg/targets/O00222,O00222,GTEx,"Brain - Cerebellar Hemisphere",-0.261219,High,0.0,,
https://pharos.nih.gov/idg/targets/O00222,O00222,GTEx,"Brain - Cerebellum",-0.270916,High,0.0,,
https://pharos.nih.gov/idg/targets/O00222,O00222,GTEx,"Colon - Transverse",-0.286804,Medium,0.0,,
https://pharos.nih.gov/idg/targets/O00222,O00222,GTEx,"Brain - Hippocampus",-0.332174,Medium,0.0,,
https://pharos.nih.gov/idg/targets/O00222,O00222,GTEx,"Brain - Spinal cord (cervical c-1)",-0.456615,Medium,0.0,,
https://pharos.nih.gov/idg/targets/O00222,O00222,GTEx,"Cells - EBV-transformed lymphocytes",-0.466101,Medium,0.0,,
https://pharos.nih.gov/idg/targets/O00222,O00222,GTEx,Lung,-0.475604,Medium,0.0,,
https://pharos.nih.gov/idg/targets/O00222,O00222,GTEx,Liver,-0.535734,Medium,0.0,,
https://pharos.nih.gov/idg/targets/O00222,O00222,GTEx,Pituitary,-0.600067,Medium,0.0,,
https://pharos.nih.gov/idg/targets/O00222,O00222,GTEx,"Nerve - Tibial",-0.606249,Medium,0.0,,
https://pharos.nih.gov/idg/targets/O00222,O00222,GTEx,Thyroid,-0.690051,Medium,0.0,,
https://pharos.nih.gov/idg/targets/O00222,O00222,GTEx,Vagina,-1.033037,Medium,0.0,,
https://pharos.nih.gov/idg/targets/O00222,O00222,GTEx,"Heart - Left Ventricle",-1.064568,Medium,0.0,,
https://pharos.nih.gov/idg/targets/O00222,O00222,GTEx,Spleen,-1.158703,Medium,0.0,,
https://pharos.nih.gov/idg/targets/O00222,O00222,GTEx,Prostate,-1.184921,Medium,0.0,,
https://pharos.nih.gov/idg/targets/O00222,O00222,GTEx,"Kidney - Cortex",-1.254145,Medium,0.0,,
https://pharos.nih.gov/idg/targets/O00222,O00222,GTEx,Stomach,-1.32744,Medium,0.0,,
https://pharos.nih.gov/idg/targets/O00222,O00222,GTEx,Pancreas,-1.35803,Medium,0.0,,
https://pharos.nih.gov/idg/targets/O00222,O00222,GTEx,"Esophagus - Mucosa",-1.423601,Medium,0.0,,
https://pharos.nih.gov/idg/targets/O00222,O00222,GTEx,"Small Intestine - Terminal Ileum",-1.436875,Medium,0.0,,
https://pharos.nih.gov/idg/targets/O00222,O00222,GTEx,"Artery - Aorta",-1.44855,Medium,0.0,,
https://pharos.nih.gov/idg/targets/O00222,O00222,GTEx,"Heart - Atrial Appendage",-1.451611,Medium,0.0,,
https://pharos.nih.gov/idg/targets/O00222,O00222,GTEx,"Artery - Coronary",-1.50962,Medium,0.0,,
https://pharos.nih.gov/idg/targets/O00222,O00222,GTEx,"Colon - Sigmoid",-1.559248,Medium,0.0,,
https://pharos.nih.gov/idg/targets/O00222,O00222,GTEx,"Skin - Not Sun Exposed (Suprapubic)",-1.620332,Medium,0.0,,
https://pharos.nih.gov/idg/targets/O00222,O00222,GTEx,"Minor Salivary Gland",-1.631341,Medium,0.0,,
https://pharos.nih.gov/idg/targets/O00222,O00222,GTEx,"Artery - Tibial",-1.640354,Low,0.0,,
https://pharos.nih.gov/idg/targets/O00222,O00222,GTEx,"Esophagus - Gastroesophageal Junction",-1.688352,Low,0.0,,
https://pharos.nih.gov/idg/targets/O00222,O00222,GTEx,"Breast - Mammary Tissue",-1.758703,Low,0.0,,
https://pharos.nih.gov/idg/targets/O00222,O00222,GTEx,"Esophagus - Muscularis",-1.764472,Low,0.0,,
https://pharos.nih.gov/idg/targets/O00222,O00222,GTEx,"Adipose - Visceral (Omentum)",-1.842694,Low,0.0,,
https://pharos.nih.gov/idg/targets/O00222,O00222,GTEx,"Adrenal Gland",-1.850165,Low,0.0,,
https://pharos.nih.gov/idg/targets/O00222,O00222,GTEx,"Skin - Sun Exposed (Lower leg)",-1.890421,Low,0.0,,
https://pharos.nih.gov/idg/targets/O00222,O00222,GTEx,Uterus,-1.910625,Low,0.0,,
https://pharos.nih.gov/idg/targets/O00222,O00222,GTEx,"Adipose - Subcutaneous",-2.047159,Low,0.0,,
https://pharos.nih.gov/idg/targets/O00222,O00222,GTEx,"Cells - Transformed fibroblasts",-2.374482,Low,0.0,,
https://pharos.nih.gov/idg/targets/O00222,O00222,GTEx,"Muscle - Skeletal",-2.391741,Low,0.0,,
https://pharos.nih.gov/idg/targets/O00222,O00222,"HPM Protein","Adult Adrenal",0.62097,High,0.0,,
https://pharos.nih.gov/idg/targets/O00222,O00222,"HPM Protein","Adult Frontal Cortex",0.589579,High,0.0,,
https://pharos.nih.gov/idg/targets/O00222,O00222,"HPM Protein","Fetal Brain",0.2649,Medium,0.0,,
https://pharos.nih.gov/idg/targets/O00222,O00222,"HPM Protein","Adult Rectum",0.211911,Medium,0.0,,
https://pharos.nih.gov/idg/targets/O00222,O00222,"HPM Protein","Adult Testis",0.130344,Medium,0.0,,
https://pharos.nih.gov/idg/targets/O00222,O00222,"HPM Protein","Fetal Liver",0.096389,Medium,0.0,,
https://pharos.nih.gov/idg/targets/O00222,O00222,"HPM Protein","Adult Retina",0.087141,Low,0.0,,
https://pharos.nih.gov/idg/targets/O00222,O00222,"HPM Protein",Platelets,0.034983,Low,0.0,,
https://pharos.nih.gov/idg/targets/O00222,O00222,"JensenLab Experiment HPM","Adrenal gland",0.0,null,0.5,,
https://pharos.nih.gov/idg/targets/O00222,O00222,"JensenLab Experiment HPM","Blood platelet",0.0,null,0.5,,
https://pharos.nih.gov/idg/targets/O00222,O00222,"JensenLab Experiment HPM",Brain,0.0,null,0.5,,
https://pharos.nih.gov/idg/targets/O00222,O00222,"JensenLab Experiment HPM","Frontal lobe",0.0,null,0.5,,
https://pharos.nih.gov/idg/targets/O00222,O00222,"JensenLab Experiment HPM",Liver,0.0,null,1.0,,
https://pharos.nih.gov/idg/targets/O00222,O00222,"JensenLab Experiment HPM",Retina,0.0,null,0.5,,
https://pharos.nih.gov/idg/targets/O00222,O00222,"HPA RNA","adrenal gland",0.0,Medium,0.0,,
https://pharos.nih.gov/idg/targets/O00222,O00222,"HPA RNA",appendix,0.0,Medium,0.0,,
https://pharos.nih.gov/idg/targets/O00222,O00222,"HPA RNA","cerebral cortex",0.0,High,0.0,,
https://pharos.nih.gov/idg/targets/O00222,O00222,"HPA RNA",colon,0.0,High,0.0,,
https://pharos.nih.gov/idg/targets/O00222,O00222,"HPA RNA",duodenum,0.0,Medium,0.0,,
https://pharos.nih.gov/idg/targets/O00222,O00222,"HPA RNA",endometrium,0.0,Medium,0.0,,
https://pharos.nih.gov/idg/targets/O00222,O00222,"HPA RNA",epididymis,0.0,Medium,0.0,,
https://pharos.nih.gov/idg/targets/O00222,O00222,"HPA RNA","fallopian tube",0.0,Medium,0.0,,
https://pharos.nih.gov/idg/targets/O00222,O00222,"HPA RNA",gallbladder,0.0,High,0.0,,
https://pharos.nih.gov/idg/targets/O00222,O00222,"HPA RNA","heart muscle",0.0,High,0.0,,
https://pharos.nih.gov/idg/targets/O00222,O00222,"HPA RNA",kidney,0.0,High,0.0,,
https://pharos.nih.gov/idg/targets/O00222,O00222,"HPA RNA",liver,0.0,High,0.0,,
https://pharos.nih.gov/idg/targets/O00222,O00222,"HPA RNA",lung,0.0,Medium,0.0,,
https://pharos.nih.gov/idg/targets/O00222,O00222,"HPA RNA",ovary,0.0,High,0.0,,
https://pharos.nih.gov/idg/targets/O00222,O00222,"HPA RNA",pancreas,0.0,Medium,0.0,,
https://pharos.nih.gov/idg/targets/O00222,O00222,"HPA RNA",prostate,0.0,Medium,0.0,,
https://pharos.nih.gov/idg/targets/O00222,O00222,"HPA RNA",rectum,0.0,High,0.0,,
https://pharos.nih.gov/idg/targets/O00222,O00222,"HPA RNA","smooth muscle",0.0,Medium,0.0,,
https://pharos.nih.gov/idg/targets/O00222,O00222,"HPA RNA",stomach,0.0,Medium,0.0,,
https://pharos.nih.gov/idg/targets/O00222,O00222,"HPA RNA",testis,0.0,High,0.0,,
https://pharos.nih.gov/idg/targets/O00222,O00222,"HPA RNA","thyroid gland",0.0,High,0.0,,
https://pharos.nih.gov/idg/targets/O00222,O00222,"HPA RNA",tonsil,0.0,Medium,0.0,,
https://pharos.nih.gov/idg/targets/O00222,O00222,"HPA RNA","urinary bladder",0.0,Medium,0.0,,
https://pharos.nih.gov/idg/targets/Q5T6X5,Q5T6X5,Consensus,"Endocrine System",0.0,High,0.0,,
https://pharos.nih.gov/idg/targets/Q5T6X5,Q5T6X5,Consensus,"Digestive Tract",0.0,High,0.0,,
https://pharos.nih.gov/idg/targets/Q5T6X5,Q5T6X5,Consensus,"Male tissues",0.0,High,0.0,,
https://pharos.nih.gov/idg/targets/Q5T6X5,Q5T6X5,Consensus,"Urinary Tract",0.0,High,0.0,,
https://pharos.nih.gov/idg/targets/Q5T6X5,Q5T6X5,GTEx,"Minor Salivary Gland",-0.167172,High,0.0,,
https://pharos.nih.gov/idg/targets/Q5T6X5,Q5T6X5,GTEx,"Kidney - Cortex",-0.593715,High,0.0,,
https://pharos.nih.gov/idg/targets/Q5T6X5,Q5T6X5,GTEx,"Adrenal Gland",-1.025304,High,0.0,,
https://pharos.nih.gov/idg/targets/Q5T6X5,Q5T6X5,GTEx,Prostate,-1.172889,High,0.0,,
https://pharos.nih.gov/idg/targets/Q5T6X5,Q5T6X5,GTEx,Lung,-1.227715,High,0.0,,
https://pharos.nih.gov/idg/targets/Q5T6X5,Q5T6X5,GTEx,"Esophagus - Muscularis",-1.328642,High,0.0,,
https://pharos.nih.gov/idg/targets/Q5T6X5,Q5T6X5,GTEx,"Colon - Sigmoid",-1.33208,High,0.0,,
https://pharos.nih.gov/idg/targets/Q5T6X5,Q5T6X5,GTEx,Ovary,-1.447332,High,0.0,,
https://pharos.nih.gov/idg/targets/Q5T6X5,Q5T6X5,GTEx,Testis,-1.492144,High,0.0,,
https://pharos.nih.gov/idg/targets/Q5T6X5,Q5T6X5,GTEx,"Artery - Coronary",-1.50045,High,0.0,,
https://pharos.nih.gov/idg/targets/Q5T6X5,Q5T6X5,GTEx,Vagina,-1.503624,High,0.0,,
https://pharos.nih.gov/idg/targets/Q5T6X5,Q5T6X5,GTEx,"Small Intestine - Terminal Ileum",-1.561774,High,0.0,,
https://pharos.nih.gov/idg/targets/Q5T6X5,Q5T6X5,GTEx,"Brain - Cortex",-1.68079,High,0.0,,
https://pharos.nih.gov/idg/targets/Q5T6X5,Q5T6X5,GTEx,"Adipose - Visceral (Omentum)",-1.683296,High,0.0,,
https://pharos.nih.gov/idg/targets/Q5T6X5,Q5T6X5,GTEx,"Colon - Transverse",-1.750679,High,0.0,,
https://pharos.nih.gov/idg/targets/Q5T6X5,Q5T6X5,GTEx,"Skin - Sun Exposed (Lower leg)",-1.790485,High,0.0,,
https://pharos.nih.gov/idg/targets/Q5T6X5,Q5T6X5,GTEx,Thyroid,-1.84512,High,0.0,,
https://pharos.nih.gov/idg/targets/Q5T6X5,Q5T6X5,GTEx,Pancreas,-1.850935,High,0.0,,
https://pharos.nih.gov/idg/targets/Q5T6X5,Q5T6X5,GTEx,"Cells - EBV-transformed lymphocytes",-1.853562,High,0.0,,
https://pharos.nih.gov/idg/targets/Q5T6X5,Q5T6X5,GTEx,Liver,-1.870955,High,0.0,,
https://pharos.nih.gov/idg/targets/Q5T6X5,Q5T6X5,GTEx,"Brain - Caudate (basal ganglia)",-1.941764,High,0.0,,
https://pharos.nih.gov/idg/targets/Q5T6X5,Q5T6X5,GTEx,"Brain - Anterior cingulate cortex (BA24)",-1.946345,High,0.0,,
https://pharos.nih.gov/idg/targets/Q5T6X5,Q5T6X5,GTEx,"Brain - Frontal Cortex (BA9)",-2.017141,High,0.0,,
https://pharos.nih.gov/idg/targets/Q5T6X5,Q5T6X5,GTEx,"Heart - Left Ventricle",-2.024338,High,0.0,,
https://pharos.nih.gov/idg/targets/Q5T6X5,Q5T6X5,GTEx,"Brain - Hippocampus",-2.032031,High,0.0,,
https://pharos.nih.gov/idg/targets/Q5T6X5,Q5T6X5,GTEx,"Esophagus - Gastroesophageal Junction",-2.104854,High,0.0,,
https://pharos.nih.gov/idg/targets/Q5T6X5,Q5T6X5,GTEx,"Brain - Substantia nigra",-2.169347,High,0.0,,
https://pharos.nih.gov/idg/targets/Q5T6X5,Q5T6X5,GTEx,"Brain - Amygdala",-2.221849,High,0.0,,
https://pharos.nih.gov/idg/targets/Q5T6X5,Q5T6X5,GTEx,"Breast - Mammary Tissue",-2.230623,High,0.0,,
https://pharos.nih.gov/idg/targets/Q5T6X5,Q5T6X5,GTEx,Pituitary,-2.2648,High,0.0,,
https://pharos.nih.gov/idg/targets/Q5T6X5,Q5T6X5,GTEx,"Brain - Hypothalamus",-2.28567,High,0.0,,
https://pharos.nih.gov/idg/targets/Q5T6X5,Q5T6X5,"HPM Protein","Adult Rectum",0.211911,High,0.0,,
https://pharos.nih.gov/idg/targets/Q5T6X5,Q5T6X5,"HPM Protein","Adult Heart",0.175679,High,0.0,,
https://pharos.nih.gov/idg/targets/Q5T6X5,Q5T6X5,"HPM Protein","Fetal Heart",0.14644,Medium,0.0,,
https://pharos.nih.gov/idg/targets/Q5T6X5,Q5T6X5,"HPM Protein","Adult Testis",0.130344,Medium,0.0,,
https://pharos.nih.gov/idg/targets/Q5T6X5,Q5T6X5,"HPM Protein","Adult Spinal Cord",0.067757,Low,0.0,,
https://pharos.nih.gov/idg/targets/Q5T6X5,Q5T6X5,"HPM Protein","Fetal Liver",0.057759,Low,0.0,,
https://pharos.nih.gov/idg/targets/Q5T6X5,Q5T6X5,"JensenLab Experiment HPM",Liver,0.0,null,0.5,,
https://pharos.nih.gov/idg/targets/Q5T6X5,Q5T6X5,"HPA RNA","adrenal gland",0.0,High,0.0,,
https://pharos.nih.gov/idg/targets/Q5T6X5,Q5T6X5,"HPA RNA",kidney,0.0,High,0.0,,
https://pharos.nih.gov/idg/targets/Q5T6X5,Q5T6X5,"HPA RNA",prostate,0.0,High,0.0,,
https://pharos.nih.gov/idg/targets/Q5T6X5,Q5T6X5,"HPA RNA","salivary gland",0.0,High,0.0,,
https://pharos.nih.gov/idg/targets/O75899,O75899,Consensus,"Liver and Pancreas",0.0,Medium,0.0,,
https://pharos.nih.gov/idg/targets/O75899,O75899,Consensus,"Digestive Tract",0.0,Medium,0.0,,
https://pharos.nih.gov/idg/targets/O75899,O75899,Consensus,"Urinary Tract",0.0,High,0.0,,
https://pharos.nih.gov/idg/targets/O75899,O75899,Consensus,"Endocrine System",0.0,High,0.0,,
https://pharos.nih.gov/idg/targets/O75899,O75899,Consensus,"Blood and immune system",0.0,Medium,0.0,,
https://pharos.nih.gov/idg/targets/O75899,O75899,Consensus,"Respiratory system",0.0,Medium,0.0,,
https://pharos.nih.gov/idg/targets/O75899,O75899,Consensus,"Female tissues",0.0,Medium,0.0,,
https://pharos.nih.gov/idg/targets/O75899,O75899,Consensus,"Male tissues",0.0,Medium,0.0,,
https://pharos.nih.gov/idg/targets/O75899,O75899,Consensus,"Skin and soft tissues",0.0,Medium,0.0,,
https://pharos.nih.gov/idg/targets/O75899,O75899,Consensus,"Nervous System",0.0,Medium,0.0,,
https://pharos.nih.gov/idg/targets/O75899,O75899,GTEx,"Brain - Frontal Cortex (BA9)",2.024896,High,0.0,,
https://pharos.nih.gov/idg/targets/O75899,O75899,GTEx,"Brain - Cerebellar Hemisphere",1.907626,High,0.0,,
https://pharos.nih.gov/idg/targets/O75899,O75899,GTEx,"Brain - Cortex",1.905661,High,0.0,,
https://pharos.nih.gov/idg/targets/O75899,O75899,GTEx,"Brain - Cerebellum",1.893928,High,0.0,,
https://pharos.nih.gov/idg/targets/O75899,O75899,GTEx,"Brain - Anterior cingulate cortex (BA24)",1.672929,High,0.0,,
https://pharos.nih.gov/idg/targets/O75899,O75899,GTEx,"Brain - Hippocampus",1.435446,High,0.0,,
https://pharos.nih.gov/idg/targets/O75899,O75899,GTEx,"Brain - Hypothalamus",1.386766,High,0.0,,
https://pharos.nih.gov/idg/targets/O75899,O75899,GTEx,"Brain - Amygdala",1.329703,High,0.0,,
https://pharos.nih.gov/idg/targets/O75899,O75899,GTEx,"Brain - Substantia nigra",1.085291,High,0.0,,
https://pharos.nih.gov/idg/targets/O75899,O75899,GTEx,"Brain - Nucleus accumbens (basal ganglia)",0.902193,High,0.0,,
https://pharos.nih.gov/idg/targets/O75899,O75899,GTEx,"Adrenal Gland",0.828402,High,0.0,,
https://pharos.nih.gov/idg/targets/O75899,O75899,GTEx,"Brain - Caudate (basal ganglia)",0.758079,High,0.0,,
https://pharos.nih.gov/idg/targets/O75899,O75899,GTEx,"Brain - Putamen (basal ganglia)",0.586925,High,0.0,,
https://pharos.nih.gov/idg/targets/O75899,O75899,GTEx,"Cells - Transformed fibroblasts",0.503109,Medium,0.0,,
https://pharos.nih.gov/idg/targets/O75899,O75899,GTEx,Testis,0.501607,Medium,0.0,,
https://pharos.nih.gov/idg/targets/O75899,O75899,GTEx,"Brain - Spinal cord (cervical c-1)",0.45826,Medium,0.0,,
https://pharos.nih.gov/idg/targets/O75899,O75899,GTEx,Thyroid,0.376759,Medium,0.0,,
https://pharos.nih.gov/idg/targets/O75899,O75899,GTEx,Pituitary,-0.4502,Medium,0.0,,
https://pharos.nih.gov/idg/targets/O75899,O75899,GTEx,"Heart - Left Ventricle",-0.472886,Medium,0.0,,
https://pharos.nih.gov/idg/targets/O75899,O75899,GTEx,Stomach,-0.506542,Medium,0.0,,
https://pharos.nih.gov/idg/targets/O75899,O75899,GTEx,Lung,-0.588886,Medium,0.0,,
https://pharos.nih.gov/idg/targets/O75899,O75899,GTEx,"Skin - Sun Exposed (Lower leg)",-0.680062,Medium,0.0,,
https://pharos.nih.gov/idg/targets/O75899,O75899,GTEx,"Esophagus - Muscularis",-0.901356,Medium,0.0,,
https://pharos.nih.gov/idg/targets/O75899,O75899,GTEx,"Colon - Sigmoid",-0.937418,Medium,0.0,,
https://pharos.nih.gov/idg/targets/O75899,O75899,GTEx,"Nerve - Tibial",-1.04624,Medium,0.0,,
https://pharos.nih.gov/idg/targets/O75899,O75899,GTEx,"Esophagus - Gastroesophageal Junction",-1.101193,Medium,0.0,,
https://pharos.nih.gov/idg/targets/O75899,O75899,GTEx,"Small Intestine - Terminal Ileum",-1.105629,Medium,0.0,,
https://pharos.nih.gov/idg/targets/O75899,O75899,GTEx,Prostate,-1.116395,Medium,0.0,,
https://pharos.nih.gov/idg/targets/O75899,O75899,GTEx,"Skin - Not Sun Exposed (Suprapubic)",-1.149384,Medium,0.0,,
https://pharos.nih.gov/idg/targets/O75899,O75899,GTEx,"Colon - Transverse",-1.182699,Medium,0.0,,
https://pharos.nih.gov/idg/targets/O75899,O75899,GTEx,"Minor Salivary Gland",-1.207608,Medium,0.0,,
https://pharos.nih.gov/idg/targets/O75899,O75899,GTEx,"Muscle - Skeletal",-1.23422,Medium,0.0,,
https://pharos.nih.gov/idg/targets/O75899,O75899,GTEx,Uterus,-1.312962,Medium,0.0,,
https://pharos.nih.gov/idg/targets/O75899,O75899,GTEx,"Cells - EBV-transformed lymphocytes",-1.330404,Medium,0.0,,
https://pharos.nih.gov/idg/targets/O75899,O75899,GTEx,"Adipose - Subcutaneous",-1.359221,Medium,0.0,,
https://pharos.nih.gov/idg/targets/O75899,O75899,GTEx,"Kidney - Cortex",-1.377734,Medium,0.0,,
https://pharos.nih.gov/idg/targets/O75899,O75899,GTEx,"Artery - Coronary",-1.407823,Medium,0.0,,
https://pharos.nih.gov/idg/targets/O75899,O75899,GTEx,"Breast - Mammary Tissue",-1.426316,Low,0.0,,
https://pharos.nih.gov/idg/targets/O75899,O75899,GTEx,Ovary,-1.45556,Low,0.0,,
https://pharos.nih.gov/idg/targets/O75899,O75899,GTEx,Vagina,-1.459984,Low,0.0,,
https://pharos.nih.gov/idg/targets/O75899,O75899,GTEx,"Artery - Tibial",-1.465466,Low,0.0,,
https://pharos.nih.gov/idg/targets/O75899,O75899,GTEx,"Artery - Aorta",-1.467246,Low,0.0,,
https://pharos.nih.gov/idg/targets/O75899,O75899,GTEx,Pancreas,-1.597567,Low,0.0,,
https://pharos.nih.gov/idg/targets/O75899,O75899,GTEx,"Heart - Atrial Appendage",-1.670297,Low,0.0,,
https://pharos.nih.gov/idg/targets/O75899,O75899,GTEx,"Adipose - Visceral (Omentum)",-1.688034,Low,0.0,,
https://pharos.nih.gov/idg/targets/O75899,O75899,GTEx,"Esophagus - Mucosa",-1.703335,Low,0.0,,
https://pharos.nih.gov/idg/targets/O75899,O75899,GTEx,Liver,-1.817443,Low,0.0,,
https://pharos.nih.gov/idg/targets/O75899,O75899,GTEx,"Whole Blood",-1.936479,Low,0.0,,
https://pharos.nih.gov/idg/targets/O75899,O75899,GTEx,Spleen,-2.14539,Low,0.0,,
https://pharos.nih.gov/idg/targets/O75899,O75899,"HPM Protein","Adult Frontal Cortex",1.643453,High,0.0,,
https://pharos.nih.gov/idg/targets/O75899,O75899,"HPM Protein","Fetal Brain",1.081049,Medium,0.0,,
https://pharos.nih.gov/idg/targets/O75899,O75899,"HPM Protein","Fetal Heart",0.402987,Medium,0.0,,
https://pharos.nih.gov/idg/targets/O75899,O75899,"HPM Protein","Adult Gallbladder",0.15641,Medium,0.0,,
https://pharos.nih.gov/idg/targets/O75899,O75899,"HPM Protein","Adult Retina",0.087141,Low,0.0,,
https://pharos.nih.gov/idg/targets/O75899,O75899,"JensenLab Experiment HPM",Brain,0.0,null,0.7,,
https://pharos.nih.gov/idg/targets/O75899,O75899,"JensenLab Experiment HPM","Frontal lobe",0.0,null,0.8,,
https://pharos.nih.gov/idg/targets/O75899,O75899,"JensenLab Experiment HPM","Gall bladder",0.0,null,0.5,,
https://pharos.nih.gov/idg/targets/O75899,O75899,"JensenLab Experiment HPM",Heart,0.0,null,0.5,,
https://pharos.nih.gov/idg/targets/O75899,O75899,"JensenLab Experiment HPM",Retina,0.0,null,0.5,,
https://pharos.nih.gov/idg/targets/O75899,O75899,"HPA RNA","adrenal gland",0.0,High,0.0,,
https://pharos.nih.gov/idg/targets/O75899,O75899,"HPA RNA",appendix,0.0,High,0.0,,
https://pharos.nih.gov/idg/targets/O75899,O75899,"HPA RNA","cerebral cortex",0.0,High,0.0,,
https://pharos.nih.gov/idg/targets/O75899,O75899,"HPA RNA",endometrium,0.0,High,0.0,,
https://pharos.nih.gov/idg/targets/O75899,O75899,"HPA RNA",epididymis,0.0,High,0.0,,
https://pharos.nih.gov/idg/targets/O75899,O75899,"HPA RNA",gallbladder,0.0,Medium,0.0,,
https://pharos.nih.gov/idg/targets/O75899,O75899,"HPA RNA",lung,0.0,Medium,0.0,,
https://pharos.nih.gov/idg/targets/O75899,O75899,"HPA RNA","parathyroid gland",0.0,Medium,0.0,,
https://pharos.nih.gov/idg/targets/O75899,O75899,"HPA RNA",placenta,0.0,Medium,0.0,,
https://pharos.nih.gov/idg/targets/O75899,O75899,"HPA RNA","seminal vesicle",0.0,Medium,0.0,,
https://pharos.nih.gov/idg/targets/O75899,O75899,"HPA RNA","skeletal muscle",0.0,High,0.0,,
https://pharos.nih.gov/idg/targets/O75899,O75899,"HPA RNA","smooth muscle",0.0,Medium,0.0,,
https://pharos.nih.gov/idg/targets/O75899,O75899,"HPA RNA",stomach,0.0,Medium,0.0,,
https://pharos.nih.gov/idg/targets/O75899,O75899,"HPA RNA",testis,0.0,High,0.0,,
https://pharos.nih.gov/idg/targets/O75899,O75899,"HPA RNA","thyroid gland",0.0,High,0.0,,
https://pharos.nih.gov/idg/targets/O75899,O75899,"HPA RNA",tonsil,0.0,Medium,0.0,,
https://pharos.nih.gov/idg/targets/O75899,O75899,"HPA RNA","urinary bladder",0.0,High,0.0,,
https://pharos.nih.gov/idg/targets/O15303,O15303,Consensus,"Liver and Pancreas",0.0,High,0.0,,
https://pharos.nih.gov/idg/targets/O15303,O15303,Consensus,"Digestive Tract",0.0,Medium,0.0,,
https://pharos.nih.gov/idg/targets/O15303,O15303,Consensus,"Endocrine System",0.0,High,0.0,,
https://pharos.nih.gov/idg/targets/O15303,O15303,Consensus,"Blood and immune system",0.0,Medium,0.0,,
https://pharos.nih.gov/idg/targets/O15303,O15303,Consensus,"Respiratory system",0.0,Medium,0.0,,
https://pharos.nih.gov/idg/targets/O15303,O15303,Consensus,"Female tissues",0.0,Medium,0.0,,
https://pharos.nih.gov/idg/targets/O15303,O15303,Consensus,"Male tissues",0.0,Medium,0.0,,
https://pharos.nih.gov/idg/targets/O15303,O15303,Consensus,"Skin and soft tissues",0.0,High,0.0,,
https://pharos.nih.gov/idg/targets/O15303,O15303,Consensus,"Nervous System",0.0,High,0.0,,
https://pharos.nih.gov/idg/targets/O15303,O15303,GTEx,Testis,0.27738,High,0.0,,
https://pharos.nih.gov/idg/targets/O15303,O15303,GTEx,Pituitary,0.146438,High,0.0,,
https://pharos.nih.gov/idg/targets/O15303,O15303,GTEx,"Brain - Cerebellum",0.008174,High,0.0,,
https://pharos.nih.gov/idg/targets/O15303,O15303,GTEx,"Brain - Cerebellar Hemisphere",-0.017638,High,0.0,,
https://pharos.nih.gov/idg/targets/O15303,O15303,GTEx,Prostate,-0.179339,High,0.0,,
https://pharos.nih.gov/idg/targets/O15303,O15303,GTEx,"Colon - Sigmoid",-0.286762,High,0.0,,
https://pharos.nih.gov/idg/targets/O15303,O15303,GTEx,"Brain - Hypothalamus",-0.352617,High,0.0,,
https://pharos.nih.gov/idg/targets/O15303,O15303,GTEx,Uterus,-0.354087,High,0.0,,
https://pharos.nih.gov/idg/targets/O15303,O15303,GTEx,Thyroid,-0.356202,High,0.0,,
https://pharos.nih.gov/idg/targets/O15303,O15303,GTEx,Spleen,-0.373044,High,0.0,,
https://pharos.nih.gov/idg/targets/O15303,O15303,GTEx,"Esophagus - Gastroesophageal Junction",-0.384523,High,0.0,,
https://pharos.nih.gov/idg/targets/O15303,O15303,GTEx,"Esophagus - Muscularis",-0.394533,High,0.0,,
https://pharos.nih.gov/idg/targets/O15303,O15303,GTEx,Vagina,-0.428582,High,0.0,,
https://pharos.nih.gov/idg/targets/O15303,O15303,GTEx,Ovary,-0.439257,Medium,0.0,,
https://pharos.nih.gov/idg/targets/O15303,O15303,GTEx,"Artery - Coronary",-0.459921,Medium,0.0,,
https://pharos.nih.gov/idg/targets/O15303,O15303,GTEx,"Brain - Substantia nigra",-0.574792,Medium,0.0,,
https://pharos.nih.gov/idg/targets/O15303,O15303,GTEx,"Adipose - Visceral (Omentum)",-0.596708,Medium,0.0,,
https://pharos.nih.gov/idg/targets/O15303,O15303,GTEx,"Brain - Frontal Cortex (BA9)",-0.597395,Medium,0.0,,
https://pharos.nih.gov/idg/targets/O15303,O15303,GTEx,"Brain - Cortex",-0.599462,Medium,0.0,,
https://pharos.nih.gov/idg/targets/O15303,O15303,GTEx,"Kidney - Cortex",-0.616723,Medium,0.0,,
https://pharos.nih.gov/idg/targets/O15303,O15303,GTEx,"Brain - Nucleus accumbens (basal ganglia)",-0.645795,Medium,0.0,,
https://pharos.nih.gov/idg/targets/O15303,O15303,GTEx,"Brain - Anterior cingulate cortex (BA24)",-0.662541,Medium,0.0,,
https://pharos.nih.gov/idg/targets/O15303,O15303,GTEx,"Brain - Hippocampus",-0.70213,Medium,0.0,,
https://pharos.nih.gov/idg/targets/O15303,O15303,GTEx,"Nerve - Tibial",-0.74897,Medium,0.0,,
https://pharos.nih.gov/idg/targets/O15303,O15303,GTEx,"Artery - Aorta",-0.771343,Medium,0.0,,
https://pharos.nih.gov/idg/targets/O15303,O15303,GTEx,"Brain - Amygdala",-0.772756,Medium,0.0,,
https://pharos.nih.gov/idg/targets/O15303,O15303,GTEx,"Brain - Spinal cord (cervical c-1)",-0.786482,Medium,0.0,,
https://pharos.nih.gov/idg/targets/O15303,O15303,GTEx,"Brain - Caudate (basal ganglia)",-0.794796,Medium,0.0,,
https://pharos.nih.gov/idg/targets/O15303,O15303,GTEx,Lung,-0.795609,Medium,0.0,,
https://pharos.nih.gov/idg/targets/O15303,O15303,GTEx,"Breast - Mammary Tissue",-0.809668,Medium,0.0,,
https://pharos.nih.gov/idg/targets/O15303,O15303,GTEx,"Brain - Putamen (basal ganglia)",-0.823909,Medium,0.0,,
https://pharos.nih.gov/idg/targets/O15303,O15303,GTEx,"Heart - Atrial Appendage",-0.854493,Medium,0.0,,
https://pharos.nih.gov/idg/targets/O15303,O15303,GTEx,"Artery - Tibial",-0.886057,Medium,0.0,,
https://pharos.nih.gov/idg/targets/O15303,O15303,GTEx,"Adrenal Gland",-0.890759,Medium,0.0,,
https://pharos.nih.gov/idg/targets/O15303,O15303,GTEx,"Adipose - Subcutaneous",-0.931814,Medium,0.0,,
https://pharos.nih.gov/idg/targets/O15303,O15303,GTEx,"Cells - Transformed fibroblasts",-0.951752,Medium,0.0,,
https://pharos.nih.gov/idg/targets/O15303,O15303,GTEx,"Minor Salivary Gland",-0.9537,Medium,0.0,,
https://pharos.nih.gov/idg/targets/O15303,O15303,GTEx,"Colon - Transverse",-0.969421,Low,0.0,,
https://pharos.nih.gov/idg/targets/O15303,O15303,GTEx,"Esophagus - Mucosa",-0.98632,Low,0.0,,
https://pharos.nih.gov/idg/targets/O15303,O15303,GTEx,Pancreas,-1.005419,Low,0.0,,
https://pharos.nih.gov/idg/targets/O15303,O15303,GTEx,"Small Intestine - Terminal Ileum",-1.020406,Low,0.0,,
https://pharos.nih.gov/idg/targets/O15303,O15303,GTEx,"Skin - Not Sun Exposed (Suprapubic)",-1.027427,Low,0.0,,
https://pharos.nih.gov/idg/targets/O15303,O15303,GTEx,Stomach,-1.063185,Low,0.0,,
https://pharos.nih.gov/idg/targets/O15303,O15303,GTEx,"Heart - Left Ventricle",-1.081996,Low,0.0,,
https://pharos.nih.gov/idg/targets/O15303,O15303,GTEx,Liver,-1.154716,Low,0.0,,
https://pharos.nih.gov/idg/targets/O15303,O15303,GTEx,"Skin - Sun Exposed (Lower leg)",-1.288783,Low,0.0,,
https://pharos.nih.gov/idg/targets/O15303,O15303,GTEx,"Muscle - Skeletal",-1.941005,Low,0.0,,
https://pharos.nih.gov/idg/targets/O15303,O15303,GTEx,"Cells - EBV-transformed lymphocytes",-2.02027,Low,0.0,,
https://pharos.nih.gov/idg/targets/O15303,O15303,GTEx,"Whole Blood",-2.37924,Low,0.0,,
https://pharos.nih.gov/idg/targets/O15303,O15303,"HPM Protein","Adult Frontal Cortex",0.589579,High,0.0,,
https://pharos.nih.gov/idg/targets/O15303,O15303,"HPM Protein","Adult Retina",0.564262,Medium,0.0,,
https://pharos.nih.gov/idg/targets/O15303,O15303,"HPM Protein","Fetal Brain",0.2649,Medium,0.0,,
https://pharos.nih.gov/idg/targets/O15303,O15303,"HPM Protein","NK Cells",0.007621,Low,0.0,,
https://pharos.nih.gov/idg/targets/O15303,O15303,"JensenLab Experiment HPM",Brain,0.0,null,0.5,,
https://pharos.nih.gov/idg/targets/O15303,O15303,"JensenLab Experiment HPM","Frontal lobe",0.0,null,0.5,,
https://pharos.nih.gov/idg/targets/O15303,O15303,"JensenLab Experiment HPM",Retina,0.0,null,0.6,,
https://pharos.nih.gov/idg/targets/O15303,O15303,"HPA RNA","adrenal gland",0.0,Medium,0.0,,
https://pharos.nih.gov/idg/targets/O15303,O15303,"HPA RNA",appendix,0.0,Medium,0.0,,
https://pharos.nih.gov/idg/targets/O15303,O15303,"HPA RNA","bone marrow",0.0,High,0.0,,
https://pharos.nih.gov/idg/targets/O15303,O15303,"HPA RNA","cerebral cortex",0.0,High,0.0,,
https://pharos.nih.gov/idg/targets/O15303,O15303,"HPA RNA",endometrium,0.0,High,0.0,,
https://pharos.nih.gov/idg/targets/O15303,O15303,"HPA RNA",epididymis,0.0,Medium,0.0,,
https://pharos.nih.gov/idg/targets/O15303,O15303,"HPA RNA","fallopian tube",0.0,Medium,0.0,,
https://pharos.nih.gov/idg/targets/O15303,O15303,"HPA RNA",gallbladder,0.0,High,0.0,,
https://pharos.nih.gov/idg/targets/O15303,O15303,"HPA RNA",lung,0.0,Medium,0.0,,
https://pharos.nih.gov/idg/targets/O15303,O15303,"HPA RNA","lymph node",0.0,Medium,0.0,,
https://pharos.nih.gov/idg/targets/O15303,O15303,"HPA RNA",ovary,0.0,High,0.0,,
https://pharos.nih.gov/idg/targets/O15303,O15303,"HPA RNA",placenta,0.0,Medium,0.0,,
https://pharos.nih.gov/idg/targets/O15303,O15303,"HPA RNA",prostate,0.0,Medium,0.0,,
https://pharos.nih.gov/idg/targets/O15303,O15303,"HPA RNA",skin,0.0,High,0.0,,
https://pharos.nih.gov/idg/targets/O15303,O15303,"HPA RNA",spleen,0.0,Medium,0.0,,
https://pharos.nih.gov/idg/targets/O15303,O15303,"HPA RNA",testis,0.0,High,0.0,,
https://pharos.nih.gov/idg/targets/O15303,O15303,"HPA RNA","thyroid gland",0.0,High,0.0,,
https://pharos.nih.gov/idg/targets/P41180,P41180,Consensus,"Liver and Pancreas",0.0,High,0.0,,
https://pharos.nih.gov/idg/targets/P41180,P41180,Consensus,"Digestive Tract",0.0,Medium,0.0,,
https://pharos.nih.gov/idg/targets/P41180,P41180,Consensus,"Urinary Tract",0.0,Medium,0.0,,
https://pharos.nih.gov/idg/targets/P41180,P41180,Consensus,"Endocrine System",0.0,High,0.0,,
https://pharos.nih.gov/idg/targets/P41180,P41180,Consensus,"Blood and immune system",0.0,Medium,0.0,,
https://pharos.nih.gov/idg/targets/P41180,P41180,Consensus,"Respiratory system",0.0,Medium,0.0,,
https://pharos.nih.gov/idg/targets/P41180,P41180,Consensus,"Female tissues",0.0,Medium,0.0,,
https://pharos.nih.gov/idg/targets/P41180,P41180,Consensus,"Male tissues",0.0,Medium,0.0,,
https://pharos.nih.gov/idg/targets/P41180,P41180,Consensus,"Skin and soft tissues",0.0,Medium,0.0,,
https://pharos.nih.gov/idg/targets/P41180,P41180,Consensus,"Nervous System",0.0,Medium,0.0,,
https://pharos.nih.gov/idg/targets/P41180,P41180,GTEx,"Kidney - Cortex",0.9214,High,0.0,,
https://pharos.nih.gov/idg/targets/P41180,P41180,GTEx,Pancreas,0.664172,High,0.0,,
https://pharos.nih.gov/idg/targets/P41180,P41180,GTEx,Ovary,0.121888,High,0.0,,
https://pharos.nih.gov/idg/targets/P41180,P41180,GTEx,Testis,-0.274578,High,0.0,,
https://pharos.nih.gov/idg/targets/P41180,P41180,GTEx,"Cells - EBV-transformed lymphocytes",-0.304256,High,0.0,,
https://pharos.nih.gov/idg/targets/P41180,P41180,GTEx,"Small Intestine - Terminal Ileum",-0.536256,High,0.0,,
https://pharos.nih.gov/idg/targets/P41180,P41180,GTEx,"Artery - Tibial",-0.583193,High,0.0,,
https://pharos.nih.gov/idg/targets/P41180,P41180,GTEx,Pituitary,-0.589898,High,0.0,,
https://pharos.nih.gov/idg/targets/P41180,P41180,GTEx,Liver,-0.769679,High,0.0,,
https://pharos.nih.gov/idg/targets/P41180,P41180,GTEx,"Brain - Hypothalamus",-0.909037,High,0.0,,
https://pharos.nih.gov/idg/targets/P41180,P41180,GTEx,Spleen,-1.027149,High,0.0,,
https://pharos.nih.gov/idg/targets/P41180,P41180,GTEx,Prostate,-1.259479,High,0.0,,
https://pharos.nih.gov/idg/targets/P41180,P41180,GTEx,Thyroid,-1.262847,High,0.0,,
https://pharos.nih.gov/idg/targets/P41180,P41180,GTEx,"Artery - Aorta",-1.303993,High,0.0,,
https://pharos.nih.gov/idg/targets/P41180,P41180,GTEx,"Colon - Transverse",-1.308521,High,0.0,,
https://pharos.nih.gov/idg/targets/P41180,P41180,GTEx,"Cells - Transformed fibroblasts",-1.36171,High,0.0,,
https://pharos.nih.gov/idg/targets/P41180,P41180,GTEx,"Brain - Substantia nigra",-1.510463,Medium,0.0,,
https://pharos.nih.gov/idg/targets/P41180,P41180,GTEx,"Brain - Hippocampus",-1.570571,Medium,0.0,,
https://pharos.nih.gov/idg/targets/P41180,P41180,GTEx,"Colon - Sigmoid",-1.590743,Medium,0.0,,
https://pharos.nih.gov/idg/targets/P41180,P41180,GTEx,"Esophagus - Mucosa",-1.597911,Medium,0.0,,
https://pharos.nih.gov/idg/targets/P41180,P41180,GTEx,Lung,-1.60415,Medium,0.0,,
https://pharos.nih.gov/idg/targets/P41180,P41180,GTEx,"Brain - Spinal cord (cervical c-1)",-1.636482,Medium,0.0,,
https://pharos.nih.gov/idg/targets/P41180,P41180,GTEx,"Breast - Mammary Tissue",-1.723079,Medium,0.0,,
https://pharos.nih.gov/idg/targets/P41180,P41180,GTEx,Vagina,-1.754858,Medium,0.0,,
https://pharos.nih.gov/idg/targets/P41180,P41180,GTEx,"Brain - Nucleus accumbens (basal ganglia)",-1.76045,Medium,0.0,,
https://pharos.nih.gov/idg/targets/P41180,P41180,GTEx,"Brain - Cortex",-1.889074,Medium,0.0,,
https://pharos.nih.gov/idg/targets/P41180,P41180,GTEx,"Adrenal Gland",-1.899974,Medium,0.0,,
https://pharos.nih.gov/idg/targets/P41180,P41180,GTEx,"Heart - Left Ventricle",-1.977572,Medium,0.0,,
https://pharos.nih.gov/idg/targets/P41180,P41180,GTEx,Stomach,-1.986741,Medium,0.0,,
https://pharos.nih.gov/idg/targets/P41180,P41180,GTEx,"Nerve - Tibial",-1.9897,Medium,0.0,,
https://pharos.nih.gov/idg/targets/P41180,P41180,GTEx,"Minor Salivary Gland",-2.000435,Medium,0.0,,
https://pharos.nih.gov/idg/targets/P41180,P41180,GTEx,"Brain - Cerebellar Hemisphere",-2.035175,Medium,0.0,,
https://pharos.nih.gov/idg/targets/P41180,P41180,GTEx,"Heart - Atrial Appendage",-2.049149,Medium,0.0,,
https://pharos.nih.gov/idg/targets/P41180,P41180,GTEx,"Brain - Putamen (basal ganglia)",-2.055024,Medium,0.0,,
https://pharos.nih.gov/idg/targets/P41180,P41180,GTEx,"Skin - Not Sun Exposed (Suprapubic)",-2.062006,Medium,0.0,,
https://pharos.nih.gov/idg/targets/P41180,P41180,GTEx,"Brain - Cerebellum",-2.062482,Medium,0.0,,
https://pharos.nih.gov/idg/targets/P41180,P41180,GTEx,"Brain - Caudate (basal ganglia)",-2.120503,Medium,0.0,,
https://pharos.nih.gov/idg/targets/P41180,P41180,GTEx,"Esophagus - Gastroesophageal Junction",-2.13165,Medium,0.0,,
https://pharos.nih.gov/idg/targets/P41180,P41180,GTEx,"Whole Blood",-2.137153,Medium,0.0,,
https://pharos.nih.gov/idg/targets/P41180,P41180,GTEx,"Adipose - Visceral (Omentum)",-2.139512,Medium,0.0,,
https://pharos.nih.gov/idg/targets/P41180,P41180,GTEx,"Brain - Frontal Cortex (BA9)",-2.152427,Medium,0.0,,
https://pharos.nih.gov/idg/targets/P41180,P41180,GTEx,"Skin - Sun Exposed (Lower leg)",-2.169861,Medium,0.0,,
https://pharos.nih.gov/idg/targets/P41180,P41180,GTEx,"Brain - Amygdala",-2.189297,Medium,0.0,,
https://pharos.nih.gov/idg/targets/P41180,P41180,GTEx,"Brain - Anterior cingulate cortex (BA24)",-2.287771,Medium,0.0,,
https://pharos.nih.gov/idg/targets/P41180,P41180,GTEx,"Adipose - Subcutaneous",-2.364768,Medium,0.0,,
https://pharos.nih.gov/idg/targets/P41180,P41180,GTEx,"Artery - Coronary",-2.415838,Medium,0.0,,
https://pharos.nih.gov/idg/targets/P41180,P41180,GTEx,"Esophagus - Muscularis",-2.417142,Medium,0.0,,
https://pharos.nih.gov/idg/targets/P41180,P41180,GTEx,Uterus,-2.426896,Medium,0.0,,
https://pharos.nih.gov/idg/targets/P41180,P41180,GTEx,"Muscle - Skeletal",-2.484656,Medium,0.0,,
https://pharos.nih.gov/idg/targets/P41180,P41180,"HPM Protein","Adult Pancreas",0.632185,High,0.0,,
https://pharos.nih.gov/idg/targets/P41180,P41180,"JensenLab Experiment HPM",Pancreas,0.0,null,0.6,,
https://pharos.nih.gov/idg/targets/P41180,P41180,"HPA RNA","adipose tissue",0.0,Medium,0.0,,
https://pharos.nih.gov/idg/targets/P41180,P41180,"HPA RNA","adrenal gland",0.0,Medium,0.0,,
https://pharos.nih.gov/idg/targets/P41180,P41180,"HPA RNA",appendix,0.0,Medium,0.0,,
https://pharos.nih.gov/idg/targets/P41180,P41180,"HPA RNA","bone marrow",0.0,High,0.0,,
https://pharos.nih.gov/idg/targets/P41180,P41180,"HPA RNA",breast,0.0,Medium,0.0,,
https://pharos.nih.gov/idg/targets/P41180,P41180,"HPA RNA","cerebral cortex",0.0,Medium,0.0,,
https://pharos.nih.gov/idg/targets/P41180,P41180,"HPA RNA","cervix, uterine",0.0,Medium,0.0,,
https://pharos.nih.gov/idg/targets/P41180,P41180,"HPA RNA",colon,0.0,Medium,0.0,,
https://pharos.nih.gov/idg/targets/P41180,P41180,"HPA RNA",duodenum,0.0,High,0.0,,
https://pharos.nih.gov/idg/targets/P41180,P41180,"HPA RNA",endometrium,0.0,Medium,0.0,,
https://pharos.nih.gov/idg/targets/P41180,P41180,"HPA RNA",epididymis,0.0,Medium,0.0,,
https://pharos.nih.gov/idg/targets/P41180,P41180,"HPA RNA","fallopian tube",0.0,Medium,0.0,,
https://pharos.nih.gov/idg/targets/P41180,P41180,"HPA RNA",gallbladder,0.0,High,0.0,,
https://pharos.nih.gov/idg/targets/P41180,P41180,"HPA RNA",kidney,0.0,High,0.0,,
https://pharos.nih.gov/idg/targets/P41180,P41180,"HPA RNA",liver,0.0,Medium,0.0,,
https://pharos.nih.gov/idg/targets/P41180,P41180,"HPA RNA",lung,0.0,Medium,0.0,,
https://pharos.nih.gov/idg/targets/P41180,P41180,"HPA RNA","lymph node",0.0,Medium,0.0,,
https://pharos.nih.gov/idg/targets/P41180,P41180,"HPA RNA",ovary,0.0,High,0.0,,
https://pharos.nih.gov/idg/targets/P41180,P41180,"HPA RNA",pancreas,0.0,High,0.0,,
https://pharos.nih.gov/idg/targets/P41180,P41180,"HPA RNA","parathyroid gland",0.0,High,0.0,,
https://pharos.nih.gov/idg/targets/P41180,P41180,"HPA RNA",placenta,0.0,Medium,0.0,,
https://pharos.nih.gov/idg/targets/P41180,P41180,"HPA RNA",prostate,0.0,Medium,0.0,,
https://pharos.nih.gov/idg/targets/P41180,P41180,"HPA RNA",rectum,0.0,Medium,0.0,,
https://pharos.nih.gov/idg/targets/P41180,P41180,"HPA RNA","seminal vesicle",0.0,Medium,0.0,,
https://pharos.nih.gov/idg/targets/P41180,P41180,"HPA RNA",skin,0.0,Medium,0.0,,
https://pharos.nih.gov/idg/targets/P41180,P41180,"HPA RNA","small intestine",0.0,High,0.0,,
https://pharos.nih.gov/idg/targets/P41180,P41180,"HPA RNA","smooth muscle",0.0,Medium,0.0,,
https://pharos.nih.gov/idg/targets/P41180,P41180,"HPA RNA",spleen,0.0,Medium,0.0,,
https://pharos.nih.gov/idg/targets/P41180,P41180,"HPA RNA",stomach,0.0,High,0.0,,
https://pharos.nih.gov/idg/targets/P41180,P41180,"HPA RNA",testis,0.0,Medium,0.0,,
https://pharos.nih.gov/idg/targets/P41180,P41180,"HPA RNA","thyroid gland",0.0,High,0.0,,
https://pharos.nih.gov/idg/targets/P41180,P41180,"HPA RNA",tonsil,0.0,Medium,0.0,,
https://pharos.nih.gov/idg/targets/P41180,P41180,"HPA RNA","urinary bladder",0.0,Medium,0.0,,
https://pharos.nih.gov/idg/targets/Q13255,Q13255,Consensus,"Urinary Tract",0.0,High,0.0,,
https://pharos.nih.gov/idg/targets/Q13255,Q13255,Consensus,"Endocrine System",0.0,High,0.0,,
https://pharos.nih.gov/idg/targets/Q13255,Q13255,Consensus,"Female tissues",0.0,High,0.0,,
https://pharos.nih.gov/idg/targets/Q13255,Q13255,Consensus,"Male tissues",0.0,High,0.0,,
https://pharos.nih.gov/idg/targets/Q13255,Q13255,Consensus,"Nervous System",0.0,Low,0.0,,
https://pharos.nih.gov/idg/targets/Q13255,Q13255,Consensus,"Cardiovascular System",0.0,High,0.0,,
https://pharos.nih.gov/idg/targets/Q13255,Q13255,GTEx,"Brain - Cerebellar Hemisphere",1.61066,High,0.0,,
https://pharos.nih.gov/idg/targets/Q13255,Q13255,GTEx,"Brain - Cerebellum",1.499962,High,0.0,,
https://pharos.nih.gov/idg/targets/Q13255,Q13255,GTEx,"Brain - Frontal Cortex (BA9)",0.771587,High,0.0,,
https://pharos.nih.gov/idg/targets/Q13255,Q13255,GTEx,"Brain - Cortex",0.564607,High,0.0,,
https://pharos.nih.gov/idg/targets/Q13255,Q13255,GTEx,"Brain - Anterior cingulate cortex (BA24)",0.537189,High,0.0,,
https://pharos.nih.gov/idg/targets/Q13255,Q13255,GTEx,"Brain - Hypothalamus",0.440122,High,0.0,,
https://pharos.nih.gov/idg/targets/Q13255,Q13255,GTEx,"Brain - Nucleus accumbens (basal ganglia)",0.373556,High,0.0,,
https://pharos.nih.gov/idg/targets/Q13255,Q13255,GTEx,"Brain - Hippocampus",0.353435,High,0.0,,
https://pharos.nih.gov/idg/targets/Q13255,Q13255,GTEx,"Brain - Caudate (basal ganglia)",0.324077,High,0.0,,
https://pharos.nih.gov/idg/targets/Q13255,Q13255,GTEx,"Brain - Amygdala",0.250054,High,0.0,,
https://pharos.nih.gov/idg/targets/Q13255,Q13255,GTEx,"Brain - Putamen (basal ganglia)",0.107549,High,0.0,,
https://pharos.nih.gov/idg/targets/Q13255,Q13255,GTEx,"Brain - Substantia nigra",0.068928,High,0.0,,
https://pharos.nih.gov/idg/targets/Q13255,Q13255,GTEx,Testis,-0.052223,High,0.0,,
https://pharos.nih.gov/idg/targets/Q13255,Q13255,GTEx,"Brain - Spinal cord (cervical c-1)",-0.104384,Medium,0.0,,
https://pharos.nih.gov/idg/targets/Q13255,Q13255,GTEx,"Nerve - Tibial",-0.435511,Medium,0.0,,
https://pharos.nih.gov/idg/targets/Q13255,Q13255,GTEx,Thyroid,-0.616005,Medium,0.0,,
https://pharos.nih.gov/idg/targets/Q13255,Q13255,GTEx,"Heart - Left Ventricle",-0.66344,Medium,0.0,,
https://pharos.nih.gov/idg/targets/Q13255,Q13255,GTEx,Pituitary,-0.796831,Medium,0.0,,
https://pharos.nih.gov/idg/targets/Q13255,Q13255,GTEx,"Kidney - Cortex",-0.978418,Medium,0.0,,
https://pharos.nih.gov/idg/targets/Q13255,Q13255,GTEx,Spleen,-0.97968,Medium,0.0,,
https://pharos.nih.gov/idg/targets/Q13255,Q13255,GTEx,"Artery - Coronary",-1.205861,Medium,0.0,,
https://pharos.nih.gov/idg/targets/Q13255,Q13255,GTEx,Ovary,-1.247798,Medium,0.0,,
https://pharos.nih.gov/idg/targets/Q13255,Q13255,GTEx,"Adipose - Subcutaneous",-1.255942,Medium,0.0,,
https://pharos.nih.gov/idg/targets/Q13255,Q13255,GTEx,Lung,-1.294136,Medium,0.0,,
https://pharos.nih.gov/idg/targets/Q13255,Q13255,GTEx,"Artery - Aorta",-1.297914,Medium,0.0,,
https://pharos.nih.gov/idg/targets/Q13255,Q13255,GTEx,"Heart - Atrial Appendage",-1.373352,Medium,0.0,,
https://pharos.nih.gov/idg/targets/Q13255,Q13255,GTEx,Vagina,-1.384892,Medium,0.0,,
https://pharos.nih.gov/idg/targets/Q13255,Q13255,GTEx,"Breast - Mammary Tissue",-1.398918,Medium,0.0,,
https://pharos.nih.gov/idg/targets/Q13255,Q13255,GTEx,"Artery - Tibial",-1.434624,Medium,0.0,,
https://pharos.nih.gov/idg/targets/Q13255,Q13255,GTEx,"Skin - Sun Exposed (Lower leg)",-1.448794,Medium,0.0,,
https://pharos.nih.gov/idg/targets/Q13255,Q13255,GTEx,"Esophagus - Muscularis",-1.473402,Medium,0.0,,
https://pharos.nih.gov/idg/targets/Q13255,Q13255,GTEx,"Colon - Sigmoid",-1.474955,Medium,0.0,,
https://pharos.nih.gov/idg/targets/Q13255,Q13255,GTEx,"Adipose - Visceral (Omentum)",-1.479647,Medium,0.0,,
https://pharos.nih.gov/idg/targets/Q13255,Q13255,GTEx,"Cells - Transformed fibroblasts",-1.506403,Medium,0.0,,
https://pharos.nih.gov/idg/targets/Q13255,Q13255,GTEx,Pancreas,-1.539102,Medium,0.0,,
https://pharos.nih.gov/idg/targets/Q13255,Q13255,GTEx,Prostate,-1.544242,Medium,0.0,,
https://pharos.nih.gov/idg/targets/Q13255,Q13255,GTEx,"Esophagus - Gastroesophageal Junction",-1.552299,Medium,0.0,,
https://pharos.nih.gov/idg/targets/Q13255,Q13255,GTEx,"Adrenal Gland",-1.555487,Low,0.0,,
https://pharos.nih.gov/idg/targets/Q13255,Q13255,GTEx,"Skin - Not Sun Exposed (Suprapubic)",-1.591506,Low,0.0,,
https://pharos.nih.gov/idg/targets/Q13255,Q13255,GTEx,Stomach,-1.603104,Low,0.0,,
https://pharos.nih.gov/idg/targets/Q13255,Q13255,GTEx,Uterus,-1.639312,Low,0.0,,
https://pharos.nih.gov/idg/targets/Q13255,Q13255,GTEx,"Esophagus - Mucosa",-1.781859,Low,0.0,,
https://pharos.nih.gov/idg/targets/Q13255,Q13255,GTEx,"Minor Salivary Gland",-1.801893,Low,0.0,,
https://pharos.nih.gov/idg/targets/Q13255,Q13255,GTEx,"Small Intestine - Terminal Ileum",-1.880085,Low,0.0,,
https://pharos.nih.gov/idg/targets/Q13255,Q13255,GTEx,"Cells - EBV-transformed lymphocytes",-2.022322,Low,0.0,,
https://pharos.nih.gov/idg/targets/Q13255,Q13255,GTEx,"Muscle - Skeletal",-2.046361,Low,0.0,,
https://pharos.nih.gov/idg/targets/Q13255,Q13255,GTEx,Liver,-2.062909,Low,0.0,,
https://pharos.nih.gov/idg/targets/Q13255,Q13255,GTEx,"Whole Blood",-2.301769,Low,0.0,,
https://pharos.nih.gov/idg/targets/Q13255,Q13255,GTEx,"Colon - Transverse",-2.43872,Low,0.0,,
https://pharos.nih.gov/idg/targets/Q13255,Q13255,"JensenLab Experiment HPM",Brain,0.0,null,0.8,,
https://pharos.nih.gov/idg/targets/Q13255,Q13255,"JensenLab Experiment HPM","Frontal lobe",0.0,null,1.0,,
https://pharos.nih.gov/idg/targets/Q13255,Q13255,"JensenLab Experiment HPM",Ovary,0.0,null,0.5,,
https://pharos.nih.gov/idg/targets/Q13255,Q13255,"JensenLab Experiment HPM",Retina,0.0,null,0.5,,
https://pharos.nih.gov/idg/targets/Q13255,Q13255,"JensenLab Experiment HPM",BTO:0004410,0.0,null,0.5,,
https://pharos.nih.gov/idg/targets/Q13255,Q13255,"HPA RNA","cerebral cortex",0.0,High,0.0,,
https://pharos.nih.gov/idg/targets/Q13255,Q13255,"HPA RNA",epididymis,0.0,High,0.0,,
https://pharos.nih.gov/idg/targets/Q13255,Q13255,"HPA RNA","fallopian tube",0.0,High,0.0,,
https://pharos.nih.gov/idg/targets/Q13255,Q13255,"HPA RNA","heart muscle",0.0,High,0.0,,
https://pharos.nih.gov/idg/targets/Q13255,Q13255,"HPA RNA",kidney,0.0,High,0.0,,
https://pharos.nih.gov/idg/targets/Q13255,Q13255,"HPA RNA","seminal vesicle",0.0,High,0.0,,
https://pharos.nih.gov/idg/targets/Q13255,Q13255,"HPA RNA",testis,0.0,High,0.0,,
https://pharos.nih.gov/idg/targets/Q13255,Q13255,"HPA RNA","thyroid gland",0.0,High,0.0,,
https://pharos.nih.gov/idg/targets/Q14416,Q14416,Consensus,"Digestive Tract",0.0,High,0.0,,
https://pharos.nih.gov/idg/targets/Q14416,Q14416,Consensus,"Urinary Tract",0.0,High,0.0,,
https://pharos.nih.gov/idg/targets/Q14416,Q14416,Consensus,"Endocrine System",0.0,High,0.0,,
https://pharos.nih.gov/idg/targets/Q14416,Q14416,Consensus,"Blood and immune system",0.0,High,0.0,,
https://pharos.nih.gov/idg/targets/Q14416,Q14416,Consensus,"Female tissues",0.0,High,0.0,,
https://pharos.nih.gov/idg/targets/Q14416,Q14416,Consensus,"Male tissues",0.0,High,0.0,,
https://pharos.nih.gov/idg/targets/Q14416,Q14416,Consensus,"Skin and soft tissues",0.0,High,0.0,,
https://pharos.nih.gov/idg/targets/Q14416,Q14416,Consensus,"Nervous System",0.0,Low,0.0,,
https://pharos.nih.gov/idg/targets/Q14416,Q14416,GTEx,Testis,1.365862,High,0.0,,
https://pharos.nih.gov/idg/targets/Q14416,Q14416,GTEx,"Brain - Cortex",1.231215,High,0.0,,
https://pharos.nih.gov/idg/targets/Q14416,Q14416,GTEx,"Brain - Frontal Cortex (BA9)",1.119915,High,0.0,,
https://pharos.nih.gov/idg/targets/Q14416,Q14416,GTEx,"Brain - Anterior cingulate cortex (BA24)",0.853272,High,0.0,,
https://pharos.nih.gov/idg/targets/Q14416,Q14416,GTEx,"Brain - Cerebellum",0.821579,High,0.0,,
https://pharos.nih.gov/idg/targets/Q14416,Q14416,GTEx,"Brain - Cerebellar Hemisphere",0.680245,High,0.0,,
https://pharos.nih.gov/idg/targets/Q14416,Q14416,GTEx,"Brain - Hypothalamus",0.517855,High,0.0,,
https://pharos.nih.gov/idg/targets/Q14416,Q14416,GTEx,"Brain - Hippocampus",0.410187,High,0.0,,
https://pharos.nih.gov/idg/targets/Q14416,Q14416,GTEx,"Nerve - Tibial",0.394802,High,0.0,,
https://pharos.nih.gov/idg/targets/Q14416,Q14416,GTEx,"Skin - Sun Exposed (Lower leg)",0.394452,High,0.0,,
https://pharos.nih.gov/idg/targets/Q14416,Q14416,GTEx,"Brain - Amygdala",0.296226,High,0.0,,
https://pharos.nih.gov/idg/targets/Q14416,Q14416,GTEx,"Adipose - Subcutaneous",0.212188,High,0.0,,
https://pharos.nih.gov/idg/targets/Q14416,Q14416,GTEx,Spleen,0.069335,High,0.0,,
https://pharos.nih.gov/idg/targets/Q14416,Q14416,GTEx,"Brain - Nucleus accumbens (basal ganglia)",0.046105,Medium,0.0,,
https://pharos.nih.gov/idg/targets/Q14416,Q14416,GTEx,"Skin - Not Sun Exposed (Suprapubic)",-0.009595,Medium,0.0,,
https://pharos.nih.gov/idg/targets/Q14416,Q14416,GTEx,"Breast - Mammary Tissue",-0.072117,Medium,0.0,,
https://pharos.nih.gov/idg/targets/Q14416,Q14416,GTEx,Uterus,-0.076601,Medium,0.0,,
https://pharos.nih.gov/idg/targets/Q14416,Q14416,GTEx,"Brain - Caudate (basal ganglia)",-0.13543,Medium,0.0,,
https://pharos.nih.gov/idg/targets/Q14416,Q14416,GTEx,"Artery - Tibial",-0.183096,Medium,0.0,,
https://pharos.nih.gov/idg/targets/Q14416,Q14416,GTEx,"Brain - Putamen (basal ganglia)",-0.195656,Medium,0.0,,
https://pharos.nih.gov/idg/targets/Q14416,Q14416,GTEx,"Artery - Coronary",-0.217958,Medium,0.0,,
https://pharos.nih.gov/idg/targets/Q14416,Q14416,GTEx,Thyroid,-0.221776,Medium,0.0,,
https://pharos.nih.gov/idg/targets/Q14416,Q14416,GTEx,"Muscle - Skeletal",-0.257236,Medium,0.0,,
https://pharos.nih.gov/idg/targets/Q14416,Q14416,GTEx,Lung,-0.269622,Medium,0.0,,
https://pharos.nih.gov/idg/targets/Q14416,Q14416,GTEx,"Minor Salivary Gland",-0.276216,Medium,0.0,,
https://pharos.nih.gov/idg/targets/Q14416,Q14416,GTEx,Pituitary,-0.276791,Medium,0.0,,
https://pharos.nih.gov/idg/targets/Q14416,Q14416,GTEx,"Brain - Spinal cord (cervical c-1)",-0.352031,Medium,0.0,,
https://pharos.nih.gov/idg/targets/Q14416,Q14416,GTEx,"Brain - Substantia nigra",-0.370692,Medium,0.0,,
https://pharos.nih.gov/idg/targets/Q14416,Q14416,GTEx,"Colon - Sigmoid",-0.385208,Medium,0.0,,
https://pharos.nih.gov/idg/targets/Q14416,Q14416,GTEx,"Artery - Aorta",-0.398049,Medium,0.0,,
https://pharos.nih.gov/idg/targets/Q14416,Q14416,GTEx,Vagina,-0.402744,Medium,0.0,,
https://pharos.nih.gov/idg/targets/Q14416,Q14416,GTEx,"Esophagus - Muscularis",-0.429282,Medium,0.0,,
https://pharos.nih.gov/idg/targets/Q14416,Q14416,GTEx,Stomach,-0.431329,Medium,0.0,,
https://pharos.nih.gov/idg/targets/Q14416,Q14416,GTEx,Prostate,-0.442433,Medium,0.0,,
https://pharos.nih.gov/idg/targets/Q14416,Q14416,GTEx,"Esophagus - Gastroesophageal Junction",-0.46801,Medium,0.0,,
https://pharos.nih.gov/idg/targets/Q14416,Q14416,GTEx,"Small Intestine - Terminal Ileum",-0.486117,Medium,0.0,,
https://pharos.nih.gov/idg/targets/Q14416,Q14416,GTEx,"Adipose - Visceral (Omentum)",-0.505706,Medium,0.0,,
https://pharos.nih.gov/idg/targets/Q14416,Q14416,GTEx,"Colon - Transverse",-0.524256,Low,0.0,,
https://pharos.nih.gov/idg/targets/Q14416,Q14416,GTEx,"Whole Blood",-0.55029,Low,0.0,,
https://pharos.nih.gov/idg/targets/Q14416,Q14416,GTEx,"Heart - Atrial Appendage",-0.573245,Low,0.0,,
https://pharos.nih.gov/idg/targets/Q14416,Q14416,GTEx,Ovary,-0.592609,Low,0.0,,
https://pharos.nih.gov/idg/targets/Q14416,Q14416,GTEx,"Esophagus - Mucosa",-0.642637,Low,0.0,,
https://pharos.nih.gov/idg/targets/Q14416,Q14416,GTEx,"Heart - Left Ventricle",-0.654724,Low,0.0,,
https://pharos.nih.gov/idg/targets/Q14416,Q14416,GTEx,"Kidney - Cortex",-0.679542,Low,0.0,,
https://pharos.nih.gov/idg/targets/Q14416,Q14416,GTEx,"Adrenal Gland",-1.161277,Low,0.0,,
https://pharos.nih.gov/idg/targets/Q14416,Q14416,GTEx,Liver,-1.185353,Low,0.0,,
https://pharos.nih.gov/idg/targets/Q14416,Q14416,GTEx,Pancreas,-1.194159,Low,0.0,,
https://pharos.nih.gov/idg/targets/Q14416,Q14416,GTEx,"Cells - Transformed fibroblasts",-1.55292,Low,0.0,,
https://pharos.nih.gov/idg/targets/Q14416,Q14416,GTEx,"Cells - EBV-transformed lymphocytes",-1.56623,Low,0.0,,
https://pharos.nih.gov/idg/targets/Q14416,Q14416,"HPM Protein","Fetal Brain",1.351598,High,0.0,,
https://pharos.nih.gov/idg/targets/Q14416,Q14416,"HPM Protein","Adult Frontal Cortex",1.293115,High,0.0,,
https://pharos.nih.gov/idg/targets/Q14416,Q14416,"HPM Protein","Adult Retina",0.746816,High,0.0,,
https://pharos.nih.gov/idg/targets/Q14416,Q14416,"HPM Protein","Adult Colon",0.59565,Medium,0.0,,
https://pharos.nih.gov/idg/targets/Q14416,Q14416,"HPM Protein","CD8 Cells",0.390498,Medium,0.0,,
https://pharos.nih.gov/idg/targets/Q14416,Q14416,"HPM Protein","Adult Kidney",0.340245,Medium,0.0,,
https://pharos.nih.gov/idg/targets/Q14416,Q14416,"HPM Protein","B Cells",0.270636,Medium,0.0,,
https://pharos.nih.gov/idg/targets/Q14416,Q14416,"HPM Protein","CD4 Cells",0.212668,Medium,0.0,,
https://pharos.nih.gov/idg/targets/Q14416,Q14416,"HPM Protein","Adult Heart",0.175679,Low,0.0,,
https://pharos.nih.gov/idg/targets/Q14416,Q14416,"HPM Protein","Adult Ovary",0.174378,Low,0.0,,
https://pharos.nih.gov/idg/targets/Q14416,Q14416,"HPM Protein","Fetal Liver",0.096389,Low,0.0,,
https://pharos.nih.gov/idg/targets/Q14416,Q14416,"JensenLab Experiment HPM",Brain,0.0,null,0.8,,
https://pharos.nih.gov/idg/targets/Q14416,Q14416,"JensenLab Experiment HPM",Colon,0.0,null,0.5,,
https://pharos.nih.gov/idg/targets/Q14416,Q14416,"JensenLab Experiment HPM","Frontal lobe",0.0,null,1.0,,
https://pharos.nih.gov/idg/targets/Q14416,Q14416,"JensenLab Experiment HPM",Heart,0.0,null,0.5,,
https://pharos.nih.gov/idg/targets/Q14416,Q14416,"JensenLab Experiment HPM",Kidney,0.0,null,0.5,,
https://pharos.nih.gov/idg/targets/Q14416,Q14416,"JensenLab Experiment HPM",Liver,0.0,null,0.6,,
https://pharos.nih.gov/idg/targets/Q14416,Q14416,"JensenLab Experiment HPM",Retina,0.0,null,0.7,,
https://pharos.nih.gov/idg/targets/Q14416,Q14416,"HPA RNA",appendix,0.0,High,0.0,,
https://pharos.nih.gov/idg/targets/Q14416,Q14416,"HPA RNA","bone marrow",0.0,High,0.0,,
https://pharos.nih.gov/idg/targets/Q14416,Q14416,"HPA RNA","cerebral cortex",0.0,High,0.0,,
https://pharos.nih.gov/idg/targets/Q14416,Q14416,"HPA RNA",endometrium,0.0,High,0.0,,
https://pharos.nih.gov/idg/targets/Q14416,Q14416,"HPA RNA",prostate,0.0,High,0.0,,
https://pharos.nih.gov/idg/targets/Q14416,Q14416,"HPA RNA","skeletal muscle",0.0,High,0.0,,
https://pharos.nih.gov/idg/targets/Q14416,Q14416,"HPA RNA",skin,0.0,High,0.0,,
https://pharos.nih.gov/idg/targets/Q14416,Q14416,"HPA RNA",spleen,0.0,High,0.0,,
https://pharos.nih.gov/idg/targets/Q14416,Q14416,"HPA RNA",testis,0.0,High,0.0,,
https://pharos.nih.gov/idg/targets/Q14416,Q14416,"HPA RNA","urinary bladder",0.0,High,0.0,,
https://pharos.nih.gov/idg/targets/Q9UBS5,Q9UBS5,Consensus,"Liver and Pancreas",0.0,Low,0.0,,
https://pharos.nih.gov/idg/targets/Q9UBS5,Q9UBS5,Consensus,"Digestive Tract",0.0,Medium,0.0,,
https://pharos.nih.gov/idg/targets/Q9UBS5,Q9UBS5,Consensus,"Urinary Tract",0.0,Low,0.0,,
https://pharos.nih.gov/idg/targets/Q9UBS5,Q9UBS5,Consensus,"Endocrine System",0.0,Medium,0.0,,
https://pharos.nih.gov/idg/targets/Q9UBS5,Q9UBS5,Consensus,"Blood and immune system",0.0,Medium,0.0,,
https://pharos.nih.gov/idg/targets/Q9UBS5,Q9UBS5,Consensus,"Respiratory system",0.0,High,0.0,,
https://pharos.nih.gov/idg/targets/Q9UBS5,Q9UBS5,Consensus,"Female tissues",0.0,Medium,0.0,,
https://pharos.nih.gov/idg/targets/Q9UBS5,Q9UBS5,Consensus,"Male tissues",0.0,High,0.0,,
https://pharos.nih.gov/idg/targets/Q9UBS5,Q9UBS5,Consensus,"Skin and soft tissues",0.0,Medium,0.0,,
https://pharos.nih.gov/idg/targets/Q9UBS5,Q9UBS5,Consensus,"Nervous System",0.0,High,0.0,,
https://pharos.nih.gov/idg/targets/Q9UBS5,Q9UBS5,Consensus,"Cardiovascular System",0.0,Low,0.0,,
https://pharos.nih.gov/idg/targets/Q9UBS5,Q9UBS5,GTEx,"Brain - Cerebellar Hemisphere",2.565966,High,0.0,,
https://pharos.nih.gov/idg/targets/Q9UBS5,Q9UBS5,GTEx,"Brain - Cerebellum",2.47261,High,0.0,,
https://pharos.nih.gov/idg/targets/Q9UBS5,Q9UBS5,GTEx,Uterus,2.426186,High,0.0,,
https://pharos.nih.gov/idg/targets/Q9UBS5,Q9UBS5,GTEx,"Brain - Nucleus accumbens (basal ganglia)",2.41855,High,0.0,,
https://pharos.nih.gov/idg/targets/Q9UBS5,Q9UBS5,GTEx,"Brain - Frontal Cortex (BA9)",2.352761,High,0.0,,
https://pharos.nih.gov/idg/targets/Q9UBS5,Q9UBS5,GTEx,"Brain - Anterior cingulate cortex (BA24)",2.344196,High,0.0,,
https://pharos.nih.gov/idg/targets/Q9UBS5,Q9UBS5,GTEx,"Brain - Caudate (basal ganglia)",2.276921,High,0.0,,
https://pharos.nih.gov/idg/targets/Q9UBS5,Q9UBS5,GTEx,"Brain - Cortex",2.255152,High,0.0,,
https://pharos.nih.gov/idg/targets/Q9UBS5,Q9UBS5,GTEx,Spleen,2.248451,High,0.0,,
https://pharos.nih.gov/idg/targets/Q9UBS5,Q9UBS5,GTEx,"Brain - Amygdala",2.217484,High,0.0,,
https://pharos.nih.gov/idg/targets/Q9UBS5,Q9UBS5,GTEx,Vagina,2.198245,High,0.0,,
https://pharos.nih.gov/idg/targets/Q9UBS5,Q9UBS5,GTEx,Ovary,2.190332,High,0.0,,
https://pharos.nih.gov/idg/targets/Q9UBS5,Q9UBS5,GTEx,"Brain - Hypothalamus",2.164055,High,0.0,,
https://pharos.nih.gov/idg/targets/Q9UBS5,Q9UBS5,GTEx,"Brain - Putamen (basal ganglia)",2.149835,Medium,0.0,,
https://pharos.nih.gov/idg/targets/Q9UBS5,Q9UBS5,GTEx,"Nerve - Tibial",2.100715,Medium,0.0,,
https://pharos.nih.gov/idg/targets/Q9UBS5,Q9UBS5,GTEx,"Esophagus - Muscularis",2.047664,Medium,0.0,,
https://pharos.nih.gov/idg/targets/Q9UBS5,Q9UBS5,GTEx,"Artery - Aorta",2.041787,Medium,0.0,,
https://pharos.nih.gov/idg/targets/Q9UBS5,Q9UBS5,GTEx,"Esophagus - Gastroesophageal Junction",2.037028,Medium,0.0,,
https://pharos.nih.gov/idg/targets/Q9UBS5,Q9UBS5,GTEx,"Brain - Hippocampus",2.022222,Medium,0.0,,
https://pharos.nih.gov/idg/targets/Q9UBS5,Q9UBS5,GTEx,"Colon - Sigmoid",2.004321,Medium,0.0,,
https://pharos.nih.gov/idg/targets/Q9UBS5,Q9UBS5,GTEx,"Artery - Coronary",1.969649,Medium,0.0,,
https://pharos.nih.gov/idg/targets/Q9UBS5,Q9UBS5,GTEx,Thyroid,1.952187,Medium,0.0,,
https://pharos.nih.gov/idg/targets/Q9UBS5,Q9UBS5,GTEx,Prostate,1.950803,Medium,0.0,,
https://pharos.nih.gov/idg/targets/Q9UBS5,Q9UBS5,GTEx,"Brain - Substantia nigra",1.940716,Medium,0.0,,
https://pharos.nih.gov/idg/targets/Q9UBS5,Q9UBS5,GTEx,"Artery - Tibial",1.865874,Medium,0.0,,
https://pharos.nih.gov/idg/targets/Q9UBS5,Q9UBS5,GTEx,Pituitary,1.85564,Medium,0.0,,
https://pharos.nih.gov/idg/targets/Q9UBS5,Q9UBS5,GTEx,"Adipose - Visceral (Omentum)",1.852114,Medium,0.0,,
https://pharos.nih.gov/idg/targets/Q9UBS5,Q9UBS5,GTEx,Lung,1.807941,Medium,0.0,,
https://pharos.nih.gov/idg/targets/Q9UBS5,Q9UBS5,GTEx,Stomach,1.770926,Medium,0.0,,
https://pharos.nih.gov/idg/targets/Q9UBS5,Q9UBS5,GTEx,"Breast - Mammary Tissue",1.75274,Medium,0.0,,
https://pharos.nih.gov/idg/targets/Q9UBS5,Q9UBS5,GTEx,"Small Intestine - Terminal Ileum",1.73175,Medium,0.0,,
https://pharos.nih.gov/idg/targets/Q9UBS5,Q9UBS5,GTEx,"Skin - Not Sun Exposed (Suprapubic)",1.704279,Medium,0.0,,
https://pharos.nih.gov/idg/targets/Q9UBS5,Q9UBS5,GTEx,"Adrenal Gland",1.678063,Medium,0.0,,
https://pharos.nih.gov/idg/targets/Q9UBS5,Q9UBS5,GTEx,"Adipose - Subcutaneous",1.676511,Medium,0.0,,
https://pharos.nih.gov/idg/targets/Q9UBS5,Q9UBS5,GTEx,"Brain - Spinal cord (cervical c-1)",1.617105,Medium,0.0,,
https://pharos.nih.gov/idg/targets/Q9UBS5,Q9UBS5,GTEx,"Heart - Atrial Appendage",1.569783,Medium,0.0,,
https://pharos.nih.gov/idg/targets/Q9UBS5,Q9UBS5,GTEx,"Skin - Sun Exposed (Lower leg)",1.551572,Medium,0.0,,
https://pharos.nih.gov/idg/targets/Q9UBS5,Q9UBS5,GTEx,"Minor Salivary Gland",1.519894,Low,0.0,,
https://pharos.nih.gov/idg/targets/Q9UBS5,Q9UBS5,GTEx,"Esophagus - Mucosa",1.51175,Low,0.0,,
https://pharos.nih.gov/idg/targets/Q9UBS5,Q9UBS5,GTEx,"Whole Blood",1.491011,Low,0.0,,
https://pharos.nih.gov/idg/targets/Q9UBS5,Q9UBS5,GTEx,"Cells - Transformed fibroblasts",1.450018,Low,0.0,,
https://pharos.nih.gov/idg/targets/Q9UBS5,Q9UBS5,GTEx,"Kidney - Cortex",1.368008,Low,0.0,,
https://pharos.nih.gov/idg/targets/Q9UBS5,Q9UBS5,GTEx,Testis,1.353243,Low,0.0,,
https://pharos.nih.gov/idg/targets/Q9UBS5,Q9UBS5,GTEx,"Colon - Transverse",1.307924,Low,0.0,,
https://pharos.nih.gov/idg/targets/Q9UBS5,Q9UBS5,GTEx,"Heart - Left Ventricle",1.204256,Low,0.0,,
https://pharos.nih.gov/idg/targets/Q9UBS5,Q9UBS5,GTEx,Pancreas,0.892317,Low,0.0,,
https://pharos.nih.gov/idg/targets/Q9UBS5,Q9UBS5,GTEx,"Muscle - Skeletal",0.792076,Low,0.0,,
https://pharos.nih.gov/idg/targets/Q9UBS5,Q9UBS5,GTEx,"Cells - EBV-transformed lymphocytes",0.722552,Low,0.0,,
https://pharos.nih.gov/idg/targets/Q9UBS5,Q9UBS5,GTEx,Liver,0.620812,Low,0.0,,
https://pharos.nih.gov/idg/targets/Q9UBS5,Q9UBS5,"HPM Protein","Adult Frontal Cortex",1.58458,High,0.0,,
https://pharos.nih.gov/idg/targets/Q9UBS5,Q9UBS5,"HPM Protein","Fetal Brain",1.189771,Medium,0.0,,
https://pharos.nih.gov/idg/targets/Q9UBS5,Q9UBS5,"HPM Protein","Adult Retina",1.059842,Low,0.0,,
https://pharos.nih.gov/idg/targets/Q9UBS5,Q9UBS5,"JensenLab Experiment HPM",Brain,0.0,null,0.8,,
https://pharos.nih.gov/idg/targets/Q9UBS5,Q9UBS5,"JensenLab Experiment HPM","Frontal lobe",0.0,null,1.4,,
https://pharos.nih.gov/idg/targets/Q9UBS5,Q9UBS5,"JensenLab Experiment HPM",Esophagus,0.0,null,0.5,,
https://pharos.nih.gov/idg/targets/Q9UBS5,Q9UBS5,"JensenLab Experiment HPM",Retina,0.0,null,0.8,,
https://pharos.nih.gov/idg/targets/Q9UBS5,Q9UBS5,"HPA RNA","adipose tissue",0.0,High,0.0,,
https://pharos.nih.gov/idg/targets/Q9UBS5,Q9UBS5,"HPA RNA","adrenal gland",0.0,Medium,0.0,,
https://pharos.nih.gov/idg/targets/Q9UBS5,Q9UBS5,"HPA RNA",appendix,0.0,High,0.0,,
https://pharos.nih.gov/idg/targets/Q9UBS5,Q9UBS5,"HPA RNA","bone marrow",0.0,Medium,0.0,,
https://pharos.nih.gov/idg/targets/Q9UBS5,Q9UBS5,"HPA RNA",breast,0.0,Medium,0.0,,
https://pharos.nih.gov/idg/targets/Q9UBS5,Q9UBS5,"HPA RNA","cerebral cortex",0.0,High,0.0,,
https://pharos.nih.gov/idg/targets/Q9UBS5,Q9UBS5,"HPA RNA","cervix, uterine",0.0,Medium,0.0,,
https://pharos.nih.gov/idg/targets/Q9UBS5,Q9UBS5,"HPA RNA",colon,0.0,Medium,0.0,,
https://pharos.nih.gov/idg/targets/Q9UBS5,Q9UBS5,"HPA RNA",duodenum,0.0,Low,0.0,,
https://pharos.nih.gov/idg/targets/Q9UBS5,Q9UBS5,"HPA RNA",endometrium,0.0,High,0.0,,
https://pharos.nih.gov/idg/targets/Q9UBS5,Q9UBS5,"HPA RNA",esophagus,0.0,Low,0.0,,
https://pharos.nih.gov/idg/targets/Q9UBS5,Q9UBS5,"HPA RNA","fallopian tube",0.0,High,0.0,,
https://pharos.nih.gov/idg/targets/Q9UBS5,Q9UBS5,"HPA RNA",gallbladder,0.0,Medium,0.0,,
https://pharos.nih.gov/idg/targets/Q9UBS5,Q9UBS5,"HPA RNA","heart muscle",0.0,Low,0.0,,
https://pharos.nih.gov/idg/targets/Q9UBS5,Q9UBS5,"HPA RNA",kidney,0.0,Low,0.0,,
https://pharos.nih.gov/idg/targets/Q9UBS5,Q9UBS5,"HPA RNA",lung,0.0,High,0.0,,
https://pharos.nih.gov/idg/targets/Q9UBS5,Q9UBS5,"HPA RNA","lymph node",0.0,Medium,0.0,,
https://pharos.nih.gov/idg/targets/Q9UBS5,Q9UBS5,"HPA RNA",ovary,0.0,Medium,0.0,,
https://pharos.nih.gov/idg/targets/Q9UBS5,Q9UBS5,"HPA RNA",pancreas,0.0,Low,0.0,,
https://pharos.nih.gov/idg/targets/Q9UBS5,Q9UBS5,"HPA RNA",placenta,0.0,Medium,0.0,,
https://pharos.nih.gov/idg/targets/Q9UBS5,Q9UBS5,"HPA RNA",prostate,0.0,High,0.0,,
https://pharos.nih.gov/idg/targets/Q9UBS5,Q9UBS5,"HPA RNA",rectum,0.0,Low,0.0,,
https://pharos.nih.gov/idg/targets/Q9UBS5,Q9UBS5,"HPA RNA","salivary gland",0.0,Medium,0.0,,
https://pharos.nih.gov/idg/targets/Q9UBS5,Q9UBS5,"HPA RNA","seminal vesicle",0.0,High,0.0,,
https://pharos.nih.gov/idg/targets/Q9UBS5,Q9UBS5,"HPA RNA","skeletal muscle",0.0,Medium,0.0,,
https://pharos.nih.gov/idg/targets/Q9UBS5,Q9UBS5,"HPA RNA",skin,0.0,High,0.0,,
https://pharos.nih.gov/idg/targets/Q9UBS5,Q9UBS5,"HPA RNA","small intestine",0.0,Medium,0.0,,
https://pharos.nih.gov/idg/targets/Q9UBS5,Q9UBS5,"HPA RNA","smooth muscle",0.0,Medium,0.0,,
https://pharos.nih.gov/idg/targets/Q9UBS5,Q9UBS5,"HPA RNA",spleen,0.0,High,0.0,,
https://pharos.nih.gov/idg/targets/Q9UBS5,Q9UBS5,"HPA RNA",stomach,0.0,Medium,0.0,,
https://pharos.nih.gov/idg/targets/Q9UBS5,Q9UBS5,"HPA RNA",testis,0.0,Medium,0.0,,
https://pharos.nih.gov/idg/targets/Q9UBS5,Q9UBS5,"HPA RNA","thyroid gland",0.0,Medium,0.0,,
https://pharos.nih.gov/idg/targets/Q9UBS5,Q9UBS5,"HPA RNA",tonsil,0.0,Medium,0.0,,
https://pharos.nih.gov/idg/targets/Q9UBS5,Q9UBS5,"HPA RNA","urinary bladder",0.0,Medium,0.0,,
