"URL","Uniprot ID","GeneSymbol","Name","Description","Development Level","DTOClass","PantherClass","Novelty","Target Family","PatentCount","AntibodyCount","PubmedCount","Knowledge Availability","PubmedScore","PubtatorScore","PMIDs"
https://pharos.nih.gov/idg/targets/Q99928,Q99928,GABRG3,"Gamma-aminobutyric acid receptor subunit gamma-3","GABA, the major inhibitory neurotransmitter in the vertebrate brain, mediates neuronal inhibition by binding to the GABA/benzodiazepine receptor and opening an integral chloride channel.",Tclin,"GABRG3 sub-subfamily","ligand-gated ion channel",-0.9868282444319566,"Ion Channel",985,87,31,32.39,8.48,11.18,26566883|24709693|23535033|22969067|20583128|20468064|20436377|20398908|20379614|19874574|19736351|19727025|19598235|19086053|19078961|19058789|19019179|18516948|18334916|17957331|16674551|16572171|16080114|15489334|14981720|14745296|12477932|11948245|11329013|10891602|10414349|8719414|8175718|7601451
https://pharos.nih.gov/idg/targets/P28472,P28472,GABRB3,"Gamma-aminobutyric acid receptor subunit beta-3","Component of the heteropentameric receptor for GABA, the major inhibitory neurotransmitter in the vertebrate brain. Functions also as histamine receptor and mediates cellular responses to histamine. Functions as receptor for diazepines and various anesthetics, such as pentobarbital; these are bound at a separate allosteric effector binding site. Functions as ligand-gated chloride channel.",Tclin,"GABRB3 sub-subfamily","ligand-gated ion channel",-2.1320472221126816,"Ion Channel",2715,202,102,43.54,135.99,138.85,28544625|28053010|27864847|27476654|26993267|26950270|25356899|25211390|25086038|25025424|24909990|24865167|24755890|24722188|24709693|24249596|24199598|23934111|23677991|23438326|22812221|22414661|22303015|22243422|22080424|21908847|20843900|20834067|20634891|20550555|20468064|20379614|20308251|19937600|19935738|19874574|19736351|19734545|19717274|19598235|19430570|19268543|19086053|19078961|19058789|18978678|18837046|18821008|18650446|18514161|18452349|18358985|18281286|18085588|17957331|17880575|17471287|17339270|17326191|17272867|17230033|17225872|17215107|17124266|16835263|16712791|16674551|16572171|16537435|16344560|16080114|16023997|15767729|15615769|15489334|15337300|15318112|15296817|15066703|15028279|14724252|14702039|14503638|12973656|12640458|12595241|12491987|12477932|12367595|12225856|12189488|12048673|11711165|11140838|11085308|10515160|10514831|10023064|9328477|9126483|9039914|8389098|8382702|8175718|8136833|1714232|1664410|1346439
https://pharos.nih.gov/idg/targets/P17787,P17787,CHRNB2,"Neuronal acetylcholine receptor subunit beta-2","After binding acetylcholine, the AChR responds by an extensive change in conformation that affects all subunits and leads to opening of an ion-conducting channel across the plasma membrane permeable to sodiun ions.",Tclin,"Beta-2-CHRNB2 sub-subfamily","ligand-gated ion channel",-1.624481418895063,"Ion Channel",1636,174,110,35.31,37.56,51.33,28446611|27895161|27698419|27645992|27493220|27445102|27344019|26904947|26858154|26644472|25869137|25640319|25068303|24982426|24850280|23734673|23437071|23429692|23037950|23000369|22553201|22361591|22359659|21757735|21606948|21536845|21451042|21396349|21287502|21252231|20943775|20923852|20881005|20880607|20854418|20736995|20734064|20677014|20649589|20603624|20574532|20534741|20441771|20438829|20413850|20371741|20231857|19874574|19755656|19620239|19482438|19279256|19259974|19156168|19101612|19086053|19063970|19059502|19058950|18991851|18830724|18762859|18593715|18534914|18534558|18387948|18242781|18226955|18043764|17900292|17559419|17385675|17373692|17226798|17192785|16928859|16636791|16407231|16314871|16183856|16174636|16120769|16023355|15964197|15944128|15681842|15609996|15489334|15154117|15046869|15033200|15026168|12681012|12663058|12477932|12214130|12202488|12189247|12185808|11906688|11771745|11261808|11104662|11062464|11054772|10771020|10441742|9921897|9009220|8987816|8906617|8663494|2377478|1505988
https://pharos.nih.gov/idg/targets/Q9UN88,Q9UN88,GABRQ,"Gamma-aminobutyric acid receptor subunit theta","GABA, the major inhibitory neurotransmitter in the vertebrate brain, mediates neuronal inhibition by binding to the GABA/benzodiazepine receptor and opening an integral chloride channel.",Tclin,"GABRQ sub-subfamily","ligand-gated ion channel",-0.8309092878204924,"Ion Channel",,66,15,24.40,6.58,7.16,23382219|23169495|22690081|21422964|20468064|19874574|19087248|19086053|19078961|15772651|15489334|12477932|10804200|10449790|10414349|8828036
https://pharos.nih.gov/idg/targets/P02708,P02708,CHRNA1,"Acetylcholine receptor subunit alpha","After binding acetylcholine, the AChR responds by an extensive change in conformation that affects all subunits and leads to opening of an ion-conducting channel across the plasma membrane.",Tclin,"Alpha-1-CHRNA1 sub-subfamily","ligand-gated ion channel",-1.6639982178749455,"Ion Channel",1806,307,62,32.96,41.70,99.37,27649498|27375219|26656837|26354438|25888793|25670150|25279974|24376846|24121633|23775407|23448903|23232035|22728938|20734064|20661225|20628086|20379614|20201926|19913121|19760673|19690332|19307444|19259974|19086053|19059502|19010884|18806275|18625075|18252226|18179903|17687331|17373692|17082486|17028140|16685696|16435141|15609996|15079006|15028279|14702039|12928480|12588888|12477932|10958399|10910772|10195214|9546329|9221765|9158151|8910344|8872460|8441631|8334706|7902325|7863154|7725386|7695910|7619526|7254233|6688857|3651795|3338555|2449458|2221824|1712080|1694127
https://pharos.nih.gov/idg/targets/P48169,P48169,GABRA4,"Gamma-aminobutyric acid receptor subunit alpha-4","GABA, the major inhibitory neurotransmitter in the vertebrate brain, mediates neuronal inhibition by binding to the GABA/benzodiazepine receptor and opening an integral chloride channel.",Tclin,"GABRA4 sub-subfamily","ligand-gated ion channel",-1.2862246128364476,"Ion Channel",1035,291,34,30.55,17.69,17.57,26239769|24778259|24722188|24431441|23937595|23561058|22273344|21422964|20628086|20602615|20468064|19913121|19874574|19834535|19736351|19289452|19207358|19078961|18482426|18334916|17135278|17124266|16959974|16770606|16080114|15815621|15489334|15028279|14702039|12477932|12242096|12091471|10903861|10414349|8719416|8175718|7607683
https://pharos.nih.gov/idg/targets/O95264,O95264,HTR3B,"5-hydroxytryptamine receptor 3B","This is one of the several different receptors for 5-hydroxytryptamine (serotonin), a biogenic hormone that functions as a neurotransmitter, a hormone, and a mitogen. This receptor is a ligand-gated ion channel, which when activated causes fast, depolarizing responses. It is a cation-specific, but otherwise relatively nonselective, ion channel.",Tchem,"5-HT3 receptor sub-subfamily","ligand-gated ion channel",-1.6675282117867367,"Ion Channel",3068,91,71,24.08,42.02,63.25,28002447|27773795|27706728|27488933|26256989|25951416|25217961|24880582|24590108|24244382|23972841|23897038|23810831|23786674|23757001|23489111|23464988|23290502|22832903|21840870|21184810|21179162|21138434|20838391|20628086|20602615|20602613|20538960|20356718|20351714|20168265|20075642|20021265|19913121|19874574|19794330|19741568|19713259|19328558|19185213|19156168|19086053|19058789|19008750|18982004|18937842|18807291|18698232|18518925|18389280|18300944|18187416|18184810|18079067|17697394|17392525|17010535|16874005|16571125|16534507|16487942|16314763|15887114|15389765|15293096|15115912|14702039|14557147|12867984|12775740|12750374|12363396|12359150|10521471|9950429
https://pharos.nih.gov/idg/targets/P14867,P14867,GABRA1,"Gamma-aminobutyric acid receptor subunit alpha-1","Component of the heteropentameric receptor for GABA, the major inhibitory neurotransmitter in the vertebrate brain. Functions also as histamine receptor and mediates cellular responses to histamine. Functions as receptor for diazepines and various anesthetics, such as pentobarbital; these are bound at a separate allosteric effector binding site. Functions as ligand-gated chloride channel (By similarity).",Tclin,"GABRA1 sub-subfamily","ligand-gated ion channel",-1.7998403276806985,"Ion Channel",2369,301,121,37.29,58.41,97.18,28361821|27864847|27855134|27613244|27521439|27245092|27080428|26945068|26918889|26518133|26321868|26249742|26016529|25675822|25453062|25437558|25086038|24923912|24623842|24199598|23917429|23756480|23677991|23372267|23308109|23266428|22883737|22563490|22470130|22393585|22243422|22214903|22080424|22038115|21903587|21751815|21729720|21714819|21677653|21343285|21209255|21057732|20940303|20848605|20843900|20692323|20628086|20583128|20551311|20468064|20427410|20356767|20132297|20083606|19944766|19913121|19705103|19219857|19086053|19078961|18922788|18821008|18818659|18723504|18639864|18534981|18292428|18197653|17972043|17880575|17670950|17440936|17360668|17011586|16839746|16792556|16778401|16770606|16718694|16627470|16569738|16530959|16412095|16344560|16294320|16172613|16123039|16029191|15955415|15542698|15489334|15201329|15196679|15033447|15016806|14996540|14961561|14706423|14631097|14625018|14569258|12645817|12529644|12477932|12367612|12367595|12232773|12225856|12210273|12091471|11992121|11140838|10512150|10449790|10050966|9655866|9039914|8175718|8133292|8125298|2847710|2465923|1330891
https://pharos.nih.gov/idg/targets/P36544,P36544,CHRFAM7A,"Neuronal acetylcholine receptor subunit alpha-7","After binding acetylcholine, the AChR responds by an extensive change in conformation that affects all subunits and leads to opening of an ion-conducting channel across the plasma membrane. The channel is blocked by alpha-bungarotoxin.",Tchem,"Alpha-7-CHRNA7 sub-subfamily","ligand-gated ion channel",-1.8117325964972963,"Ion Channel",6150,226,27,0.00,87.74,11.50,27344019|26567012|26206074|25681457|25473097|24787912|24024466|23553139|22300029|20926142|20351714|19641318|19631623|19462340|19149910|19082523|17192894|17012698|16823804|16572171|16417613|16120769|15885267|15609996|15504725|15489334|14729617|14702039|12477932|11840567|11829490|11424985|9782083|9009220|8906617|8188270|8145738
https://pharos.nih.gov/idg/targets/P31644,P31644,GABRA5,"Gamma-aminobutyric acid receptor subunit alpha-5","GABA, the major inhibitory neurotransmitter in the vertebrate brain, mediates neuronal inhibition by binding to the GABA/benzodiazepine receptor and opening an integral chloride channel.",Tclin,"GABRA5 sub-subfamily","ligand-gated ion channel",-1.5757830484315885,"Ion Channel",1273,189,43,33.03,34.20,34.56,26876472|26169564|25663431|25660468|25211390|24755890|24227714|22546616|22020285|21751815|20843900|20692323|20628086|20468064|19913121|19736351|19328558|19086053|19078961|19058789|17957331|17680603|17580321|17370265|17353214|16674551|16344560|16080114|15882799|15489334|15033447|14702039|12477932|12048673|11378843|11287792|11140838|9668167|9205108|9126483|8388764|7851879|1338907|1321750
https://pharos.nih.gov/idg/targets/P18505,P18505,GABRB1,"Gamma-aminobutyric acid receptor subunit beta-1","Component of the heteropentameric receptor for GABA, the major inhibitory neurotransmitter in the vertebrate brain. Functions also as histamine receptor and mediates cellular responses to histamine. Functions as receptor for diazepines and various anesthetics, such as pentobarbital; these are bound at a separate allosteric effector binding site. Functions as ligand-gated chloride channel.",Tclin,"GABRB1 sub-subfamily","ligand-gated ion channel",-1.3551975828347904,"Ion Channel",1424,309,50,36.88,21.74,21.29,28416970|27273810|26950270|25660468|25566775|25241062|25192656|24722188|24022508|23934111|23917429|23392927|23251661|22393585|21751815|20848605|20843900|20468064|20379614|19874574|19567891|19078961|18650446|18281286|17655760|16800828|16770606|16278087|15815621|15489334|15337300|14702039|12601092|12595241|12477932|11606067|11350968|11324945|11140838|11085308|10900018|10449790|10195104|10023064|9039914|8178835|8125298|2465923|2160058|1655634|1652891|1323140|1321150
https://pharos.nih.gov/idg/targets/P30926,P30926,CHRNB4,"Neuronal acetylcholine receptor subunit beta-4","After binding acetylcholine, the AChR responds by an extensive change in conformation that affects all subunits and leads to opening of an ion-conducting channel across the plasma membrane.",Tclin,"Beta-4-CHRNB4 sub-subfamily","ligand-gated ion channel",-1.5718156214468924,"Ion Channel",1209,130,125,28.42,33.74,37.43,27758088|27344019|27302872|26942719|26904947|26689306|26010901|25891420|25474695|25471942|25384568|25297392|25293386|25172267|25072098|25056061|24804708|24750073|24719457|24556925|24085295|23884938|23844051|23729684|23692359|23691088|23626818|23458267|23349463|23143843|23061658|23029550|22956269|22945651|22925690|22543065|22459873|22438940|22382757|22382680|22336398|22241830|22101982|22042774|22042234|22024278|21917987|21747048|21658281|21646606|21486776|21436384|21343288|21248747|21228559|21168125|21107856|20886544|20808433|20736995|20734064|20685379|20631687|20587604|20584212|20554942|20485328|20438829|20426799|20418889|20201926|19859904|19706762|19696770|19671882|19628476|19628475|19429911|19259974|19156168|19086053|19059502|19029397|18996504|18780872|18759969|18618000|18519524|18414406|18387948|18385739|18385738|18163978|17373692|16826524|16572171|16368877|16120769|16091357|15742216|15609996|15489334|15146197|12912995|12783266|12663058|12477932|12150770|11742001|11606319|11450844|11181995|11118490|10336173|9693793|9655874|9203638|9193799|9009220|8996215|8987816|8906617|7571003|2004777|1689727|1572664|1505988|1330682
https://pharos.nih.gov/idg/targets/P46098,P46098,HTR3A,"5-hydroxytryptamine receptor 3A","This is one of the several different receptors for 5-hydroxytryptamine (serotonin), a biogenic hormone that functions as a neurotransmitter, a hormone, and a mitogen. This receptor is a ligand-gated ion channel, which when activated causes fast, depolarizing responses in neurons. It is a cation-specific, but otherwise relatively nonselective, ion channel.",Tclin,"5-HT3 receptor sub-subfamily","ligand-gated ion channel",-3.3866127873337866,"Ion Channel",35350,262,133,35.51,2426.70,283.54,28470485|28002447|27720614|27706728|27656911|27533595|27144979|26843630|26768715|26701104|26350166|25989383|25863270|25339231|24590108|24338226|24304330|24283776|24030822|23972841|23897038|23786674|23757001|23740249|23489111|23290502|23126479|22832903|22818390|22700043|22328445|22014438|21969281|21454663|21420406|21338684|21184810|20838391|20728877|20694966|20628086|20602615|20602613|20538960|20522555|20516728|20468064|20356718|20168265|20075642|20021265|19933756|19913121|19904001|19874574|19799413|19794330|19741568|19713259|19457066|19455600|19185213|19184136|19156168|19095219|19086053|19081678|19032968|19008750|18982004|18681779|18622264|18614545|18593952|18359159|18331431|18330705|18292429|18197086|18184810|18079067|18063656|17697394|17509016|17496724|17401153|17392525|17260949|17259209|17200121|17192651|17052218|17010535|16931691|16874005|16825485|16595668|16554811|16534507|16487942|16407231|16314763|16000636|15887114|15809299|15489334|15452106|15293096|15131114|15115912|15102340|15028279|14702039|14626451|14557147|12867984|12791692|12750374|12661769|12549905|12477932|12457738|12363396|12359150|12059035|11505217|11495540|11207027|10670426|10521471|9950429|9928262|8848005|8530095|8112471|7565620
https://pharos.nih.gov/idg/targets/Q16445,Q16445,GABRA6,"Gamma-aminobutyric acid receptor subunit alpha-6","GABA, the major inhibitory neurotransmitter in the vertebrate brain, mediates neuronal inhibition by binding to the GABA/benzodiazepine receptor and opening an integral chloride channel.",Tclin,"GABRA6 sub-subfamily","ligand-gated ion channel",-1.307945752433831,"Ion Channel",777,145,41,26.03,19.33,31.69,26535938|25974322|25088614|23332465|21930603|21902679|21420396|21041608|20583128|20468064|20100621|19874574|19842164|19598235|19523047|19086053|19078961|18616664|17440936|17295876|17167337|16959974|16778401|16402352|16344560|16172613|15542698|15489334|15466411|15197399|15196679|14744464|14702039|12477932|12232773|12080446|12079890|11140838|10023064|8632757|8175718|8020978
https://pharos.nih.gov/idg/targets/P34903,P34903,GABRA3,"Gamma-aminobutyric acid receptor subunit alpha-3","GABA, the major inhibitory neurotransmitter in the vertebrate brain, mediates neuronal inhibition by binding to the GABA/benzodiazepine receptor and opening an integral chloride channel.",Tclin,"GABRA3 sub-subfamily","ligand-gated ion channel",-1.5376526228217167,"Ion Channel",1104,135,48,31.95,32.93,36.27,29053855|27412533|27128218|27081042|26869349|26613940|26518133|25531214|24055488|23727119|23617850|23169495|21971078|20843900|20692323|20468064|20351714|19874574|19842164|19086053|19084931|19078961|19058789|19048400|18821008|18334916|18085588|18029348|17970773|17474147|16344560|15489334|15048654|15033447|14751442|12477932|11840313|11602034|11528422|11378843|11140838|10602120|9655866|9380754|8391122|8175718|2574000|2561974
https://pharos.nih.gov/idg/targets/O14764,O14764,GABRD,"Gamma-aminobutyric acid receptor subunit delta","GABA, the major inhibitory neurotransmitter in the vertebrate brain, mediates neuronal inhibition by binding to the GABA/benzodiazepine receptor and opening an integral chloride channel.",Tclin,"GABRD sub-subfamily","ligand-gated ion channel",-1.4756030988933018,"Ion Channel",844,205,21,30.60,28.69,19.47,27932480|27864847|25416956|24249596|23756480|21795619|20561060|19874574|19289452|19086053|18406065|16713569|16710414|16344560|16256272|16189514|16023832|15489334|15115768|12477932|12119096|10965146|2176788
https://pharos.nih.gov/idg/targets/P47869,P47869,GABRA2,"Gamma-aminobutyric acid receptor subunit alpha-2","GABA, the major inhibitory neurotransmitter in the vertebrate brain, mediates neuronal inhibition by binding to the GABA/benzodiazepine receptor and opening an integral chloride channel.",Tclin,"GABRA2 sub-subfamily","ligand-gated ion channel",-1.9477505814431777,"Ion Channel",1605,201,97,40.89,88.48,112.39,28361821|27128218|27117237|27033668|26871637|26518133|26250693|26116794|26087834|26075969|25804982|25797587|25514066|25365806|25087078|24975023|24811113|24687270|24166645|24136292|24045508|24022508|23974430|23692184|23600744|23566244|23480690|22882391|22882390|22555154|22501025|22129841|22047728|21919924|21751815|21683760|21483437|21118274|20843900|20716301|20698837|20628086|20622020|20602615|20583128|20468064|20225194|20202923|20133874|20102561|20048764|19913121|19874574|19842164|19833324|19783384|19736351|19672139|19487630|19229201|19207358|19086053|19078961|18821008|18818659|18781239|18727688|18519829|18482426|18361719|18005236|17976953|17949392|17690794|17655760|17507911|17207817|16894595|16622805|16562401|16557364|16395124|16344560|16080114|15950776|15834213|15815621|15702134|15274050|15033447|15024690|14702039|12477932|10449790|10023064|9039914|8391122|8175718
https://pharos.nih.gov/idg/targets/P47870,P47870,GABRB2,"Gamma-aminobutyric acid receptor subunit beta-2","Component of the heteropentameric receptor for GABA, the major inhibitory neurotransmitter in the vertebrate brain. Functions also as histamine receptor and mediates cellular responses to histamine. Functions as receptor for diazepines and various anesthetics, such as pentobarbital; these are bound at a separate allosteric effector binding site. Functions as ligand-gated chloride channel.",Tclin,"GABRB2 sub-subfamily","ligand-gated ion channel",-1.4946578888781,"Ion Channel",3978,257,84,39.64,30.44,39.12,28859983|28063323|27789573|26561861|26016529|25241062|25124326|23917429|23638040|23617850|23308109|23266428|23121119|22206711|21806616|21751815|21729720|21420396|21209255|20888417|20848605|20843900|20734064|20692323|20639197|20583128|20468064|20404824|20221451|19909288|19874574|19763268|19705103|19523047|19367581|19086053|19078961|19056867|18715757|18583979|18334916|18197653|18180429|17520021|17440936|17412563|17251430|17167345|16983389|16950232|16778401|16766085|16627470|16472798|16172613|15542698|15489334|15337300|15033447|15016806|14966130|14702039|14699426|14625018|14503638|12819203|12574411|12477932|12435728|12232773|12034717|11854302|11140951|11085308|10493732|10449790|10023064|9153573|8590827|8264558|8175718|7851879|7707873|1334482|1321150
https://pharos.nih.gov/idg/targets/P32297,P32297,CHRNA3,"Neuronal acetylcholine receptor subunit alpha-3","After binding acetylcholine, the AChR responds by an extensive change in conformation that affects all subunits and leads to opening of an ion-conducting channel across the plasma membrane.",Tclin,"Alpha-3-CHRNA3 sub-subfamily","ligand-gated ion channel",-1.9957723751441452,"Ion Channel",2328,193,206,41.49,92.14,110.74,28474623|28191914|27758088|27344019|27302872|27127891|27072204|26997181|26942719|26831765|26751916|26689306|26527870|26010901|26002565|25874685|25656608|25474695|25471942|25399010|25384568|25297392|25293386|25288178|25270189|25241909|25101718|25072098|25056061|25051068|25006744|24906368|24750073|24719457|24686516|24621683|24588897|24535486|24375168|24337855|24113126|24057674|23884938|23844051|23729684|23710919|23701534|23692359|23689675|23626818|23604333|23458267|23284291|23255854|23251661|23207642|23143843|23061658|23056235|23029550|23023782|23022100|22956269|22914670|22837378|22722785|22701590|22461431|22459873|22441734|22382757|22356581|22336398|22280835|22274960|22241830|22223462|22101982|22080838|22042234|22024278|22017462|21946350|21858091|21810735|21765098|21748402|21747048|21690317|21646606|21623257|21593077|21559498|21536845|21511889|21486776|21436384|21385908|21312287|21248747|21228559|21168125|21081471|20886544|20840187|20808433|20736995|20734064|20725741|20712524|20685379|20656943|20643934|20631687|20587604|20584212|20564069|20554942|20485328|20438829|20426799|20418890|20418889|20418888|20395203|20393456|20234319|20201926|20173748|20068085|20043866|20007924|19955392|19859904|19836008|19834535|19733931|19706762|19696770|19671882|19654303|19641473|19628476|19628475|19506133|19429911|19300482|19259974|19247474|19156168|19132693|19059502|19029397|19010884|19005185|18996504|18978790|18978787|18957677|18780872|18759969|18647633|18618000|18519524|18414406|18385739|18385738|18385720|18385676|18227835|18163978|17504758|17373692|17344216|16572171|16120769|16091357|15716100|15681842|15609996|15494367|15489334|12912995|12663058|12477932|12214130|11771745|11606319|11450844|11118490|10771001|10336173|10095081|9921897|9804613|9624109|9387186|9009220|8987816|8906617|8889548|8878111|7850023|7490471|2336208|2004777|1989896|1725184|1689727|1572664
https://pharos.nih.gov/idg/targets/P23416,P23416,GLRA2,"Glycine receptor subunit alpha-2","Glycine receptors are ligand-gated chloride channels. Channel opening is triggered by extracellular glycine (PubMed:2155780, PubMed:15302677, PubMed:16144831, PubMed:23895467, PubMed:25445488). Channel opening is also triggered by taurine and beta-alanine (PubMed:15302677). Plays a role in the down-regulation of neuronal excitability. Contributes to the generation of inhibitory postsynaptic currents (PubMed:25445488). Plays a role in cellular responses to ethanol (PubMed:23895467).",Tchem,"GLRA2 sub-subfamily","ligand-gated ion channel",-1.0336006779245979,"Ion Channel",5725,33,18,29.10,11.98,21.32,27382060|25445488|23895467|22606311|20237295|19874574|19086053|17207965|16344560|16144831|15772651|15489334|15302677|15147510|14702039|12477932|11409700|9674912|8973915|8889549|2155780
https://pharos.nih.gov/idg/targets/P23415,P23415,GLRA1,"Glycine receptor subunit alpha-1","Glycine receptors are ligand-gated chloride channels (PubMed:23994010, PubMed:25730860). Channel opening is triggered by extracellular glycine (PubMed:2155780, PubMed:7920629, PubMed:14551753, PubMed:16144831, PubMed:22715885, PubMed:22973015, PubMed:25973519, PubMed:9009272). Channel opening is also triggered by taurine and beta-alanine (PubMed:16144831, PubMed:9009272). Channel characteristics depend on the subunit composition; heteropentameric channels are activated by lower glycine levels and display faster desensitization (PubMed:14551753). Plays an important role in the down-regulation of neuronal excitability (PubMed:8298642, PubMed:9009272). Contributes to the generation of inhibitory postsynaptic currents (PubMed:25445488). Channel activity is potentiated by ethanol (PubMed:25973519). Potentiation of channel activity by intoxicating levels of ethanol contribute to the sedative effects of ethanol (By similarity).",Tclin,"GLRA1 sub-subfamily","ligand-gated ion channel",-2.0863773852124865,"Ion Channel",1805,306,127,31.40,119.03,139.16,28174298|27923639|27226610|26845851|26079326|25973519|25730860|25572390|25568133|25445488|25356525|25079583|24970905|24108130|24097980|23994010|23834509|23090334|23035114|22995908|22973015|22816018|22715885|22279218|22264702|22132222|22037201|21955162|21917927|21463577|21414903|20959630|20959090|20631190|20198385|19959465|19874574|19861413|19732286|19705103|19626554|19286654|19086053|19073849|19049967|18852446|18806798|18710260|18690053|18658152|18292428|18043720|18036150|17887775|17655979|17655760|17536053|17534957|17469203|17434460|17433503|17181559|17040914|16941485|16832093|16361257|16344560|16144831|16109711|16078201|15952785|15951389|15771552|15748848|15489334|15489161|15365143|15287733|15147510|14981077|14702039|14698963|14593111|14563849|14551753|14525990|12954867|12826676|12766618|12746425|12740384|12679369|12667090|12661758|12477932|12356883|12239220|12237328|12080117|11981021|11981020|11973623|11929858|11751269|11702206|11580237|10639099|10514101|9920650|9350397|9067762|9009272|8973915|8733061|8717357|8651283|8571969|8298642|8137830|8125298|7981700|7925268|7920629|7881416|7806244|7611730|7518444|7506679|2155780|1845981|1355335|1334371
https://pharos.nih.gov/idg/targets/Q04844,Q04844,CHRNE,"Acetylcholine receptor subunit epsilon","After binding acetylcholine, the AChR responds by an extensive change in conformation that affects all subunits and leads to opening of an ion-conducting channel across the plasma membrane.",Tclin,"Epsilon-CHRNE sub-subfamily","ligand-gated ion channel",-1.6604784014534255,"Ion Channel",1312,117,46,34.01,45.30,67.90,27375219|22592360|22178625|21715663|21470676|21175599|21150643|20864527|20734064|19544078|19259974|19086053|19064877|19059502|18657869|17363247|17304221|17272341|16527851|16198106|16087917|15652413|15609996|15367858|15322984|14981744|14592868|14532324|12562900|12141316|12087176|11030414|10962020|10719961|10534268|10514102|10211467|9158150|8957026|8872460|8755487|8232384|7958418|7902325|7688301|7538206|7531341|1712080
https://pharos.nih.gov/idg/targets/Q05901,Q05901,CHRNB3,"Neuronal acetylcholine receptor subunit beta-3","After binding acetylcholine, the AChR responds by an extensive change in conformation that affects all subunits and leads to opening of an ion-conducting channel across the plasma membrane.",Tchem,"Beta-3-CHRNB3 sub-subfamily","ligand-gated ion channel",-1.270293571379133,"Ion Channel",1106,103,58,26.15,20.23,23.40,27645992|27327258|27085880|26318101|25823894|25068303|24792900|24731518|24675634|24401102|24057674|24001015|23943838|23899432|23319001|22524403|22315221|21831805|21606657|21191315|20923852|20854418|20840187|20736995|20734064|20584212|20418888|20231857|19760673|19500157|19482438|19259974|19156168|19086053|19059502|18704094|18055561|17559419|17373692|17207965|17158188|17135278|16314871|15489334|12912995|12783266|12477932|11118490|10336173|9624109|9193799|9009220|8906617|8889548|8088849|7690916|7571003|1505988
https://pharos.nih.gov/idg/targets/Q401N2,Q401N2,ZACN,"Zinc-activated ligand-gated ion channel","Zinc-activated ligand-gated ion channel.",Tchem,"Neurotransmitter receptor, cys loop, ligand-gated ion channel (lic) family","ligand-gated ion channel",0.27300127206373764,"Ion Channel",10231,66,4,17.07,0.96,12.71,16625196|16344560|16083862|15489334|14702039|12477932|12381728
https://pharos.nih.gov/idg/targets/P07510,P07510,CHRNG,"Acetylcholine receptor subunit gamma","After binding acetylcholine, the AChR responds by an extensive change in conformation that affects all subunits and leads to opening of an ion-conducting channel across the plasma membrane.",Tclin,"Gamma-CHRNG sub-subfamily","ligand-gated ion channel",-1.2064333136225478,"Ion Channel",988,99,27,31.86,15.14,17.58,27245440|25608830|25416956|25411939|23448903|23396134|22167768|20734064|20584212|19259974|19086053|19059502|18988640|18625075|18502212|16826531|16826520|16435141|15815621|15489334|14702039|12477932|8040310|7695910|7688301|3967651|2630182|1981051
https://pharos.nih.gov/idg/targets/Q9UGM1,Q9UGM1,CHRNA9,"Neuronal acetylcholine receptor subunit alpha-9","Ionotropic receptor with a probable role in the modulation of auditory stimuli. Agonist binding induces a conformation change that leads to the opening of an ion-conducting channel across the plasma membrane (PubMed:11752216, PubMed:25282151). The channel is permeable to a range of divalent cations including calcium, the influx of which may activate a potassium current which hyperpolarizes the cell membrane (PubMed:11752216, PubMed:25282151). In the ear, this may lead to a reduction in basilar membrane motion, altering the activity of auditory nerve fibers and reducing the range of dynamic hearing. This may protect against acoustic trauma. May also regulate keratinocyte adhesion (PubMed:11021840).",Tchem,"Alpha-9-CHRNA9 sub-subfamily","ligand-gated ion channel",-0.9581423949116714,"Ion Channel",428,52,34,29.40,8.44,10.13,28223528|25450229|25282151|25142973|25133637|24676996|22774872|22280835|22125646|21841780|21370452|20953833|20734064|20733118|20229177|19259974|19156168|19059502|18420419|17706194|17567985|17559419|17373692|16314871|15815621|15531379|15489334|12860975|12697997|12477932|11752216|11329013|11076863|11021840
https://pharos.nih.gov/idg/targets/P18507,P18507,GABRG2,"Gamma-aminobutyric acid receptor subunit gamma-2","Component of the heteropentameric receptor for GABA, the major inhibitory neurotransmitter in the vertebrate brain. Functions also as histamine receptor and mediates cellular responses to histamine. Functions as receptor for diazepines and various anesthetics, such as pentobarbital; these are bound at a separate allosteric effector binding site. Functions as ligand-gated chloride channel.",Tclin,"GABRG2 sub-subfamily","ligand-gated ion channel",-1.9336919686848217,"Ion Channel",1880,298,129,38.02,83.05,149.17,28586508|28197552|27889765|27871023|27864847|27864268|27822752|27733149|27367160|26518133|26452361|26239769|26016529|26005849|25731747|25726841|24912277|24874541|24798517|24776921|24630281|24480790|24425869|24407264|24368169|24199598|24061200|23720301|23708187|23677991|23308109|23287319|23266428|23257655|23140995|23069679|22750526|22572707|22539854|22239287|22011963|21983990|21908847|21751815|21729720|21714819|21474657|21219304|20583128|20485450|20468064|20356767|20132297|20098824|19874574|19854014|19842164|19834535|19705103|19682861|19650112|19553237|19523047|19522081|19428381|19292758|19236456|19219857|19086053|19078961|19065515|19019179|18825662|18755274|18566737|18292428|18197653|18175077|18085588|17927801|17880575|17641256|17440936|17162195|17124266|16924025|16806831|16627470|16412095|16344560|16172613|15955415|15772696|15542698|15489334|15470132|15372022|15342642|15257153|15033447|15028279|15016806|14981251|14966130|14736867|14702039|14625018|14593118|14569258|12759178|12694927|12672902|12574411|12477932|12384214|12367595|12367594|12232773|12225856|12117362|11948245|11328646|11326275|11326274|11140951|10659839|10449790|9892355|8875185|8382267|7851879|2538761|1321425|1321150
https://pharos.nih.gov/idg/targets/P43681,P43681,CHRNA4,"Neuronal acetylcholine receptor subunit alpha-4","After binding acetylcholine, the AChR responds by an extensive change in conformation that affects all subunits and leads to opening of an ion-conducting channel across the plasma membrane permeable to sodium ions.",Tclin,"Alpha-4-CHRNA4 sub-subfamily","ligand-gated ion channel",-3.625893491195987,"Ion Channel",65374,202,184,36.90,4263.66,1723.69,28877969|28446611|27895161|27698419|27645992|27565302|27445102|27344019|27123786|27109789|27054571|26982087|26952864|26858154|26684647|26644472|26612384|26440539|26125703|25934188|25869137|25729002|25639542|25282705|24982426|24850280|24498031|24428733|24385388|24327142|23843950|23734673|23731290|23720086|23553665|23437071|23429692|23350800|23349463|23240931|23037950|23000369|22947540|22873564|22760121|22722381|22553201|22373960|22361591|22359659|22253823|22119468|22118295|22103306|22008229|21821135|21757735|21753767|21740768|21683344|21593077|21500914|21451042|21445957|21432576|21396349|21343288|21321393|21252231|21203548|21130611|20943775|20881005|20736995|20734064|20649589|20634891|20584212|20493238|20438829|20331911|20231857|20201926|20189461|19896235|19874574|19803686|19693267|19628475|19620239|19577488|19506906|19498063|19484724|19482438|19429020|19352218|19336370|19300482|19290018|19259974|19156168|19101612|19063970|19059502|19058950|19058789|19020039|19016604|18991851|18937294|18821565|18762859|18691652|18534558|18298895|18226955|18043764|18042647|17981562|17977823|17955458|17948872|17768273|17613539|17590520|17559419|17504247|17488453|17385675|17373692|17226798|16869227|16825297|16636791|16608406|16456787|16407231|16344560|16332175|16205844|16183856|16174636|16120769|16091357|16023355|15944128|15902904|15790597|15717291|15489334|15154117|15046869|14623738|12887446|12887442|12782394|12781587|12681012|12663058|12565129|12556914|12477932|12214130|12202488|12189247|12185808|12121305|11780052|11771745|11409698|11352901|11261808|10563623|9009220|8987816|8906617|8889548|8833159|7806245|7721089|7647781|7550350|2351675|1505988|1492743
https://pharos.nih.gov/idg/targets/Q15825,Q15825,CHRNA6,"Neuronal acetylcholine receptor subunit alpha-6","After binding acetylcholine, the AChR responds by an extensive change in conformation that affects all subunits and leads to opening of an ion-conducting channel across the plasma membrane.",Tchem,"Alpha-6-CHRNA6 sub-subfamily","ligand-gated ion channel",-1.1927524319921514,"Ion Channel",428,83,52,26.41,13.97,16.09,27344019|27327258|27085880|25823894|25068303|24886653|24792900|24675634|24401102|24253422|24085295|23899432|23227187|23002780|22315221|21917987|21873428|21832048|21831805|20923852|20854418|20736995|20734064|20584212|20418888|20231857|20029407|19698703|19564872|19500157|19259974|19204725|19156168|19086053|19059502|18940593|18940582|18704094|18198416|18055561|17373692|17324557|17207965|17081983|16421571|15489334|14702039|12537063|12477932|12406580|12195439|12150770|8950106|8906617
https://pharos.nih.gov/idg/targets/P78334,P78334,GABRE,"Gamma-aminobutyric acid receptor subunit epsilon","GABA, the major inhibitory neurotransmitter in the vertebrate brain, mediates neuronal inhibition by binding to the GABA/benzodiazepine receptor and opening an integral chloride channel.",Tclin,"GABRE sub-subfamily","ligand-gated ion channel",-1.3782525499735228,"Ion Channel",13331,125,25,30.06,21.12,14.27,25660468|24737792|24022508|21422964|20609421|20468064|19874574|19087248|19086053|19078961|17714454|17615250|17293408|17207965|15946973|15772651|15755675|15489334|14702039|12477932|12367593|10804200|10023064|9339354|9185540|9084408|9039914
https://pharos.nih.gov/idg/targets/Q9GZZ6,Q9GZZ6,CHRNA10,"Neuronal acetylcholine receptor subunit alpha-10","Ionotropic receptor with a probable role in the modulation of auditory stimuli. Agonist binding may induce an extensive change in conformation that affects all subunits and leads to opening of an ion-conducting channel across the plasma membrane. The channel is permeable to a range of divalent cations including calcium, the influx of which may activate a potassium current which hyperpolarizes the cell membrane. In the ear, this may lead to a reduction in basilar membrane motion, altering the activity of auditory nerve fibers and reducing the range of dynamic hearing. This may protect against acoustic trauma.",Tchem,"Alpha-10-CHRNA10 sub-subfamily","ligand-gated ion channel",-0.5850968296649731,"Ion Channel",221,128,15,28.69,2.97,4.29,26395518|22774872|20734064|20584212|20379614|20231857|19760673|19259974|19156168|18420419|17559419|17373692|15531379|12477932|11752216|11350119
https://pharos.nih.gov/idg/targets/Q15822,Q15822,CHRNA2,"Neuronal acetylcholine receptor subunit alpha-2","After binding acetylcholine, the AChR responds by an extensive change in conformation that affects all subunits and leads to opening of an ion-conducting channel across the plasma membrane.",Tchem,"Alpha-2-CHRNA2 sub-subfamily","ligand-gated ion channel",-1.3172173130943414,"Ion Channel",825,117,45,28.61,18.28,33.15,27493220|25847220|25770198|25450229|24950454|24467848|24253422|23943838|21287502|20736995|20734064|20584212|20231857|20201926|19383498|19307444|19259974|19156168|19086053|19059502|19058950|18991851|18588430|18384978|18226955|18165968|17602836|17559419|17373692|16826524|16421571|16344560|15996750|15489334|15028279|14702039|12783266|12477932|12121305|10336173|9193799|8996215|8906617|7708749|7570187|1505988
https://pharos.nih.gov/idg/targets/P11230,P11230,CHRNB1,"Acetylcholine receptor subunit beta","After binding acetylcholine, the AChR responds by an extensive change in conformation that affects all subunits and leads to opening of an ion-conducting channel across the plasma membrane.",Tclin,"Beta-1-CHRNB1 sub-subfamily","ligand-gated ion channel",-1.2622187543962644,"Ion Channel",1362,180,27,37.39,17.86,24.85,28153524|27375219|24240098|22406075|20736995|20734064|20584212|19307444|19279256|19259974|19086053|18179903|17373692|17015027|16874522|16625196|16280586|15609996|15489334|14702039|12477932|11104662|10662545|10562302|8872460|8651643|2740233|2221824|887246
https://pharos.nih.gov/idg/targets/Q07001,Q07001,CHRND,"Acetylcholine receptor subunit delta","After binding acetylcholine, the AChR responds by an extensive change in conformation that affects all subunits and leads to opening of an ion-conducting channel across the plasma membrane.",Tclin,"Delta-CHRND sub-subfamily","ligand-gated ion channel",-1.3015416352483382,"Ion Channel",853,155,33,29.08,18.91,11.95,27375219|26698174|25080583|24240098|23448903|20840187|20734064|20584212|20201926|19259974|19086053|19059502|19010793|18625075|18398509|18252226|18179903|16959974|16916845|15815621|15609996|15489334|15028279|14735155|14702039|12499478|12477932|11782989|11435464|9668219|8987816|8910344|8872460|8103404|7695910|2564429|2221824
https://pharos.nih.gov/idg/targets/Q8WXA8,Q8WXA8,HTR3C,"5-hydroxytryptamine receptor 3C","This is one of the several different receptors for 5-hydroxytryptamine (serotonin), a biogenic hormone that functions as a neurotransmitter, a hormone, and a mitogen. This receptor is a ligand-gated ion channel, which when activated causes fast, depolarizing responses. It is a cation-specific, but otherwise relatively nonselective, ion channel.",Tchem,"5-HT3 receptor sub-subfamily","ligand-gated ion channel",-0.6893061354977469,"Ion Channel",251,78,18,14.05,5.03,11.54,28813580|24603532|24477975|23928294|22472876|21192076|20538960|20356718|20021265|19794330|19035560|18681779|18389280|17392525|16959974|15489334|15157181|14597179|12801637|12477932
https://pharos.nih.gov/idg/targets/Q70Z44,Q70Z44,HTR3D,"5-hydroxytryptamine receptor 3D","This is one of the several different receptors for 5-hydroxytryptamine (serotonin), a biogenic hormone that functions as a neurotransmitter, a hormone, and a mitogen. This receptor is a ligand-gated ion channel, which when activated causes fast, depolarizing responses. It is a cation-specific, but otherwise relatively nonselective, ion channel.",Tchem,"5-HT3 receptor sub-subfamily","ligand-gated ion channel",-0.5595324704889653,"Ion Channel",395,20,15,13.18,3.23,0.95,28813580|24603532|22472876|21192076|20628086|20602613|20538960|20356718|20021265|19913121|19794330|17392525|16641997|15489334|14597179|12801637|12477932
https://pharos.nih.gov/idg/targets/A5X5Y0,A5X5Y0,HTR3E,"5-hydroxytryptamine receptor 3E","This is one of the several different receptors for 5-hydroxytryptamine (serotonin), a biogenic hormone that functions as a neurotransmitter, a hormone, and a mitogen. This receptor is a ligand-gated ion channel, which when activated causes fast, depolarizing responses. It is a cation-specific, but otherwise relatively nonselective, ion channel.",Tchem,"5-HT3 receptor sub-subfamily","ligand-gated ion channel",-0.8315885294439107,"Ion Channel",368,83,16,13.07,6.50,11.14,23928294|22472876|21192076|20602613|20538960|20522555|20356718|20021265|19794330|19012743|18614545|18573276|17392525|16641997|15489334|15157181|14597179|12801637|12477932
https://pharos.nih.gov/idg/targets/Q8N1C3,Q8N1C3,GABRG1,"Gamma-aminobutyric acid receptor subunit gamma-1","GABA, the major inhibitory neurotransmitter in the vertebrate brain, mediates neuronal inhibition by binding to the GABA/benzodiazepine receptor and opening an integral chloride channel.",Tclin,"GABRG1 sub-subfamily","ligand-gated ion channel",-1.0317439712126453,"Ion Channel",481,92,22,25.76,10.05,18.68,26087834|24425869|22817768|21919924|21750581|20583128|20468064|20379614|19736351|19426171|19086053|19078961|19019179|18818659|17976953|17974005|17507911|16080114|15489334|14702039|12477932|11948245|10449790|1321425
https://pharos.nih.gov/idg/targets/O00591,O00591,GABRP,"Gamma-aminobutyric acid receptor subunit pi","GABA, the major inhibitory neurotransmitter in the vertebrate brain, mediates neuronal inhibition by binding to the GABA/benzodiazepine receptor and opening an integral chloride channel. In the uterus, the function of the receptor appears to be related to tissue contractility. The binding of this pI subunit with other GABA(A) receptor subunits alters the sensitivity of recombinant receptors to modulatory agents such as pregnanolone.",Tclin,"GABRP sub-subfamily","ligand-gated ion channel",-1.0597094368331954,"Ion Channel",3100,75,18,31.50,12.71,9.44,26634217|25012653|23470693|20583128|20468064|20103740|19834535|19086053|19078961|16959974|16187283|16172613|15489334|14702039|12477932|10462548|10414965|10209232|9182563
https://pharos.nih.gov/idg/targets/P24046,P24046,GABRR1,"Gamma-aminobutyric acid receptor subunit rho-1","GABA, the major inhibitory neurotransmitter in the vertebrate brain, mediates neuronal inhibition by binding to the GABA/benzodiazepine receptor and opening an integral chloride channel. Rho-1 GABA receptor could play a role in retinal neurotransmission.",Tchem,"GABRR1 sub-subfamily","ligand-gated ion channel",-1.7237542478721897,"Ion Channel",521,148,39,27.41,51.44,30.26,28699326|27244450|26321868|23755849|22747884|22169095|20889312|20820800|20583128|20468064|20056107|19717338|19536785|19086053|19078961|18675255|18599601|18227272|18079559|16344560|16198491|15548535|15489334|15163459|14702039|14660627|14574404|12477932|12431995|12226075|12175859|11102469|10779366|10625616|10542332|9892354|9839716|9153229|7472519|1849271|1315307
https://pharos.nih.gov/idg/targets/O75311,O75311,GLRA3,"Glycine receptor subunit alpha-3","Glycine receptors are ligand-gated chloride channels. Channel opening is triggered by extracellular glycine (PubMed:9677400, PubMed:26416729). Channel characteristics depend on the subunit composition; heteropentameric channels display faster channel closure (By similarity). Plays an important role in the down-regulation of neuronal excitability (By similarity). Contributes to the generation of inhibitory postsynaptic currents (By similarity). Contributes to increased pain perception in response to increased prostaglandin E2 levels (By similarity). Plays a role in cellular responses to ethanol (By similarity).",Tchem,"GLRA3 sub-subfamily","ligand-gated ion channel",-1.1193711364439842,"Ion Channel",1064,82,16,29.93,12.88,22.08,27991902|27382060|26416729|24595857|23834509|19959465|19661067|19086053|16344560|15489334|12477932|12358726|11496371|10737800|9677400|7894176
https://pharos.nih.gov/idg/targets/P48167,P48167,GLRB,"Glycine receptor subunit beta","Glycine receptors are ligand-gated chloride channels. GLRB does not form ligand-gated ion channels by itself, but is part of heteromeric ligand-gated chloride channels. Channel opening is triggered by extracellular glycine (PubMed:8717357, PubMed:15302677, PubMed:16144831, PubMed:22715885, PubMed:25445488, PubMed:11929858, PubMed:23238346). Heteropentameric channels composed of GLRB and GLRA1 are activated by lower glycine levels than homopentameric GLRA1 (PubMed:8717357). Plays an important role in the down-regulation of neuronal excitability (PubMed:11929858, PubMed:23238346). Contributes to the generation of inhibitory postsynaptic currents (PubMed:25445488).",Tclin,"GLRB sub-subfamily","ligand-gated ion channel",-1.2827623431457882,"Ion Channel",1370,97,39,35.17,18.00,29.82,28167838|26845851|26613940|26055424|25531214|25445488|24108130|23238346|23184146|23182654|22973015|22715885|22606311|22535951|22132222|21829170|21391991|20201926|19874574|19834535|19705103|19204413|19086053|19020133|18985319|18621921|16344560|16144831|15815621|15748848|15489334|15302677|15215304|15028279|14741407|14702039|14698963|14563849|14551753|12684523|12477932|11929858|11496371|10395998|9676428|8717357|7546736
