"URL","Uniprot ID","Keyword","Link"
https://pharos.nih.gov/idg/targets/Q99928,Q99928,"Complete proteome",http://www.uniprot.org/keywords/KW-0181
https://pharos.nih.gov/idg/targets/Q99928,Q99928,Polymorphism,http://www.uniprot.org/keywords/KW-0621
https://pharos.nih.gov/idg/targets/Q99928,Q99928,"Reference proteome",http://www.uniprot.org/keywords/KW-1185
https://pharos.nih.gov/idg/targets/Q99928,Q99928,"Alternative splicing",http://www.uniprot.org/keywords/KW-0025
https://pharos.nih.gov/idg/targets/Q99928,Q99928,"Cell membrane",http://www.uniprot.org/keywords/KW-1003
https://pharos.nih.gov/idg/targets/Q99928,Q99928,"Disulfide bond",http://www.uniprot.org/keywords/KW-1015
https://pharos.nih.gov/idg/targets/Q99928,Q99928,Glycoprotein,http://www.uniprot.org/keywords/KW-0325
https://pharos.nih.gov/idg/targets/Q99928,Q99928,Membrane,http://www.uniprot.org/keywords/KW-0472
https://pharos.nih.gov/idg/targets/Q99928,Q99928,Transmembrane,http://www.uniprot.org/keywords/KW-0812
https://pharos.nih.gov/idg/targets/Q99928,Q99928,"Transmembrane helix",http://www.uniprot.org/keywords/KW-1133
https://pharos.nih.gov/idg/targets/Q99928,Q99928,Lipoprotein,http://www.uniprot.org/keywords/KW-0449
https://pharos.nih.gov/idg/targets/Q99928,Q99928,Palmitate,http://www.uniprot.org/keywords/KW-0564
https://pharos.nih.gov/idg/targets/Q99928,Q99928,Signal,http://www.uniprot.org/keywords/KW-0732
https://pharos.nih.gov/idg/targets/Q99928,Q99928,Transport,http://www.uniprot.org/keywords/KW-0813
https://pharos.nih.gov/idg/targets/Q99928,Q99928,"Ion channel",http://www.uniprot.org/keywords/KW-0407
https://pharos.nih.gov/idg/targets/Q99928,Q99928,"Ion transport",http://www.uniprot.org/keywords/KW-0406
https://pharos.nih.gov/idg/targets/Q99928,Q99928,"Cell junction",http://www.uniprot.org/keywords/KW-0965
https://pharos.nih.gov/idg/targets/Q99928,Q99928,"Postsynaptic cell membrane",http://www.uniprot.org/keywords/KW-0628
https://pharos.nih.gov/idg/targets/Q99928,Q99928,Synapse,http://www.uniprot.org/keywords/KW-0770
https://pharos.nih.gov/idg/targets/Q99928,Q99928,Chloride,http://www.uniprot.org/keywords/KW-0868
https://pharos.nih.gov/idg/targets/Q99928,Q99928,"Chloride channel",http://www.uniprot.org/keywords/KW-0869
https://pharos.nih.gov/idg/targets/P28472,P28472,"Complete proteome",http://www.uniprot.org/keywords/KW-0181
https://pharos.nih.gov/idg/targets/P28472,P28472,"Reference proteome",http://www.uniprot.org/keywords/KW-1185
https://pharos.nih.gov/idg/targets/P28472,P28472,"Alternative splicing",http://www.uniprot.org/keywords/KW-0025
https://pharos.nih.gov/idg/targets/P28472,P28472,"Disease mutation",http://www.uniprot.org/keywords/KW-0225
https://pharos.nih.gov/idg/targets/P28472,P28472,"Cell membrane",http://www.uniprot.org/keywords/KW-1003
https://pharos.nih.gov/idg/targets/P28472,P28472,"Disulfide bond",http://www.uniprot.org/keywords/KW-1015
https://pharos.nih.gov/idg/targets/P28472,P28472,Glycoprotein,http://www.uniprot.org/keywords/KW-0325
https://pharos.nih.gov/idg/targets/P28472,P28472,Membrane,http://www.uniprot.org/keywords/KW-0472
https://pharos.nih.gov/idg/targets/P28472,P28472,Receptor,http://www.uniprot.org/keywords/KW-0675
https://pharos.nih.gov/idg/targets/P28472,P28472,Transmembrane,http://www.uniprot.org/keywords/KW-0812
https://pharos.nih.gov/idg/targets/P28472,P28472,"Transmembrane helix",http://www.uniprot.org/keywords/KW-1133
https://pharos.nih.gov/idg/targets/P28472,P28472,3D-structure,http://www.uniprot.org/keywords/KW-0002
https://pharos.nih.gov/idg/targets/P28472,P28472,Signal,http://www.uniprot.org/keywords/KW-0732
https://pharos.nih.gov/idg/targets/P28472,P28472,"Direct protein sequencing",http://www.uniprot.org/keywords/KW-0903
https://pharos.nih.gov/idg/targets/P28472,P28472,Transport,http://www.uniprot.org/keywords/KW-0813
https://pharos.nih.gov/idg/targets/P28472,P28472,"Ion channel",http://www.uniprot.org/keywords/KW-0407
https://pharos.nih.gov/idg/targets/P28472,P28472,"Ion transport",http://www.uniprot.org/keywords/KW-0406
https://pharos.nih.gov/idg/targets/P28472,P28472,"Cytoplasmic vesicle",http://www.uniprot.org/keywords/KW-0968
https://pharos.nih.gov/idg/targets/P28472,P28472,"Cell junction",http://www.uniprot.org/keywords/KW-0965
https://pharos.nih.gov/idg/targets/P28472,P28472,"Ligand-gated ion channel",http://www.uniprot.org/keywords/KW-1071
https://pharos.nih.gov/idg/targets/P28472,P28472,"Postsynaptic cell membrane",http://www.uniprot.org/keywords/KW-0628
https://pharos.nih.gov/idg/targets/P28472,P28472,Synapse,http://www.uniprot.org/keywords/KW-0770
https://pharos.nih.gov/idg/targets/P28472,P28472,Epilepsy,http://www.uniprot.org/keywords/KW-0887
https://pharos.nih.gov/idg/targets/P28472,P28472,Chloride,http://www.uniprot.org/keywords/KW-0868
https://pharos.nih.gov/idg/targets/P28472,P28472,"Chloride channel",http://www.uniprot.org/keywords/KW-0869
https://pharos.nih.gov/idg/targets/P17787,P17787,"Complete proteome",http://www.uniprot.org/keywords/KW-0181
https://pharos.nih.gov/idg/targets/P17787,P17787,Polymorphism,http://www.uniprot.org/keywords/KW-0621
https://pharos.nih.gov/idg/targets/P17787,P17787,"Reference proteome",http://www.uniprot.org/keywords/KW-1185
https://pharos.nih.gov/idg/targets/P17787,P17787,"Disease mutation",http://www.uniprot.org/keywords/KW-0225
https://pharos.nih.gov/idg/targets/P17787,P17787,"Cell membrane",http://www.uniprot.org/keywords/KW-1003
https://pharos.nih.gov/idg/targets/P17787,P17787,"Disulfide bond",http://www.uniprot.org/keywords/KW-1015
https://pharos.nih.gov/idg/targets/P17787,P17787,Glycoprotein,http://www.uniprot.org/keywords/KW-0325
https://pharos.nih.gov/idg/targets/P17787,P17787,Membrane,http://www.uniprot.org/keywords/KW-0472
https://pharos.nih.gov/idg/targets/P17787,P17787,Receptor,http://www.uniprot.org/keywords/KW-0675
https://pharos.nih.gov/idg/targets/P17787,P17787,Transmembrane,http://www.uniprot.org/keywords/KW-0812
https://pharos.nih.gov/idg/targets/P17787,P17787,"Transmembrane helix",http://www.uniprot.org/keywords/KW-1133
https://pharos.nih.gov/idg/targets/P17787,P17787,3D-structure,http://www.uniprot.org/keywords/KW-0002
https://pharos.nih.gov/idg/targets/P17787,P17787,Signal,http://www.uniprot.org/keywords/KW-0732
https://pharos.nih.gov/idg/targets/P17787,P17787,Transport,http://www.uniprot.org/keywords/KW-0813
https://pharos.nih.gov/idg/targets/P17787,P17787,"Ion channel",http://www.uniprot.org/keywords/KW-0407
https://pharos.nih.gov/idg/targets/P17787,P17787,"Ion transport",http://www.uniprot.org/keywords/KW-0406
https://pharos.nih.gov/idg/targets/P17787,P17787,"Cell junction",http://www.uniprot.org/keywords/KW-0965
https://pharos.nih.gov/idg/targets/P17787,P17787,"Ligand-gated ion channel",http://www.uniprot.org/keywords/KW-1071
https://pharos.nih.gov/idg/targets/P17787,P17787,"Postsynaptic cell membrane",http://www.uniprot.org/keywords/KW-0628
https://pharos.nih.gov/idg/targets/P17787,P17787,Synapse,http://www.uniprot.org/keywords/KW-0770
https://pharos.nih.gov/idg/targets/P17787,P17787,Epilepsy,http://www.uniprot.org/keywords/KW-0887
https://pharos.nih.gov/idg/targets/Q9UN88,Q9UN88,"Complete proteome",http://www.uniprot.org/keywords/KW-0181
https://pharos.nih.gov/idg/targets/Q9UN88,Q9UN88,Polymorphism,http://www.uniprot.org/keywords/KW-0621
https://pharos.nih.gov/idg/targets/Q9UN88,Q9UN88,"Reference proteome",http://www.uniprot.org/keywords/KW-1185
https://pharos.nih.gov/idg/targets/Q9UN88,Q9UN88,"Cell membrane",http://www.uniprot.org/keywords/KW-1003
https://pharos.nih.gov/idg/targets/Q9UN88,Q9UN88,"Disulfide bond",http://www.uniprot.org/keywords/KW-1015
https://pharos.nih.gov/idg/targets/Q9UN88,Q9UN88,Glycoprotein,http://www.uniprot.org/keywords/KW-0325
https://pharos.nih.gov/idg/targets/Q9UN88,Q9UN88,Membrane,http://www.uniprot.org/keywords/KW-0472
https://pharos.nih.gov/idg/targets/Q9UN88,Q9UN88,Transmembrane,http://www.uniprot.org/keywords/KW-0812
https://pharos.nih.gov/idg/targets/Q9UN88,Q9UN88,"Transmembrane helix",http://www.uniprot.org/keywords/KW-1133
https://pharos.nih.gov/idg/targets/Q9UN88,Q9UN88,Signal,http://www.uniprot.org/keywords/KW-0732
https://pharos.nih.gov/idg/targets/Q9UN88,Q9UN88,Transport,http://www.uniprot.org/keywords/KW-0813
https://pharos.nih.gov/idg/targets/Q9UN88,Q9UN88,"Ion channel",http://www.uniprot.org/keywords/KW-0407
https://pharos.nih.gov/idg/targets/Q9UN88,Q9UN88,"Ion transport",http://www.uniprot.org/keywords/KW-0406
https://pharos.nih.gov/idg/targets/Q9UN88,Q9UN88,"Cell junction",http://www.uniprot.org/keywords/KW-0965
https://pharos.nih.gov/idg/targets/Q9UN88,Q9UN88,"Postsynaptic cell membrane",http://www.uniprot.org/keywords/KW-0628
https://pharos.nih.gov/idg/targets/Q9UN88,Q9UN88,Synapse,http://www.uniprot.org/keywords/KW-0770
https://pharos.nih.gov/idg/targets/Q9UN88,Q9UN88,Chloride,http://www.uniprot.org/keywords/KW-0868
https://pharos.nih.gov/idg/targets/Q9UN88,Q9UN88,"Chloride channel",http://www.uniprot.org/keywords/KW-0869
https://pharos.nih.gov/idg/targets/P02708,P02708,"Complete proteome",http://www.uniprot.org/keywords/KW-0181
https://pharos.nih.gov/idg/targets/P02708,P02708,"Reference proteome",http://www.uniprot.org/keywords/KW-1185
https://pharos.nih.gov/idg/targets/P02708,P02708,"Alternative splicing",http://www.uniprot.org/keywords/KW-0025
https://pharos.nih.gov/idg/targets/P02708,P02708,"Disease mutation",http://www.uniprot.org/keywords/KW-0225
https://pharos.nih.gov/idg/targets/P02708,P02708,"Cell membrane",http://www.uniprot.org/keywords/KW-1003
https://pharos.nih.gov/idg/targets/P02708,P02708,"Disulfide bond",http://www.uniprot.org/keywords/KW-1015
https://pharos.nih.gov/idg/targets/P02708,P02708,Glycoprotein,http://www.uniprot.org/keywords/KW-0325
https://pharos.nih.gov/idg/targets/P02708,P02708,Membrane,http://www.uniprot.org/keywords/KW-0472
https://pharos.nih.gov/idg/targets/P02708,P02708,Receptor,http://www.uniprot.org/keywords/KW-0675
https://pharos.nih.gov/idg/targets/P02708,P02708,Transmembrane,http://www.uniprot.org/keywords/KW-0812
https://pharos.nih.gov/idg/targets/P02708,P02708,"Transmembrane helix",http://www.uniprot.org/keywords/KW-1133
https://pharos.nih.gov/idg/targets/P02708,P02708,3D-structure,http://www.uniprot.org/keywords/KW-0002
https://pharos.nih.gov/idg/targets/P02708,P02708,Signal,http://www.uniprot.org/keywords/KW-0732
https://pharos.nih.gov/idg/targets/P02708,P02708,"Direct protein sequencing",http://www.uniprot.org/keywords/KW-0903
https://pharos.nih.gov/idg/targets/P02708,P02708,Transport,http://www.uniprot.org/keywords/KW-0813
https://pharos.nih.gov/idg/targets/P02708,P02708,"Ion channel",http://www.uniprot.org/keywords/KW-0407
https://pharos.nih.gov/idg/targets/P02708,P02708,"Ion transport",http://www.uniprot.org/keywords/KW-0406
https://pharos.nih.gov/idg/targets/P02708,P02708,"Cell junction",http://www.uniprot.org/keywords/KW-0965
https://pharos.nih.gov/idg/targets/P02708,P02708,"Ligand-gated ion channel",http://www.uniprot.org/keywords/KW-1071
https://pharos.nih.gov/idg/targets/P02708,P02708,"Congenital myasthenic syndrome",http://www.uniprot.org/keywords/KW-1004
https://pharos.nih.gov/idg/targets/P02708,P02708,"Postsynaptic cell membrane",http://www.uniprot.org/keywords/KW-0628
https://pharos.nih.gov/idg/targets/P02708,P02708,Synapse,http://www.uniprot.org/keywords/KW-0770
https://pharos.nih.gov/idg/targets/P48169,P48169,"Complete proteome",http://www.uniprot.org/keywords/KW-0181
https://pharos.nih.gov/idg/targets/P48169,P48169,Polymorphism,http://www.uniprot.org/keywords/KW-0621
https://pharos.nih.gov/idg/targets/P48169,P48169,"Reference proteome",http://www.uniprot.org/keywords/KW-1185
https://pharos.nih.gov/idg/targets/P48169,P48169,"Cell membrane",http://www.uniprot.org/keywords/KW-1003
https://pharos.nih.gov/idg/targets/P48169,P48169,"Disulfide bond",http://www.uniprot.org/keywords/KW-1015
https://pharos.nih.gov/idg/targets/P48169,P48169,Glycoprotein,http://www.uniprot.org/keywords/KW-0325
https://pharos.nih.gov/idg/targets/P48169,P48169,Membrane,http://www.uniprot.org/keywords/KW-0472
https://pharos.nih.gov/idg/targets/P48169,P48169,Receptor,http://www.uniprot.org/keywords/KW-0675
https://pharos.nih.gov/idg/targets/P48169,P48169,Transmembrane,http://www.uniprot.org/keywords/KW-0812
https://pharos.nih.gov/idg/targets/P48169,P48169,"Transmembrane helix",http://www.uniprot.org/keywords/KW-1133
https://pharos.nih.gov/idg/targets/P48169,P48169,Signal,http://www.uniprot.org/keywords/KW-0732
https://pharos.nih.gov/idg/targets/P48169,P48169,Transport,http://www.uniprot.org/keywords/KW-0813
https://pharos.nih.gov/idg/targets/P48169,P48169,"Ion channel",http://www.uniprot.org/keywords/KW-0407
https://pharos.nih.gov/idg/targets/P48169,P48169,"Ion transport",http://www.uniprot.org/keywords/KW-0406
https://pharos.nih.gov/idg/targets/P48169,P48169,"Cell junction",http://www.uniprot.org/keywords/KW-0965
https://pharos.nih.gov/idg/targets/P48169,P48169,"Ligand-gated ion channel",http://www.uniprot.org/keywords/KW-1071
https://pharos.nih.gov/idg/targets/P48169,P48169,"Postsynaptic cell membrane",http://www.uniprot.org/keywords/KW-0628
https://pharos.nih.gov/idg/targets/P48169,P48169,Synapse,http://www.uniprot.org/keywords/KW-0770
https://pharos.nih.gov/idg/targets/P48169,P48169,Chloride,http://www.uniprot.org/keywords/KW-0868
https://pharos.nih.gov/idg/targets/P48169,P48169,"Chloride channel",http://www.uniprot.org/keywords/KW-0869
https://pharos.nih.gov/idg/targets/O95264,O95264,"Complete proteome",http://www.uniprot.org/keywords/KW-0181
https://pharos.nih.gov/idg/targets/O95264,O95264,Polymorphism,http://www.uniprot.org/keywords/KW-0621
https://pharos.nih.gov/idg/targets/O95264,O95264,"Reference proteome",http://www.uniprot.org/keywords/KW-1185
https://pharos.nih.gov/idg/targets/O95264,O95264,"Alternative splicing",http://www.uniprot.org/keywords/KW-0025
https://pharos.nih.gov/idg/targets/O95264,O95264,"Cell membrane",http://www.uniprot.org/keywords/KW-1003
https://pharos.nih.gov/idg/targets/O95264,O95264,"Disulfide bond",http://www.uniprot.org/keywords/KW-1015
https://pharos.nih.gov/idg/targets/O95264,O95264,Glycoprotein,http://www.uniprot.org/keywords/KW-0325
https://pharos.nih.gov/idg/targets/O95264,O95264,Membrane,http://www.uniprot.org/keywords/KW-0472
https://pharos.nih.gov/idg/targets/O95264,O95264,Receptor,http://www.uniprot.org/keywords/KW-0675
https://pharos.nih.gov/idg/targets/O95264,O95264,Transmembrane,http://www.uniprot.org/keywords/KW-0812
https://pharos.nih.gov/idg/targets/O95264,O95264,"Transmembrane helix",http://www.uniprot.org/keywords/KW-1133
https://pharos.nih.gov/idg/targets/O95264,O95264,Signal,http://www.uniprot.org/keywords/KW-0732
https://pharos.nih.gov/idg/targets/O95264,O95264,Transport,http://www.uniprot.org/keywords/KW-0813
https://pharos.nih.gov/idg/targets/O95264,O95264,"Ion channel",http://www.uniprot.org/keywords/KW-0407
https://pharos.nih.gov/idg/targets/O95264,O95264,"Ion transport",http://www.uniprot.org/keywords/KW-0406
https://pharos.nih.gov/idg/targets/O95264,O95264,"Ligand-gated ion channel",http://www.uniprot.org/keywords/KW-1071
https://pharos.nih.gov/idg/targets/P14867,P14867,"Complete proteome",http://www.uniprot.org/keywords/KW-0181
https://pharos.nih.gov/idg/targets/P14867,P14867,"Reference proteome",http://www.uniprot.org/keywords/KW-1185
https://pharos.nih.gov/idg/targets/P14867,P14867,"Disease mutation",http://www.uniprot.org/keywords/KW-0225
https://pharos.nih.gov/idg/targets/P14867,P14867,"Cell membrane",http://www.uniprot.org/keywords/KW-1003
https://pharos.nih.gov/idg/targets/P14867,P14867,"Disulfide bond",http://www.uniprot.org/keywords/KW-1015
https://pharos.nih.gov/idg/targets/P14867,P14867,Glycoprotein,http://www.uniprot.org/keywords/KW-0325
https://pharos.nih.gov/idg/targets/P14867,P14867,Membrane,http://www.uniprot.org/keywords/KW-0472
https://pharos.nih.gov/idg/targets/P14867,P14867,Receptor,http://www.uniprot.org/keywords/KW-0675
https://pharos.nih.gov/idg/targets/P14867,P14867,Transmembrane,http://www.uniprot.org/keywords/KW-0812
https://pharos.nih.gov/idg/targets/P14867,P14867,"Transmembrane helix",http://www.uniprot.org/keywords/KW-1133
https://pharos.nih.gov/idg/targets/P14867,P14867,Signal,http://www.uniprot.org/keywords/KW-0732
https://pharos.nih.gov/idg/targets/P14867,P14867,Transport,http://www.uniprot.org/keywords/KW-0813
https://pharos.nih.gov/idg/targets/P14867,P14867,"Ion channel",http://www.uniprot.org/keywords/KW-0407
https://pharos.nih.gov/idg/targets/P14867,P14867,"Ion transport",http://www.uniprot.org/keywords/KW-0406
https://pharos.nih.gov/idg/targets/P14867,P14867,"Cytoplasmic vesicle",http://www.uniprot.org/keywords/KW-0968
https://pharos.nih.gov/idg/targets/P14867,P14867,"Cell junction",http://www.uniprot.org/keywords/KW-0965
https://pharos.nih.gov/idg/targets/P14867,P14867,"Ligand-gated ion channel",http://www.uniprot.org/keywords/KW-1071
https://pharos.nih.gov/idg/targets/P14867,P14867,"Postsynaptic cell membrane",http://www.uniprot.org/keywords/KW-0628
https://pharos.nih.gov/idg/targets/P14867,P14867,Synapse,http://www.uniprot.org/keywords/KW-0770
https://pharos.nih.gov/idg/targets/P14867,P14867,Epilepsy,http://www.uniprot.org/keywords/KW-0887
https://pharos.nih.gov/idg/targets/P14867,P14867,Chloride,http://www.uniprot.org/keywords/KW-0868
https://pharos.nih.gov/idg/targets/P14867,P14867,"Chloride channel",http://www.uniprot.org/keywords/KW-0869
https://pharos.nih.gov/idg/targets/P36544,P36544,"Complete proteome",http://www.uniprot.org/keywords/KW-0181
https://pharos.nih.gov/idg/targets/P36544,P36544,"Reference proteome",http://www.uniprot.org/keywords/KW-1185
https://pharos.nih.gov/idg/targets/P36544,P36544,"Alternative splicing",http://www.uniprot.org/keywords/KW-0025
https://pharos.nih.gov/idg/targets/P36544,P36544,"Cell membrane",http://www.uniprot.org/keywords/KW-1003
https://pharos.nih.gov/idg/targets/P36544,P36544,"Disulfide bond",http://www.uniprot.org/keywords/KW-1015
https://pharos.nih.gov/idg/targets/P36544,P36544,Glycoprotein,http://www.uniprot.org/keywords/KW-0325
https://pharos.nih.gov/idg/targets/P36544,P36544,Membrane,http://www.uniprot.org/keywords/KW-0472
https://pharos.nih.gov/idg/targets/P36544,P36544,Receptor,http://www.uniprot.org/keywords/KW-0675
https://pharos.nih.gov/idg/targets/P36544,P36544,Transmembrane,http://www.uniprot.org/keywords/KW-0812
https://pharos.nih.gov/idg/targets/P36544,P36544,"Transmembrane helix",http://www.uniprot.org/keywords/KW-1133
https://pharos.nih.gov/idg/targets/P36544,P36544,3D-structure,http://www.uniprot.org/keywords/KW-0002
https://pharos.nih.gov/idg/targets/P36544,P36544,Signal,http://www.uniprot.org/keywords/KW-0732
https://pharos.nih.gov/idg/targets/P36544,P36544,Transport,http://www.uniprot.org/keywords/KW-0813
https://pharos.nih.gov/idg/targets/P36544,P36544,"Ion channel",http://www.uniprot.org/keywords/KW-0407
https://pharos.nih.gov/idg/targets/P36544,P36544,"Ion transport",http://www.uniprot.org/keywords/KW-0406
https://pharos.nih.gov/idg/targets/P36544,P36544,"Cell junction",http://www.uniprot.org/keywords/KW-0965
https://pharos.nih.gov/idg/targets/P36544,P36544,"Ligand-gated ion channel",http://www.uniprot.org/keywords/KW-1071
https://pharos.nih.gov/idg/targets/P36544,P36544,"Postsynaptic cell membrane",http://www.uniprot.org/keywords/KW-0628
https://pharos.nih.gov/idg/targets/P36544,P36544,Synapse,http://www.uniprot.org/keywords/KW-0770
https://pharos.nih.gov/idg/targets/P31644,P31644,"Complete proteome",http://www.uniprot.org/keywords/KW-0181
https://pharos.nih.gov/idg/targets/P31644,P31644,"Reference proteome",http://www.uniprot.org/keywords/KW-1185
https://pharos.nih.gov/idg/targets/P31644,P31644,"Isopeptide bond",http://www.uniprot.org/keywords/KW-1017
https://pharos.nih.gov/idg/targets/P31644,P31644,"Ubl conjugation",http://www.uniprot.org/keywords/KW-0832
https://pharos.nih.gov/idg/targets/P31644,P31644,"Cell membrane",http://www.uniprot.org/keywords/KW-1003
https://pharos.nih.gov/idg/targets/P31644,P31644,"Disulfide bond",http://www.uniprot.org/keywords/KW-1015
https://pharos.nih.gov/idg/targets/P31644,P31644,Glycoprotein,http://www.uniprot.org/keywords/KW-0325
https://pharos.nih.gov/idg/targets/P31644,P31644,Membrane,http://www.uniprot.org/keywords/KW-0472
https://pharos.nih.gov/idg/targets/P31644,P31644,Receptor,http://www.uniprot.org/keywords/KW-0675
https://pharos.nih.gov/idg/targets/P31644,P31644,Transmembrane,http://www.uniprot.org/keywords/KW-0812
https://pharos.nih.gov/idg/targets/P31644,P31644,"Transmembrane helix",http://www.uniprot.org/keywords/KW-1133
https://pharos.nih.gov/idg/targets/P31644,P31644,3D-structure,http://www.uniprot.org/keywords/KW-0002
https://pharos.nih.gov/idg/targets/P31644,P31644,Signal,http://www.uniprot.org/keywords/KW-0732
https://pharos.nih.gov/idg/targets/P31644,P31644,Transport,http://www.uniprot.org/keywords/KW-0813
https://pharos.nih.gov/idg/targets/P31644,P31644,"Ion channel",http://www.uniprot.org/keywords/KW-0407
https://pharos.nih.gov/idg/targets/P31644,P31644,"Ion transport",http://www.uniprot.org/keywords/KW-0406
https://pharos.nih.gov/idg/targets/P31644,P31644,"Cell junction",http://www.uniprot.org/keywords/KW-0965
https://pharos.nih.gov/idg/targets/P31644,P31644,"Ligand-gated ion channel",http://www.uniprot.org/keywords/KW-1071
https://pharos.nih.gov/idg/targets/P31644,P31644,"Postsynaptic cell membrane",http://www.uniprot.org/keywords/KW-0628
https://pharos.nih.gov/idg/targets/P31644,P31644,Synapse,http://www.uniprot.org/keywords/KW-0770
https://pharos.nih.gov/idg/targets/P31644,P31644,Chloride,http://www.uniprot.org/keywords/KW-0868
https://pharos.nih.gov/idg/targets/P31644,P31644,"Chloride channel",http://www.uniprot.org/keywords/KW-0869
https://pharos.nih.gov/idg/targets/P18505,P18505,"Complete proteome",http://www.uniprot.org/keywords/KW-0181
https://pharos.nih.gov/idg/targets/P18505,P18505,Polymorphism,http://www.uniprot.org/keywords/KW-0621
https://pharos.nih.gov/idg/targets/P18505,P18505,"Reference proteome",http://www.uniprot.org/keywords/KW-1185
https://pharos.nih.gov/idg/targets/P18505,P18505,"Alternative splicing",http://www.uniprot.org/keywords/KW-0025
https://pharos.nih.gov/idg/targets/P18505,P18505,"Disease mutation",http://www.uniprot.org/keywords/KW-0225
https://pharos.nih.gov/idg/targets/P18505,P18505,"Cell membrane",http://www.uniprot.org/keywords/KW-1003
https://pharos.nih.gov/idg/targets/P18505,P18505,"Disulfide bond",http://www.uniprot.org/keywords/KW-1015
https://pharos.nih.gov/idg/targets/P18505,P18505,Glycoprotein,http://www.uniprot.org/keywords/KW-0325
https://pharos.nih.gov/idg/targets/P18505,P18505,Membrane,http://www.uniprot.org/keywords/KW-0472
https://pharos.nih.gov/idg/targets/P18505,P18505,Receptor,http://www.uniprot.org/keywords/KW-0675
https://pharos.nih.gov/idg/targets/P18505,P18505,Transmembrane,http://www.uniprot.org/keywords/KW-0812
https://pharos.nih.gov/idg/targets/P18505,P18505,"Transmembrane helix",http://www.uniprot.org/keywords/KW-1133
https://pharos.nih.gov/idg/targets/P18505,P18505,Signal,http://www.uniprot.org/keywords/KW-0732
https://pharos.nih.gov/idg/targets/P18505,P18505,Transport,http://www.uniprot.org/keywords/KW-0813
https://pharos.nih.gov/idg/targets/P18505,P18505,"Ion channel",http://www.uniprot.org/keywords/KW-0407
https://pharos.nih.gov/idg/targets/P18505,P18505,"Ion transport",http://www.uniprot.org/keywords/KW-0406
https://pharos.nih.gov/idg/targets/P18505,P18505,"Cell junction",http://www.uniprot.org/keywords/KW-0965
https://pharos.nih.gov/idg/targets/P18505,P18505,"Ligand-gated ion channel",http://www.uniprot.org/keywords/KW-1071
https://pharos.nih.gov/idg/targets/P18505,P18505,"Postsynaptic cell membrane",http://www.uniprot.org/keywords/KW-0628
https://pharos.nih.gov/idg/targets/P18505,P18505,Synapse,http://www.uniprot.org/keywords/KW-0770
https://pharos.nih.gov/idg/targets/P18505,P18505,Epilepsy,http://www.uniprot.org/keywords/KW-0887
https://pharos.nih.gov/idg/targets/P18505,P18505,Chloride,http://www.uniprot.org/keywords/KW-0868
https://pharos.nih.gov/idg/targets/P18505,P18505,"Chloride channel",http://www.uniprot.org/keywords/KW-0869
https://pharos.nih.gov/idg/targets/P30926,P30926,"Complete proteome",http://www.uniprot.org/keywords/KW-0181
https://pharos.nih.gov/idg/targets/P30926,P30926,Polymorphism,http://www.uniprot.org/keywords/KW-0621
https://pharos.nih.gov/idg/targets/P30926,P30926,"Reference proteome",http://www.uniprot.org/keywords/KW-1185
https://pharos.nih.gov/idg/targets/P30926,P30926,"Alternative splicing",http://www.uniprot.org/keywords/KW-0025
https://pharos.nih.gov/idg/targets/P30926,P30926,"Cell membrane",http://www.uniprot.org/keywords/KW-1003
https://pharos.nih.gov/idg/targets/P30926,P30926,"Disulfide bond",http://www.uniprot.org/keywords/KW-1015
https://pharos.nih.gov/idg/targets/P30926,P30926,Glycoprotein,http://www.uniprot.org/keywords/KW-0325
https://pharos.nih.gov/idg/targets/P30926,P30926,Membrane,http://www.uniprot.org/keywords/KW-0472
https://pharos.nih.gov/idg/targets/P30926,P30926,Receptor,http://www.uniprot.org/keywords/KW-0675
https://pharos.nih.gov/idg/targets/P30926,P30926,Transmembrane,http://www.uniprot.org/keywords/KW-0812
https://pharos.nih.gov/idg/targets/P30926,P30926,"Transmembrane helix",http://www.uniprot.org/keywords/KW-1133
https://pharos.nih.gov/idg/targets/P30926,P30926,3D-structure,http://www.uniprot.org/keywords/KW-0002
https://pharos.nih.gov/idg/targets/P30926,P30926,Signal,http://www.uniprot.org/keywords/KW-0732
https://pharos.nih.gov/idg/targets/P30926,P30926,Transport,http://www.uniprot.org/keywords/KW-0813
https://pharos.nih.gov/idg/targets/P30926,P30926,"Ion channel",http://www.uniprot.org/keywords/KW-0407
https://pharos.nih.gov/idg/targets/P30926,P30926,"Ion transport",http://www.uniprot.org/keywords/KW-0406
https://pharos.nih.gov/idg/targets/P30926,P30926,"Cell junction",http://www.uniprot.org/keywords/KW-0965
https://pharos.nih.gov/idg/targets/P30926,P30926,"Ligand-gated ion channel",http://www.uniprot.org/keywords/KW-1071
https://pharos.nih.gov/idg/targets/P30926,P30926,"Postsynaptic cell membrane",http://www.uniprot.org/keywords/KW-0628
https://pharos.nih.gov/idg/targets/P30926,P30926,Synapse,http://www.uniprot.org/keywords/KW-0770
https://pharos.nih.gov/idg/targets/P46098,P46098,"Complete proteome",http://www.uniprot.org/keywords/KW-0181
https://pharos.nih.gov/idg/targets/P46098,P46098,Polymorphism,http://www.uniprot.org/keywords/KW-0621
https://pharos.nih.gov/idg/targets/P46098,P46098,"Reference proteome",http://www.uniprot.org/keywords/KW-1185
https://pharos.nih.gov/idg/targets/P46098,P46098,"Alternative splicing",http://www.uniprot.org/keywords/KW-0025
https://pharos.nih.gov/idg/targets/P46098,P46098,"Cell membrane",http://www.uniprot.org/keywords/KW-1003
https://pharos.nih.gov/idg/targets/P46098,P46098,"Disulfide bond",http://www.uniprot.org/keywords/KW-1015
https://pharos.nih.gov/idg/targets/P46098,P46098,Glycoprotein,http://www.uniprot.org/keywords/KW-0325
https://pharos.nih.gov/idg/targets/P46098,P46098,Membrane,http://www.uniprot.org/keywords/KW-0472
https://pharos.nih.gov/idg/targets/P46098,P46098,Receptor,http://www.uniprot.org/keywords/KW-0675
https://pharos.nih.gov/idg/targets/P46098,P46098,Transmembrane,http://www.uniprot.org/keywords/KW-0812
https://pharos.nih.gov/idg/targets/P46098,P46098,"Transmembrane helix",http://www.uniprot.org/keywords/KW-1133
https://pharos.nih.gov/idg/targets/P46098,P46098,Signal,http://www.uniprot.org/keywords/KW-0732
https://pharos.nih.gov/idg/targets/P46098,P46098,Transport,http://www.uniprot.org/keywords/KW-0813
https://pharos.nih.gov/idg/targets/P46098,P46098,"Ion channel",http://www.uniprot.org/keywords/KW-0407
https://pharos.nih.gov/idg/targets/P46098,P46098,"Ion transport",http://www.uniprot.org/keywords/KW-0406
https://pharos.nih.gov/idg/targets/P46098,P46098,"Cell junction",http://www.uniprot.org/keywords/KW-0965
https://pharos.nih.gov/idg/targets/P46098,P46098,"Ligand-gated ion channel",http://www.uniprot.org/keywords/KW-1071
https://pharos.nih.gov/idg/targets/P46098,P46098,"Postsynaptic cell membrane",http://www.uniprot.org/keywords/KW-0628
https://pharos.nih.gov/idg/targets/P46098,P46098,Synapse,http://www.uniprot.org/keywords/KW-0770
https://pharos.nih.gov/idg/targets/Q16445,Q16445,"Complete proteome",http://www.uniprot.org/keywords/KW-0181
https://pharos.nih.gov/idg/targets/Q16445,Q16445,Polymorphism,http://www.uniprot.org/keywords/KW-0621
https://pharos.nih.gov/idg/targets/Q16445,Q16445,"Reference proteome",http://www.uniprot.org/keywords/KW-1185
https://pharos.nih.gov/idg/targets/Q16445,Q16445,Phosphoprotein,http://www.uniprot.org/keywords/KW-0597
https://pharos.nih.gov/idg/targets/Q16445,Q16445,"Cell membrane",http://www.uniprot.org/keywords/KW-1003
https://pharos.nih.gov/idg/targets/Q16445,Q16445,"Disulfide bond",http://www.uniprot.org/keywords/KW-1015
https://pharos.nih.gov/idg/targets/Q16445,Q16445,Glycoprotein,http://www.uniprot.org/keywords/KW-0325
https://pharos.nih.gov/idg/targets/Q16445,Q16445,Membrane,http://www.uniprot.org/keywords/KW-0472
https://pharos.nih.gov/idg/targets/Q16445,Q16445,Receptor,http://www.uniprot.org/keywords/KW-0675
https://pharos.nih.gov/idg/targets/Q16445,Q16445,Transmembrane,http://www.uniprot.org/keywords/KW-0812
https://pharos.nih.gov/idg/targets/Q16445,Q16445,"Transmembrane helix",http://www.uniprot.org/keywords/KW-1133
https://pharos.nih.gov/idg/targets/Q16445,Q16445,Signal,http://www.uniprot.org/keywords/KW-0732
https://pharos.nih.gov/idg/targets/Q16445,Q16445,Transport,http://www.uniprot.org/keywords/KW-0813
https://pharos.nih.gov/idg/targets/Q16445,Q16445,"Ion channel",http://www.uniprot.org/keywords/KW-0407
https://pharos.nih.gov/idg/targets/Q16445,Q16445,"Ion transport",http://www.uniprot.org/keywords/KW-0406
https://pharos.nih.gov/idg/targets/Q16445,Q16445,"Cell junction",http://www.uniprot.org/keywords/KW-0965
https://pharos.nih.gov/idg/targets/Q16445,Q16445,"Ligand-gated ion channel",http://www.uniprot.org/keywords/KW-1071
https://pharos.nih.gov/idg/targets/Q16445,Q16445,"Postsynaptic cell membrane",http://www.uniprot.org/keywords/KW-0628
https://pharos.nih.gov/idg/targets/Q16445,Q16445,Synapse,http://www.uniprot.org/keywords/KW-0770
https://pharos.nih.gov/idg/targets/Q16445,Q16445,Chloride,http://www.uniprot.org/keywords/KW-0868
https://pharos.nih.gov/idg/targets/Q16445,Q16445,"Chloride channel",http://www.uniprot.org/keywords/KW-0869
https://pharos.nih.gov/idg/targets/P34903,P34903,"Complete proteome",http://www.uniprot.org/keywords/KW-0181
https://pharos.nih.gov/idg/targets/P34903,P34903,"Reference proteome",http://www.uniprot.org/keywords/KW-1185
https://pharos.nih.gov/idg/targets/P34903,P34903,Phosphoprotein,http://www.uniprot.org/keywords/KW-0597
https://pharos.nih.gov/idg/targets/P34903,P34903,"Cell membrane",http://www.uniprot.org/keywords/KW-1003
https://pharos.nih.gov/idg/targets/P34903,P34903,"Disulfide bond",http://www.uniprot.org/keywords/KW-1015
https://pharos.nih.gov/idg/targets/P34903,P34903,Glycoprotein,http://www.uniprot.org/keywords/KW-0325
https://pharos.nih.gov/idg/targets/P34903,P34903,Membrane,http://www.uniprot.org/keywords/KW-0472
https://pharos.nih.gov/idg/targets/P34903,P34903,Receptor,http://www.uniprot.org/keywords/KW-0675
https://pharos.nih.gov/idg/targets/P34903,P34903,Transmembrane,http://www.uniprot.org/keywords/KW-0812
https://pharos.nih.gov/idg/targets/P34903,P34903,"Transmembrane helix",http://www.uniprot.org/keywords/KW-1133
https://pharos.nih.gov/idg/targets/P34903,P34903,Signal,http://www.uniprot.org/keywords/KW-0732
https://pharos.nih.gov/idg/targets/P34903,P34903,Transport,http://www.uniprot.org/keywords/KW-0813
https://pharos.nih.gov/idg/targets/P34903,P34903,"Ion channel",http://www.uniprot.org/keywords/KW-0407
https://pharos.nih.gov/idg/targets/P34903,P34903,"Ion transport",http://www.uniprot.org/keywords/KW-0406
https://pharos.nih.gov/idg/targets/P34903,P34903,"Cell junction",http://www.uniprot.org/keywords/KW-0965
https://pharos.nih.gov/idg/targets/P34903,P34903,"Ligand-gated ion channel",http://www.uniprot.org/keywords/KW-1071
https://pharos.nih.gov/idg/targets/P34903,P34903,"Postsynaptic cell membrane",http://www.uniprot.org/keywords/KW-0628
https://pharos.nih.gov/idg/targets/P34903,P34903,Synapse,http://www.uniprot.org/keywords/KW-0770
https://pharos.nih.gov/idg/targets/P34903,P34903,Chloride,http://www.uniprot.org/keywords/KW-0868
https://pharos.nih.gov/idg/targets/P34903,P34903,"Chloride channel",http://www.uniprot.org/keywords/KW-0869
https://pharos.nih.gov/idg/targets/O14764,O14764,"Complete proteome",http://www.uniprot.org/keywords/KW-0181
https://pharos.nih.gov/idg/targets/O14764,O14764,Polymorphism,http://www.uniprot.org/keywords/KW-0621
https://pharos.nih.gov/idg/targets/O14764,O14764,"Reference proteome",http://www.uniprot.org/keywords/KW-1185
https://pharos.nih.gov/idg/targets/O14764,O14764,"Disease mutation",http://www.uniprot.org/keywords/KW-0225
https://pharos.nih.gov/idg/targets/O14764,O14764,Phosphoprotein,http://www.uniprot.org/keywords/KW-0597
https://pharos.nih.gov/idg/targets/O14764,O14764,"Cell membrane",http://www.uniprot.org/keywords/KW-1003
https://pharos.nih.gov/idg/targets/O14764,O14764,"Disulfide bond",http://www.uniprot.org/keywords/KW-1015
https://pharos.nih.gov/idg/targets/O14764,O14764,Glycoprotein,http://www.uniprot.org/keywords/KW-0325
https://pharos.nih.gov/idg/targets/O14764,O14764,Membrane,http://www.uniprot.org/keywords/KW-0472
https://pharos.nih.gov/idg/targets/O14764,O14764,Transmembrane,http://www.uniprot.org/keywords/KW-0812
https://pharos.nih.gov/idg/targets/O14764,O14764,"Transmembrane helix",http://www.uniprot.org/keywords/KW-1133
https://pharos.nih.gov/idg/targets/O14764,O14764,Signal,http://www.uniprot.org/keywords/KW-0732
https://pharos.nih.gov/idg/targets/O14764,O14764,Transport,http://www.uniprot.org/keywords/KW-0813
https://pharos.nih.gov/idg/targets/O14764,O14764,"Ion channel",http://www.uniprot.org/keywords/KW-0407
https://pharos.nih.gov/idg/targets/O14764,O14764,"Ion transport",http://www.uniprot.org/keywords/KW-0406
https://pharos.nih.gov/idg/targets/O14764,O14764,"Cell junction",http://www.uniprot.org/keywords/KW-0965
https://pharos.nih.gov/idg/targets/O14764,O14764,"Postsynaptic cell membrane",http://www.uniprot.org/keywords/KW-0628
https://pharos.nih.gov/idg/targets/O14764,O14764,Synapse,http://www.uniprot.org/keywords/KW-0770
https://pharos.nih.gov/idg/targets/O14764,O14764,Epilepsy,http://www.uniprot.org/keywords/KW-0887
https://pharos.nih.gov/idg/targets/O14764,O14764,Chloride,http://www.uniprot.org/keywords/KW-0868
https://pharos.nih.gov/idg/targets/O14764,O14764,"Chloride channel",http://www.uniprot.org/keywords/KW-0869
https://pharos.nih.gov/idg/targets/P47869,P47869,"Complete proteome",http://www.uniprot.org/keywords/KW-0181
https://pharos.nih.gov/idg/targets/P47869,P47869,"Reference proteome",http://www.uniprot.org/keywords/KW-1185
https://pharos.nih.gov/idg/targets/P47869,P47869,"Alternative splicing",http://www.uniprot.org/keywords/KW-0025
https://pharos.nih.gov/idg/targets/P47869,P47869,"Cell membrane",http://www.uniprot.org/keywords/KW-1003
https://pharos.nih.gov/idg/targets/P47869,P47869,"Disulfide bond",http://www.uniprot.org/keywords/KW-1015
https://pharos.nih.gov/idg/targets/P47869,P47869,Glycoprotein,http://www.uniprot.org/keywords/KW-0325
https://pharos.nih.gov/idg/targets/P47869,P47869,Membrane,http://www.uniprot.org/keywords/KW-0472
https://pharos.nih.gov/idg/targets/P47869,P47869,Receptor,http://www.uniprot.org/keywords/KW-0675
https://pharos.nih.gov/idg/targets/P47869,P47869,Transmembrane,http://www.uniprot.org/keywords/KW-0812
https://pharos.nih.gov/idg/targets/P47869,P47869,"Transmembrane helix",http://www.uniprot.org/keywords/KW-1133
https://pharos.nih.gov/idg/targets/P47869,P47869,Signal,http://www.uniprot.org/keywords/KW-0732
https://pharos.nih.gov/idg/targets/P47869,P47869,Transport,http://www.uniprot.org/keywords/KW-0813
https://pharos.nih.gov/idg/targets/P47869,P47869,"Ion channel",http://www.uniprot.org/keywords/KW-0407
https://pharos.nih.gov/idg/targets/P47869,P47869,"Ion transport",http://www.uniprot.org/keywords/KW-0406
https://pharos.nih.gov/idg/targets/P47869,P47869,"Cytoplasmic vesicle",http://www.uniprot.org/keywords/KW-0968
https://pharos.nih.gov/idg/targets/P47869,P47869,"Cell junction",http://www.uniprot.org/keywords/KW-0965
https://pharos.nih.gov/idg/targets/P47869,P47869,"Ligand-gated ion channel",http://www.uniprot.org/keywords/KW-1071
https://pharos.nih.gov/idg/targets/P47869,P47869,"Postsynaptic cell membrane",http://www.uniprot.org/keywords/KW-0628
https://pharos.nih.gov/idg/targets/P47869,P47869,Synapse,http://www.uniprot.org/keywords/KW-0770
https://pharos.nih.gov/idg/targets/P47869,P47869,Chloride,http://www.uniprot.org/keywords/KW-0868
https://pharos.nih.gov/idg/targets/P47869,P47869,"Chloride channel",http://www.uniprot.org/keywords/KW-0869
https://pharos.nih.gov/idg/targets/P47870,P47870,"Complete proteome",http://www.uniprot.org/keywords/KW-0181
https://pharos.nih.gov/idg/targets/P47870,P47870,"Reference proteome",http://www.uniprot.org/keywords/KW-1185
https://pharos.nih.gov/idg/targets/P47870,P47870,"Alternative splicing",http://www.uniprot.org/keywords/KW-0025
https://pharos.nih.gov/idg/targets/P47870,P47870,Phosphoprotein,http://www.uniprot.org/keywords/KW-0597
https://pharos.nih.gov/idg/targets/P47870,P47870,"Cell membrane",http://www.uniprot.org/keywords/KW-1003
https://pharos.nih.gov/idg/targets/P47870,P47870,"Disulfide bond",http://www.uniprot.org/keywords/KW-1015
https://pharos.nih.gov/idg/targets/P47870,P47870,Glycoprotein,http://www.uniprot.org/keywords/KW-0325
https://pharos.nih.gov/idg/targets/P47870,P47870,Membrane,http://www.uniprot.org/keywords/KW-0472
https://pharos.nih.gov/idg/targets/P47870,P47870,Receptor,http://www.uniprot.org/keywords/KW-0675
https://pharos.nih.gov/idg/targets/P47870,P47870,Transmembrane,http://www.uniprot.org/keywords/KW-0812
https://pharos.nih.gov/idg/targets/P47870,P47870,"Transmembrane helix",http://www.uniprot.org/keywords/KW-1133
https://pharos.nih.gov/idg/targets/P47870,P47870,Signal,http://www.uniprot.org/keywords/KW-0732
https://pharos.nih.gov/idg/targets/P47870,P47870,Transport,http://www.uniprot.org/keywords/KW-0813
https://pharos.nih.gov/idg/targets/P47870,P47870,"Ion channel",http://www.uniprot.org/keywords/KW-0407
https://pharos.nih.gov/idg/targets/P47870,P47870,"Ion transport",http://www.uniprot.org/keywords/KW-0406
https://pharos.nih.gov/idg/targets/P47870,P47870,"Cytoplasmic vesicle",http://www.uniprot.org/keywords/KW-0968
https://pharos.nih.gov/idg/targets/P47870,P47870,"Cell junction",http://www.uniprot.org/keywords/KW-0965
https://pharos.nih.gov/idg/targets/P47870,P47870,"Ligand-gated ion channel",http://www.uniprot.org/keywords/KW-1071
https://pharos.nih.gov/idg/targets/P47870,P47870,"Postsynaptic cell membrane",http://www.uniprot.org/keywords/KW-0628
https://pharos.nih.gov/idg/targets/P47870,P47870,Synapse,http://www.uniprot.org/keywords/KW-0770
https://pharos.nih.gov/idg/targets/P47870,P47870,Chloride,http://www.uniprot.org/keywords/KW-0868
https://pharos.nih.gov/idg/targets/P47870,P47870,"Chloride channel",http://www.uniprot.org/keywords/KW-0869
https://pharos.nih.gov/idg/targets/P32297,P32297,"Complete proteome",http://www.uniprot.org/keywords/KW-0181
https://pharos.nih.gov/idg/targets/P32297,P32297,Polymorphism,http://www.uniprot.org/keywords/KW-0621
https://pharos.nih.gov/idg/targets/P32297,P32297,"Reference proteome",http://www.uniprot.org/keywords/KW-1185
https://pharos.nih.gov/idg/targets/P32297,P32297,"Alternative splicing",http://www.uniprot.org/keywords/KW-0025
https://pharos.nih.gov/idg/targets/P32297,P32297,Phosphoprotein,http://www.uniprot.org/keywords/KW-0597
https://pharos.nih.gov/idg/targets/P32297,P32297,"Cell membrane",http://www.uniprot.org/keywords/KW-1003
https://pharos.nih.gov/idg/targets/P32297,P32297,"Disulfide bond",http://www.uniprot.org/keywords/KW-1015
https://pharos.nih.gov/idg/targets/P32297,P32297,Glycoprotein,http://www.uniprot.org/keywords/KW-0325
https://pharos.nih.gov/idg/targets/P32297,P32297,Membrane,http://www.uniprot.org/keywords/KW-0472
https://pharos.nih.gov/idg/targets/P32297,P32297,Receptor,http://www.uniprot.org/keywords/KW-0675
https://pharos.nih.gov/idg/targets/P32297,P32297,Transmembrane,http://www.uniprot.org/keywords/KW-0812
https://pharos.nih.gov/idg/targets/P32297,P32297,"Transmembrane helix",http://www.uniprot.org/keywords/KW-1133
https://pharos.nih.gov/idg/targets/P32297,P32297,3D-structure,http://www.uniprot.org/keywords/KW-0002
https://pharos.nih.gov/idg/targets/P32297,P32297,Signal,http://www.uniprot.org/keywords/KW-0732
https://pharos.nih.gov/idg/targets/P32297,P32297,Transport,http://www.uniprot.org/keywords/KW-0813
https://pharos.nih.gov/idg/targets/P32297,P32297,"Ion channel",http://www.uniprot.org/keywords/KW-0407
https://pharos.nih.gov/idg/targets/P32297,P32297,"Ion transport",http://www.uniprot.org/keywords/KW-0406
https://pharos.nih.gov/idg/targets/P32297,P32297,"Cell junction",http://www.uniprot.org/keywords/KW-0965
https://pharos.nih.gov/idg/targets/P32297,P32297,"Ligand-gated ion channel",http://www.uniprot.org/keywords/KW-1071
https://pharos.nih.gov/idg/targets/P32297,P32297,"Postsynaptic cell membrane",http://www.uniprot.org/keywords/KW-0628
https://pharos.nih.gov/idg/targets/P32297,P32297,Synapse,http://www.uniprot.org/keywords/KW-0770
https://pharos.nih.gov/idg/targets/P23416,P23416,"Complete proteome",http://www.uniprot.org/keywords/KW-0181
https://pharos.nih.gov/idg/targets/P23416,P23416,Metal-binding,http://www.uniprot.org/keywords/KW-0479
https://pharos.nih.gov/idg/targets/P23416,P23416,"Reference proteome",http://www.uniprot.org/keywords/KW-1185
https://pharos.nih.gov/idg/targets/P23416,P23416,Zinc,http://www.uniprot.org/keywords/KW-0862
https://pharos.nih.gov/idg/targets/P23416,P23416,"Alternative splicing",http://www.uniprot.org/keywords/KW-0025
https://pharos.nih.gov/idg/targets/P23416,P23416,"Cell projection",http://www.uniprot.org/keywords/KW-0966
https://pharos.nih.gov/idg/targets/P23416,P23416,Phosphoprotein,http://www.uniprot.org/keywords/KW-0597
https://pharos.nih.gov/idg/targets/P23416,P23416,"Cell membrane",http://www.uniprot.org/keywords/KW-1003
https://pharos.nih.gov/idg/targets/P23416,P23416,"Disulfide bond",http://www.uniprot.org/keywords/KW-1015
https://pharos.nih.gov/idg/targets/P23416,P23416,Glycoprotein,http://www.uniprot.org/keywords/KW-0325
https://pharos.nih.gov/idg/targets/P23416,P23416,Membrane,http://www.uniprot.org/keywords/KW-0472
https://pharos.nih.gov/idg/targets/P23416,P23416,Receptor,http://www.uniprot.org/keywords/KW-0675
https://pharos.nih.gov/idg/targets/P23416,P23416,Transmembrane,http://www.uniprot.org/keywords/KW-0812
https://pharos.nih.gov/idg/targets/P23416,P23416,"Transmembrane helix",http://www.uniprot.org/keywords/KW-1133
https://pharos.nih.gov/idg/targets/P23416,P23416,Signal,http://www.uniprot.org/keywords/KW-0732
https://pharos.nih.gov/idg/targets/P23416,P23416,Transport,http://www.uniprot.org/keywords/KW-0813
https://pharos.nih.gov/idg/targets/P23416,P23416,"Ion channel",http://www.uniprot.org/keywords/KW-0407
https://pharos.nih.gov/idg/targets/P23416,P23416,"Ion transport",http://www.uniprot.org/keywords/KW-0406
https://pharos.nih.gov/idg/targets/P23416,P23416,"Cell junction",http://www.uniprot.org/keywords/KW-0965
https://pharos.nih.gov/idg/targets/P23416,P23416,"Ligand-gated ion channel",http://www.uniprot.org/keywords/KW-1071
https://pharos.nih.gov/idg/targets/P23416,P23416,"Postsynaptic cell membrane",http://www.uniprot.org/keywords/KW-0628
https://pharos.nih.gov/idg/targets/P23416,P23416,Synapse,http://www.uniprot.org/keywords/KW-0770
https://pharos.nih.gov/idg/targets/P23416,P23416,Chloride,http://www.uniprot.org/keywords/KW-0868
https://pharos.nih.gov/idg/targets/P23416,P23416,"Chloride channel",http://www.uniprot.org/keywords/KW-0869
https://pharos.nih.gov/idg/targets/P23415,P23415,"Complete proteome",http://www.uniprot.org/keywords/KW-0181
https://pharos.nih.gov/idg/targets/P23415,P23415,Metal-binding,http://www.uniprot.org/keywords/KW-0479
https://pharos.nih.gov/idg/targets/P23415,P23415,"Reference proteome",http://www.uniprot.org/keywords/KW-1185
https://pharos.nih.gov/idg/targets/P23415,P23415,Zinc,http://www.uniprot.org/keywords/KW-0862
https://pharos.nih.gov/idg/targets/P23415,P23415,"Alternative splicing",http://www.uniprot.org/keywords/KW-0025
https://pharos.nih.gov/idg/targets/P23415,P23415,"Cell projection",http://www.uniprot.org/keywords/KW-0966
https://pharos.nih.gov/idg/targets/P23415,P23415,"Disease mutation",http://www.uniprot.org/keywords/KW-0225
https://pharos.nih.gov/idg/targets/P23415,P23415,"Cell membrane",http://www.uniprot.org/keywords/KW-1003
https://pharos.nih.gov/idg/targets/P23415,P23415,"Disulfide bond",http://www.uniprot.org/keywords/KW-1015
https://pharos.nih.gov/idg/targets/P23415,P23415,Glycoprotein,http://www.uniprot.org/keywords/KW-0325
https://pharos.nih.gov/idg/targets/P23415,P23415,Membrane,http://www.uniprot.org/keywords/KW-0472
https://pharos.nih.gov/idg/targets/P23415,P23415,Receptor,http://www.uniprot.org/keywords/KW-0675
https://pharos.nih.gov/idg/targets/P23415,P23415,Transmembrane,http://www.uniprot.org/keywords/KW-0812
https://pharos.nih.gov/idg/targets/P23415,P23415,"Transmembrane helix",http://www.uniprot.org/keywords/KW-1133
https://pharos.nih.gov/idg/targets/P23415,P23415,3D-structure,http://www.uniprot.org/keywords/KW-0002
https://pharos.nih.gov/idg/targets/P23415,P23415,Signal,http://www.uniprot.org/keywords/KW-0732
https://pharos.nih.gov/idg/targets/P23415,P23415,Transport,http://www.uniprot.org/keywords/KW-0813
https://pharos.nih.gov/idg/targets/P23415,P23415,"Ion channel",http://www.uniprot.org/keywords/KW-0407
https://pharos.nih.gov/idg/targets/P23415,P23415,"Ion transport",http://www.uniprot.org/keywords/KW-0406
https://pharos.nih.gov/idg/targets/P23415,P23415,"Cell junction",http://www.uniprot.org/keywords/KW-0965
https://pharos.nih.gov/idg/targets/P23415,P23415,"Ligand-gated ion channel",http://www.uniprot.org/keywords/KW-1071
https://pharos.nih.gov/idg/targets/P23415,P23415,"Postsynaptic cell membrane",http://www.uniprot.org/keywords/KW-0628
https://pharos.nih.gov/idg/targets/P23415,P23415,Synapse,http://www.uniprot.org/keywords/KW-0770
https://pharos.nih.gov/idg/targets/P23415,P23415,Chloride,http://www.uniprot.org/keywords/KW-0868
https://pharos.nih.gov/idg/targets/P23415,P23415,"Chloride channel",http://www.uniprot.org/keywords/KW-0869
https://pharos.nih.gov/idg/targets/Q04844,Q04844,"Complete proteome",http://www.uniprot.org/keywords/KW-0181
https://pharos.nih.gov/idg/targets/Q04844,Q04844,Polymorphism,http://www.uniprot.org/keywords/KW-0621
https://pharos.nih.gov/idg/targets/Q04844,Q04844,"Reference proteome",http://www.uniprot.org/keywords/KW-1185
https://pharos.nih.gov/idg/targets/Q04844,Q04844,"Disease mutation",http://www.uniprot.org/keywords/KW-0225
https://pharos.nih.gov/idg/targets/Q04844,Q04844,"Cell membrane",http://www.uniprot.org/keywords/KW-1003
https://pharos.nih.gov/idg/targets/Q04844,Q04844,"Disulfide bond",http://www.uniprot.org/keywords/KW-1015
https://pharos.nih.gov/idg/targets/Q04844,Q04844,Glycoprotein,http://www.uniprot.org/keywords/KW-0325
https://pharos.nih.gov/idg/targets/Q04844,Q04844,Membrane,http://www.uniprot.org/keywords/KW-0472
https://pharos.nih.gov/idg/targets/Q04844,Q04844,Receptor,http://www.uniprot.org/keywords/KW-0675
https://pharos.nih.gov/idg/targets/Q04844,Q04844,Transmembrane,http://www.uniprot.org/keywords/KW-0812
https://pharos.nih.gov/idg/targets/Q04844,Q04844,"Transmembrane helix",http://www.uniprot.org/keywords/KW-1133
https://pharos.nih.gov/idg/targets/Q04844,Q04844,3D-structure,http://www.uniprot.org/keywords/KW-0002
https://pharos.nih.gov/idg/targets/Q04844,Q04844,Signal,http://www.uniprot.org/keywords/KW-0732
https://pharos.nih.gov/idg/targets/Q04844,Q04844,Transport,http://www.uniprot.org/keywords/KW-0813
https://pharos.nih.gov/idg/targets/Q04844,Q04844,"Ion channel",http://www.uniprot.org/keywords/KW-0407
https://pharos.nih.gov/idg/targets/Q04844,Q04844,"Ion transport",http://www.uniprot.org/keywords/KW-0406
https://pharos.nih.gov/idg/targets/Q04844,Q04844,"Cell junction",http://www.uniprot.org/keywords/KW-0965
https://pharos.nih.gov/idg/targets/Q04844,Q04844,"Ligand-gated ion channel",http://www.uniprot.org/keywords/KW-1071
https://pharos.nih.gov/idg/targets/Q04844,Q04844,"Congenital myasthenic syndrome",http://www.uniprot.org/keywords/KW-1004
https://pharos.nih.gov/idg/targets/Q04844,Q04844,"Postsynaptic cell membrane",http://www.uniprot.org/keywords/KW-0628
https://pharos.nih.gov/idg/targets/Q04844,Q04844,Synapse,http://www.uniprot.org/keywords/KW-0770
https://pharos.nih.gov/idg/targets/Q05901,Q05901,"Complete proteome",http://www.uniprot.org/keywords/KW-0181
https://pharos.nih.gov/idg/targets/Q05901,Q05901,Polymorphism,http://www.uniprot.org/keywords/KW-0621
https://pharos.nih.gov/idg/targets/Q05901,Q05901,"Reference proteome",http://www.uniprot.org/keywords/KW-1185
https://pharos.nih.gov/idg/targets/Q05901,Q05901,"Cell membrane",http://www.uniprot.org/keywords/KW-1003
https://pharos.nih.gov/idg/targets/Q05901,Q05901,"Disulfide bond",http://www.uniprot.org/keywords/KW-1015
https://pharos.nih.gov/idg/targets/Q05901,Q05901,Glycoprotein,http://www.uniprot.org/keywords/KW-0325
https://pharos.nih.gov/idg/targets/Q05901,Q05901,Membrane,http://www.uniprot.org/keywords/KW-0472
https://pharos.nih.gov/idg/targets/Q05901,Q05901,Receptor,http://www.uniprot.org/keywords/KW-0675
https://pharos.nih.gov/idg/targets/Q05901,Q05901,Transmembrane,http://www.uniprot.org/keywords/KW-0812
https://pharos.nih.gov/idg/targets/Q05901,Q05901,"Transmembrane helix",http://www.uniprot.org/keywords/KW-1133
https://pharos.nih.gov/idg/targets/Q05901,Q05901,Signal,http://www.uniprot.org/keywords/KW-0732
https://pharos.nih.gov/idg/targets/Q05901,Q05901,Transport,http://www.uniprot.org/keywords/KW-0813
https://pharos.nih.gov/idg/targets/Q05901,Q05901,"Ion channel",http://www.uniprot.org/keywords/KW-0407
https://pharos.nih.gov/idg/targets/Q05901,Q05901,"Ion transport",http://www.uniprot.org/keywords/KW-0406
https://pharos.nih.gov/idg/targets/Q05901,Q05901,"Cell junction",http://www.uniprot.org/keywords/KW-0965
https://pharos.nih.gov/idg/targets/Q05901,Q05901,"Ligand-gated ion channel",http://www.uniprot.org/keywords/KW-1071
https://pharos.nih.gov/idg/targets/Q05901,Q05901,"Postsynaptic cell membrane",http://www.uniprot.org/keywords/KW-0628
https://pharos.nih.gov/idg/targets/Q05901,Q05901,Synapse,http://www.uniprot.org/keywords/KW-0770
https://pharos.nih.gov/idg/targets/Q401N2,Q401N2,"Complete proteome",http://www.uniprot.org/keywords/KW-0181
https://pharos.nih.gov/idg/targets/Q401N2,Q401N2,Polymorphism,http://www.uniprot.org/keywords/KW-0621
https://pharos.nih.gov/idg/targets/Q401N2,Q401N2,"Reference proteome",http://www.uniprot.org/keywords/KW-1185
https://pharos.nih.gov/idg/targets/Q401N2,Q401N2,Zinc,http://www.uniprot.org/keywords/KW-0862
https://pharos.nih.gov/idg/targets/Q401N2,Q401N2,"Alternative splicing",http://www.uniprot.org/keywords/KW-0025
https://pharos.nih.gov/idg/targets/Q401N2,Q401N2,"Cell membrane",http://www.uniprot.org/keywords/KW-1003
https://pharos.nih.gov/idg/targets/Q401N2,Q401N2,"Disulfide bond",http://www.uniprot.org/keywords/KW-1015
https://pharos.nih.gov/idg/targets/Q401N2,Q401N2,Glycoprotein,http://www.uniprot.org/keywords/KW-0325
https://pharos.nih.gov/idg/targets/Q401N2,Q401N2,Membrane,http://www.uniprot.org/keywords/KW-0472
https://pharos.nih.gov/idg/targets/Q401N2,Q401N2,Receptor,http://www.uniprot.org/keywords/KW-0675
https://pharos.nih.gov/idg/targets/Q401N2,Q401N2,Transmembrane,http://www.uniprot.org/keywords/KW-0812
https://pharos.nih.gov/idg/targets/Q401N2,Q401N2,"Transmembrane helix",http://www.uniprot.org/keywords/KW-1133
https://pharos.nih.gov/idg/targets/Q401N2,Q401N2,Signal,http://www.uniprot.org/keywords/KW-0732
https://pharos.nih.gov/idg/targets/Q401N2,Q401N2,Transport,http://www.uniprot.org/keywords/KW-0813
https://pharos.nih.gov/idg/targets/Q401N2,Q401N2,"Ion channel",http://www.uniprot.org/keywords/KW-0407
https://pharos.nih.gov/idg/targets/Q401N2,Q401N2,"Ion transport",http://www.uniprot.org/keywords/KW-0406
https://pharos.nih.gov/idg/targets/Q401N2,Q401N2,"Ligand-gated ion channel",http://www.uniprot.org/keywords/KW-1071
https://pharos.nih.gov/idg/targets/P07510,P07510,"Complete proteome",http://www.uniprot.org/keywords/KW-0181
https://pharos.nih.gov/idg/targets/P07510,P07510,Polymorphism,http://www.uniprot.org/keywords/KW-0621
https://pharos.nih.gov/idg/targets/P07510,P07510,"Reference proteome",http://www.uniprot.org/keywords/KW-1185
https://pharos.nih.gov/idg/targets/P07510,P07510,"Alternative splicing",http://www.uniprot.org/keywords/KW-0025
https://pharos.nih.gov/idg/targets/P07510,P07510,"Disease mutation",http://www.uniprot.org/keywords/KW-0225
https://pharos.nih.gov/idg/targets/P07510,P07510,"Cell membrane",http://www.uniprot.org/keywords/KW-1003
https://pharos.nih.gov/idg/targets/P07510,P07510,"Disulfide bond",http://www.uniprot.org/keywords/KW-1015
https://pharos.nih.gov/idg/targets/P07510,P07510,Glycoprotein,http://www.uniprot.org/keywords/KW-0325
https://pharos.nih.gov/idg/targets/P07510,P07510,Membrane,http://www.uniprot.org/keywords/KW-0472
https://pharos.nih.gov/idg/targets/P07510,P07510,Receptor,http://www.uniprot.org/keywords/KW-0675
https://pharos.nih.gov/idg/targets/P07510,P07510,Transmembrane,http://www.uniprot.org/keywords/KW-0812
https://pharos.nih.gov/idg/targets/P07510,P07510,"Transmembrane helix",http://www.uniprot.org/keywords/KW-1133
https://pharos.nih.gov/idg/targets/P07510,P07510,Signal,http://www.uniprot.org/keywords/KW-0732
https://pharos.nih.gov/idg/targets/P07510,P07510,Transport,http://www.uniprot.org/keywords/KW-0813
https://pharos.nih.gov/idg/targets/P07510,P07510,"Ion channel",http://www.uniprot.org/keywords/KW-0407
https://pharos.nih.gov/idg/targets/P07510,P07510,"Ion transport",http://www.uniprot.org/keywords/KW-0406
https://pharos.nih.gov/idg/targets/P07510,P07510,"Cell junction",http://www.uniprot.org/keywords/KW-0965
https://pharos.nih.gov/idg/targets/P07510,P07510,"Ligand-gated ion channel",http://www.uniprot.org/keywords/KW-1071
https://pharos.nih.gov/idg/targets/P07510,P07510,"Postsynaptic cell membrane",http://www.uniprot.org/keywords/KW-0628
https://pharos.nih.gov/idg/targets/P07510,P07510,Synapse,http://www.uniprot.org/keywords/KW-0770
https://pharos.nih.gov/idg/targets/Q9UGM1,Q9UGM1,"Complete proteome",http://www.uniprot.org/keywords/KW-0181
https://pharos.nih.gov/idg/targets/Q9UGM1,Q9UGM1,Polymorphism,http://www.uniprot.org/keywords/KW-0621
https://pharos.nih.gov/idg/targets/Q9UGM1,Q9UGM1,"Reference proteome",http://www.uniprot.org/keywords/KW-1185
https://pharos.nih.gov/idg/targets/Q9UGM1,Q9UGM1,"Cell membrane",http://www.uniprot.org/keywords/KW-1003
https://pharos.nih.gov/idg/targets/Q9UGM1,Q9UGM1,"Disulfide bond",http://www.uniprot.org/keywords/KW-1015
https://pharos.nih.gov/idg/targets/Q9UGM1,Q9UGM1,Glycoprotein,http://www.uniprot.org/keywords/KW-0325
https://pharos.nih.gov/idg/targets/Q9UGM1,Q9UGM1,Membrane,http://www.uniprot.org/keywords/KW-0472
https://pharos.nih.gov/idg/targets/Q9UGM1,Q9UGM1,Receptor,http://www.uniprot.org/keywords/KW-0675
https://pharos.nih.gov/idg/targets/Q9UGM1,Q9UGM1,Transmembrane,http://www.uniprot.org/keywords/KW-0812
https://pharos.nih.gov/idg/targets/Q9UGM1,Q9UGM1,"Transmembrane helix",http://www.uniprot.org/keywords/KW-1133
https://pharos.nih.gov/idg/targets/Q9UGM1,Q9UGM1,3D-structure,http://www.uniprot.org/keywords/KW-0002
https://pharos.nih.gov/idg/targets/Q9UGM1,Q9UGM1,Signal,http://www.uniprot.org/keywords/KW-0732
https://pharos.nih.gov/idg/targets/Q9UGM1,Q9UGM1,Calcium,http://www.uniprot.org/keywords/KW-0106
https://pharos.nih.gov/idg/targets/Q9UGM1,Q9UGM1,Transport,http://www.uniprot.org/keywords/KW-0813
https://pharos.nih.gov/idg/targets/Q9UGM1,Q9UGM1,"Calcium channel",http://www.uniprot.org/keywords/KW-0107
https://pharos.nih.gov/idg/targets/Q9UGM1,Q9UGM1,"Calcium transport",http://www.uniprot.org/keywords/KW-0109
https://pharos.nih.gov/idg/targets/Q9UGM1,Q9UGM1,"Ion channel",http://www.uniprot.org/keywords/KW-0407
https://pharos.nih.gov/idg/targets/Q9UGM1,Q9UGM1,"Ion transport",http://www.uniprot.org/keywords/KW-0406
https://pharos.nih.gov/idg/targets/Q9UGM1,Q9UGM1,"Cell junction",http://www.uniprot.org/keywords/KW-0965
https://pharos.nih.gov/idg/targets/Q9UGM1,Q9UGM1,"Ligand-gated ion channel",http://www.uniprot.org/keywords/KW-1071
https://pharos.nih.gov/idg/targets/Q9UGM1,Q9UGM1,"Postsynaptic cell membrane",http://www.uniprot.org/keywords/KW-0628
https://pharos.nih.gov/idg/targets/Q9UGM1,Q9UGM1,Synapse,http://www.uniprot.org/keywords/KW-0770
https://pharos.nih.gov/idg/targets/P18507,P18507,"Complete proteome",http://www.uniprot.org/keywords/KW-0181
https://pharos.nih.gov/idg/targets/P18507,P18507,"Reference proteome",http://www.uniprot.org/keywords/KW-1185
https://pharos.nih.gov/idg/targets/P18507,P18507,"Alternative splicing",http://www.uniprot.org/keywords/KW-0025
https://pharos.nih.gov/idg/targets/P18507,P18507,"Cell projection",http://www.uniprot.org/keywords/KW-0966
https://pharos.nih.gov/idg/targets/P18507,P18507,"Disease mutation",http://www.uniprot.org/keywords/KW-0225
https://pharos.nih.gov/idg/targets/P18507,P18507,"Cell membrane",http://www.uniprot.org/keywords/KW-1003
https://pharos.nih.gov/idg/targets/P18507,P18507,"Disulfide bond",http://www.uniprot.org/keywords/KW-1015
https://pharos.nih.gov/idg/targets/P18507,P18507,Glycoprotein,http://www.uniprot.org/keywords/KW-0325
https://pharos.nih.gov/idg/targets/P18507,P18507,Membrane,http://www.uniprot.org/keywords/KW-0472
https://pharos.nih.gov/idg/targets/P18507,P18507,Transmembrane,http://www.uniprot.org/keywords/KW-0812
https://pharos.nih.gov/idg/targets/P18507,P18507,"Transmembrane helix",http://www.uniprot.org/keywords/KW-1133
https://pharos.nih.gov/idg/targets/P18507,P18507,Lipoprotein,http://www.uniprot.org/keywords/KW-0449
https://pharos.nih.gov/idg/targets/P18507,P18507,Palmitate,http://www.uniprot.org/keywords/KW-0564
https://pharos.nih.gov/idg/targets/P18507,P18507,Signal,http://www.uniprot.org/keywords/KW-0732
https://pharos.nih.gov/idg/targets/P18507,P18507,Transport,http://www.uniprot.org/keywords/KW-0813
https://pharos.nih.gov/idg/targets/P18507,P18507,"Ion channel",http://www.uniprot.org/keywords/KW-0407
https://pharos.nih.gov/idg/targets/P18507,P18507,"Ion transport",http://www.uniprot.org/keywords/KW-0406
https://pharos.nih.gov/idg/targets/P18507,P18507,"Cytoplasmic vesicle",http://www.uniprot.org/keywords/KW-0968
https://pharos.nih.gov/idg/targets/P18507,P18507,"Cell junction",http://www.uniprot.org/keywords/KW-0965
https://pharos.nih.gov/idg/targets/P18507,P18507,"Postsynaptic cell membrane",http://www.uniprot.org/keywords/KW-0628
https://pharos.nih.gov/idg/targets/P18507,P18507,Synapse,http://www.uniprot.org/keywords/KW-0770
https://pharos.nih.gov/idg/targets/P18507,P18507,Epilepsy,http://www.uniprot.org/keywords/KW-0887
https://pharos.nih.gov/idg/targets/P18507,P18507,Chloride,http://www.uniprot.org/keywords/KW-0868
https://pharos.nih.gov/idg/targets/P18507,P18507,"Chloride channel",http://www.uniprot.org/keywords/KW-0869
https://pharos.nih.gov/idg/targets/P43681,P43681,"Complete proteome",http://www.uniprot.org/keywords/KW-0181
https://pharos.nih.gov/idg/targets/P43681,P43681,Polymorphism,http://www.uniprot.org/keywords/KW-0621
https://pharos.nih.gov/idg/targets/P43681,P43681,"Reference proteome",http://www.uniprot.org/keywords/KW-1185
https://pharos.nih.gov/idg/targets/P43681,P43681,"Alternative splicing",http://www.uniprot.org/keywords/KW-0025
https://pharos.nih.gov/idg/targets/P43681,P43681,"Disease mutation",http://www.uniprot.org/keywords/KW-0225
https://pharos.nih.gov/idg/targets/P43681,P43681,Phosphoprotein,http://www.uniprot.org/keywords/KW-0597
https://pharos.nih.gov/idg/targets/P43681,P43681,"Cell membrane",http://www.uniprot.org/keywords/KW-1003
https://pharos.nih.gov/idg/targets/P43681,P43681,"Disulfide bond",http://www.uniprot.org/keywords/KW-1015
https://pharos.nih.gov/idg/targets/P43681,P43681,Glycoprotein,http://www.uniprot.org/keywords/KW-0325
https://pharos.nih.gov/idg/targets/P43681,P43681,Membrane,http://www.uniprot.org/keywords/KW-0472
https://pharos.nih.gov/idg/targets/P43681,P43681,Receptor,http://www.uniprot.org/keywords/KW-0675
https://pharos.nih.gov/idg/targets/P43681,P43681,Transmembrane,http://www.uniprot.org/keywords/KW-0812
https://pharos.nih.gov/idg/targets/P43681,P43681,"Transmembrane helix",http://www.uniprot.org/keywords/KW-1133
https://pharos.nih.gov/idg/targets/P43681,P43681,3D-structure,http://www.uniprot.org/keywords/KW-0002
https://pharos.nih.gov/idg/targets/P43681,P43681,Lipoprotein,http://www.uniprot.org/keywords/KW-0449
https://pharos.nih.gov/idg/targets/P43681,P43681,Palmitate,http://www.uniprot.org/keywords/KW-0564
https://pharos.nih.gov/idg/targets/P43681,P43681,Signal,http://www.uniprot.org/keywords/KW-0732
https://pharos.nih.gov/idg/targets/P43681,P43681,Transport,http://www.uniprot.org/keywords/KW-0813
https://pharos.nih.gov/idg/targets/P43681,P43681,"Ion channel",http://www.uniprot.org/keywords/KW-0407
https://pharos.nih.gov/idg/targets/P43681,P43681,"Ion transport",http://www.uniprot.org/keywords/KW-0406
https://pharos.nih.gov/idg/targets/P43681,P43681,"Cell junction",http://www.uniprot.org/keywords/KW-0965
https://pharos.nih.gov/idg/targets/P43681,P43681,"Ligand-gated ion channel",http://www.uniprot.org/keywords/KW-1071
https://pharos.nih.gov/idg/targets/P43681,P43681,"Postsynaptic cell membrane",http://www.uniprot.org/keywords/KW-0628
https://pharos.nih.gov/idg/targets/P43681,P43681,Synapse,http://www.uniprot.org/keywords/KW-0770
https://pharos.nih.gov/idg/targets/P43681,P43681,Epilepsy,http://www.uniprot.org/keywords/KW-0887
https://pharos.nih.gov/idg/targets/Q15825,Q15825,"Complete proteome",http://www.uniprot.org/keywords/KW-0181
https://pharos.nih.gov/idg/targets/Q15825,Q15825,Polymorphism,http://www.uniprot.org/keywords/KW-0621
https://pharos.nih.gov/idg/targets/Q15825,Q15825,"Reference proteome",http://www.uniprot.org/keywords/KW-1185
https://pharos.nih.gov/idg/targets/Q15825,Q15825,"Alternative splicing",http://www.uniprot.org/keywords/KW-0025
https://pharos.nih.gov/idg/targets/Q15825,Q15825,"Cell membrane",http://www.uniprot.org/keywords/KW-1003
https://pharos.nih.gov/idg/targets/Q15825,Q15825,"Disulfide bond",http://www.uniprot.org/keywords/KW-1015
https://pharos.nih.gov/idg/targets/Q15825,Q15825,Glycoprotein,http://www.uniprot.org/keywords/KW-0325
https://pharos.nih.gov/idg/targets/Q15825,Q15825,Membrane,http://www.uniprot.org/keywords/KW-0472
https://pharos.nih.gov/idg/targets/Q15825,Q15825,Receptor,http://www.uniprot.org/keywords/KW-0675
https://pharos.nih.gov/idg/targets/Q15825,Q15825,Transmembrane,http://www.uniprot.org/keywords/KW-0812
https://pharos.nih.gov/idg/targets/Q15825,Q15825,"Transmembrane helix",http://www.uniprot.org/keywords/KW-1133
https://pharos.nih.gov/idg/targets/Q15825,Q15825,Signal,http://www.uniprot.org/keywords/KW-0732
https://pharos.nih.gov/idg/targets/Q15825,Q15825,Transport,http://www.uniprot.org/keywords/KW-0813
https://pharos.nih.gov/idg/targets/Q15825,Q15825,"Ion channel",http://www.uniprot.org/keywords/KW-0407
https://pharos.nih.gov/idg/targets/Q15825,Q15825,"Ion transport",http://www.uniprot.org/keywords/KW-0406
https://pharos.nih.gov/idg/targets/Q15825,Q15825,"Cell junction",http://www.uniprot.org/keywords/KW-0965
https://pharos.nih.gov/idg/targets/Q15825,Q15825,"Ligand-gated ion channel",http://www.uniprot.org/keywords/KW-1071
https://pharos.nih.gov/idg/targets/Q15825,Q15825,"Postsynaptic cell membrane",http://www.uniprot.org/keywords/KW-0628
https://pharos.nih.gov/idg/targets/Q15825,Q15825,Synapse,http://www.uniprot.org/keywords/KW-0770
https://pharos.nih.gov/idg/targets/P78334,P78334,"Complete proteome",http://www.uniprot.org/keywords/KW-0181
https://pharos.nih.gov/idg/targets/P78334,P78334,Polymorphism,http://www.uniprot.org/keywords/KW-0621
https://pharos.nih.gov/idg/targets/P78334,P78334,"Reference proteome",http://www.uniprot.org/keywords/KW-1185
https://pharos.nih.gov/idg/targets/P78334,P78334,"Alternative splicing",http://www.uniprot.org/keywords/KW-0025
https://pharos.nih.gov/idg/targets/P78334,P78334,"Cell membrane",http://www.uniprot.org/keywords/KW-1003
https://pharos.nih.gov/idg/targets/P78334,P78334,"Disulfide bond",http://www.uniprot.org/keywords/KW-1015
https://pharos.nih.gov/idg/targets/P78334,P78334,Glycoprotein,http://www.uniprot.org/keywords/KW-0325
https://pharos.nih.gov/idg/targets/P78334,P78334,Membrane,http://www.uniprot.org/keywords/KW-0472
https://pharos.nih.gov/idg/targets/P78334,P78334,Transmembrane,http://www.uniprot.org/keywords/KW-0812
https://pharos.nih.gov/idg/targets/P78334,P78334,"Transmembrane helix",http://www.uniprot.org/keywords/KW-1133
https://pharos.nih.gov/idg/targets/P78334,P78334,Signal,http://www.uniprot.org/keywords/KW-0732
https://pharos.nih.gov/idg/targets/P78334,P78334,Transport,http://www.uniprot.org/keywords/KW-0813
https://pharos.nih.gov/idg/targets/P78334,P78334,"Ion channel",http://www.uniprot.org/keywords/KW-0407
https://pharos.nih.gov/idg/targets/P78334,P78334,"Ion transport",http://www.uniprot.org/keywords/KW-0406
https://pharos.nih.gov/idg/targets/P78334,P78334,"Cell junction",http://www.uniprot.org/keywords/KW-0965
https://pharos.nih.gov/idg/targets/P78334,P78334,"Postsynaptic cell membrane",http://www.uniprot.org/keywords/KW-0628
https://pharos.nih.gov/idg/targets/P78334,P78334,Synapse,http://www.uniprot.org/keywords/KW-0770
https://pharos.nih.gov/idg/targets/P78334,P78334,Chloride,http://www.uniprot.org/keywords/KW-0868
https://pharos.nih.gov/idg/targets/P78334,P78334,"Chloride channel",http://www.uniprot.org/keywords/KW-0869
https://pharos.nih.gov/idg/targets/Q9GZZ6,Q9GZZ6,"Complete proteome",http://www.uniprot.org/keywords/KW-0181
https://pharos.nih.gov/idg/targets/Q9GZZ6,Q9GZZ6,Polymorphism,http://www.uniprot.org/keywords/KW-0621
https://pharos.nih.gov/idg/targets/Q9GZZ6,Q9GZZ6,"Reference proteome",http://www.uniprot.org/keywords/KW-1185
https://pharos.nih.gov/idg/targets/Q9GZZ6,Q9GZZ6,"Cell membrane",http://www.uniprot.org/keywords/KW-1003
https://pharos.nih.gov/idg/targets/Q9GZZ6,Q9GZZ6,"Disulfide bond",http://www.uniprot.org/keywords/KW-1015
https://pharos.nih.gov/idg/targets/Q9GZZ6,Q9GZZ6,Glycoprotein,http://www.uniprot.org/keywords/KW-0325
https://pharos.nih.gov/idg/targets/Q9GZZ6,Q9GZZ6,Membrane,http://www.uniprot.org/keywords/KW-0472
https://pharos.nih.gov/idg/targets/Q9GZZ6,Q9GZZ6,Receptor,http://www.uniprot.org/keywords/KW-0675
https://pharos.nih.gov/idg/targets/Q9GZZ6,Q9GZZ6,Transmembrane,http://www.uniprot.org/keywords/KW-0812
https://pharos.nih.gov/idg/targets/Q9GZZ6,Q9GZZ6,"Transmembrane helix",http://www.uniprot.org/keywords/KW-1133
https://pharos.nih.gov/idg/targets/Q9GZZ6,Q9GZZ6,Signal,http://www.uniprot.org/keywords/KW-0732
https://pharos.nih.gov/idg/targets/Q9GZZ6,Q9GZZ6,Calcium,http://www.uniprot.org/keywords/KW-0106
https://pharos.nih.gov/idg/targets/Q9GZZ6,Q9GZZ6,Transport,http://www.uniprot.org/keywords/KW-0813
https://pharos.nih.gov/idg/targets/Q9GZZ6,Q9GZZ6,"Calcium channel",http://www.uniprot.org/keywords/KW-0107
https://pharos.nih.gov/idg/targets/Q9GZZ6,Q9GZZ6,"Calcium transport",http://www.uniprot.org/keywords/KW-0109
https://pharos.nih.gov/idg/targets/Q9GZZ6,Q9GZZ6,"Ion channel",http://www.uniprot.org/keywords/KW-0407
https://pharos.nih.gov/idg/targets/Q9GZZ6,Q9GZZ6,"Ion transport",http://www.uniprot.org/keywords/KW-0406
https://pharos.nih.gov/idg/targets/Q9GZZ6,Q9GZZ6,"Cell junction",http://www.uniprot.org/keywords/KW-0965
https://pharos.nih.gov/idg/targets/Q9GZZ6,Q9GZZ6,"Ligand-gated ion channel",http://www.uniprot.org/keywords/KW-1071
https://pharos.nih.gov/idg/targets/Q9GZZ6,Q9GZZ6,"Postsynaptic cell membrane",http://www.uniprot.org/keywords/KW-0628
https://pharos.nih.gov/idg/targets/Q9GZZ6,Q9GZZ6,Synapse,http://www.uniprot.org/keywords/KW-0770
https://pharos.nih.gov/idg/targets/Q15822,Q15822,"Complete proteome",http://www.uniprot.org/keywords/KW-0181
https://pharos.nih.gov/idg/targets/Q15822,Q15822,Polymorphism,http://www.uniprot.org/keywords/KW-0621
https://pharos.nih.gov/idg/targets/Q15822,Q15822,"Reference proteome",http://www.uniprot.org/keywords/KW-1185
https://pharos.nih.gov/idg/targets/Q15822,Q15822,"Alternative splicing",http://www.uniprot.org/keywords/KW-0025
https://pharos.nih.gov/idg/targets/Q15822,Q15822,"Disease mutation",http://www.uniprot.org/keywords/KW-0225
https://pharos.nih.gov/idg/targets/Q15822,Q15822,"Cell membrane",http://www.uniprot.org/keywords/KW-1003
https://pharos.nih.gov/idg/targets/Q15822,Q15822,"Disulfide bond",http://www.uniprot.org/keywords/KW-1015
https://pharos.nih.gov/idg/targets/Q15822,Q15822,Glycoprotein,http://www.uniprot.org/keywords/KW-0325
https://pharos.nih.gov/idg/targets/Q15822,Q15822,Membrane,http://www.uniprot.org/keywords/KW-0472
https://pharos.nih.gov/idg/targets/Q15822,Q15822,Receptor,http://www.uniprot.org/keywords/KW-0675
https://pharos.nih.gov/idg/targets/Q15822,Q15822,Transmembrane,http://www.uniprot.org/keywords/KW-0812
https://pharos.nih.gov/idg/targets/Q15822,Q15822,"Transmembrane helix",http://www.uniprot.org/keywords/KW-1133
https://pharos.nih.gov/idg/targets/Q15822,Q15822,3D-structure,http://www.uniprot.org/keywords/KW-0002
https://pharos.nih.gov/idg/targets/Q15822,Q15822,Signal,http://www.uniprot.org/keywords/KW-0732
https://pharos.nih.gov/idg/targets/Q15822,Q15822,Transport,http://www.uniprot.org/keywords/KW-0813
https://pharos.nih.gov/idg/targets/Q15822,Q15822,"Ion channel",http://www.uniprot.org/keywords/KW-0407
https://pharos.nih.gov/idg/targets/Q15822,Q15822,"Ion transport",http://www.uniprot.org/keywords/KW-0406
https://pharos.nih.gov/idg/targets/Q15822,Q15822,"Cell junction",http://www.uniprot.org/keywords/KW-0965
https://pharos.nih.gov/idg/targets/Q15822,Q15822,"Ligand-gated ion channel",http://www.uniprot.org/keywords/KW-1071
https://pharos.nih.gov/idg/targets/Q15822,Q15822,"Postsynaptic cell membrane",http://www.uniprot.org/keywords/KW-0628
https://pharos.nih.gov/idg/targets/Q15822,Q15822,Synapse,http://www.uniprot.org/keywords/KW-0770
https://pharos.nih.gov/idg/targets/Q15822,Q15822,Epilepsy,http://www.uniprot.org/keywords/KW-0887
https://pharos.nih.gov/idg/targets/P11230,P11230,"Complete proteome",http://www.uniprot.org/keywords/KW-0181
https://pharos.nih.gov/idg/targets/P11230,P11230,Polymorphism,http://www.uniprot.org/keywords/KW-0621
https://pharos.nih.gov/idg/targets/P11230,P11230,"Reference proteome",http://www.uniprot.org/keywords/KW-1185
https://pharos.nih.gov/idg/targets/P11230,P11230,"Alternative splicing",http://www.uniprot.org/keywords/KW-0025
https://pharos.nih.gov/idg/targets/P11230,P11230,"Disease mutation",http://www.uniprot.org/keywords/KW-0225
https://pharos.nih.gov/idg/targets/P11230,P11230,Phosphoprotein,http://www.uniprot.org/keywords/KW-0597
https://pharos.nih.gov/idg/targets/P11230,P11230,"Cell membrane",http://www.uniprot.org/keywords/KW-1003
https://pharos.nih.gov/idg/targets/P11230,P11230,"Disulfide bond",http://www.uniprot.org/keywords/KW-1015
https://pharos.nih.gov/idg/targets/P11230,P11230,Glycoprotein,http://www.uniprot.org/keywords/KW-0325
https://pharos.nih.gov/idg/targets/P11230,P11230,Membrane,http://www.uniprot.org/keywords/KW-0472
https://pharos.nih.gov/idg/targets/P11230,P11230,Receptor,http://www.uniprot.org/keywords/KW-0675
https://pharos.nih.gov/idg/targets/P11230,P11230,Transmembrane,http://www.uniprot.org/keywords/KW-0812
https://pharos.nih.gov/idg/targets/P11230,P11230,"Transmembrane helix",http://www.uniprot.org/keywords/KW-1133
https://pharos.nih.gov/idg/targets/P11230,P11230,Signal,http://www.uniprot.org/keywords/KW-0732
https://pharos.nih.gov/idg/targets/P11230,P11230,Transport,http://www.uniprot.org/keywords/KW-0813
https://pharos.nih.gov/idg/targets/P11230,P11230,"Ion channel",http://www.uniprot.org/keywords/KW-0407
https://pharos.nih.gov/idg/targets/P11230,P11230,"Ion transport",http://www.uniprot.org/keywords/KW-0406
https://pharos.nih.gov/idg/targets/P11230,P11230,"Cell junction",http://www.uniprot.org/keywords/KW-0965
https://pharos.nih.gov/idg/targets/P11230,P11230,"Ligand-gated ion channel",http://www.uniprot.org/keywords/KW-1071
https://pharos.nih.gov/idg/targets/P11230,P11230,"Congenital myasthenic syndrome",http://www.uniprot.org/keywords/KW-1004
https://pharos.nih.gov/idg/targets/P11230,P11230,"Postsynaptic cell membrane",http://www.uniprot.org/keywords/KW-0628
https://pharos.nih.gov/idg/targets/P11230,P11230,Synapse,http://www.uniprot.org/keywords/KW-0770
https://pharos.nih.gov/idg/targets/Q07001,Q07001,"Complete proteome",http://www.uniprot.org/keywords/KW-0181
https://pharos.nih.gov/idg/targets/Q07001,Q07001,Polymorphism,http://www.uniprot.org/keywords/KW-0621
https://pharos.nih.gov/idg/targets/Q07001,Q07001,"Reference proteome",http://www.uniprot.org/keywords/KW-1185
https://pharos.nih.gov/idg/targets/Q07001,Q07001,"Alternative splicing",http://www.uniprot.org/keywords/KW-0025
https://pharos.nih.gov/idg/targets/Q07001,Q07001,"Disease mutation",http://www.uniprot.org/keywords/KW-0225
https://pharos.nih.gov/idg/targets/Q07001,Q07001,Phosphoprotein,http://www.uniprot.org/keywords/KW-0597
https://pharos.nih.gov/idg/targets/Q07001,Q07001,"Cell membrane",http://www.uniprot.org/keywords/KW-1003
https://pharos.nih.gov/idg/targets/Q07001,Q07001,"Disulfide bond",http://www.uniprot.org/keywords/KW-1015
https://pharos.nih.gov/idg/targets/Q07001,Q07001,Glycoprotein,http://www.uniprot.org/keywords/KW-0325
https://pharos.nih.gov/idg/targets/Q07001,Q07001,Membrane,http://www.uniprot.org/keywords/KW-0472
https://pharos.nih.gov/idg/targets/Q07001,Q07001,Receptor,http://www.uniprot.org/keywords/KW-0675
https://pharos.nih.gov/idg/targets/Q07001,Q07001,Transmembrane,http://www.uniprot.org/keywords/KW-0812
https://pharos.nih.gov/idg/targets/Q07001,Q07001,"Transmembrane helix",http://www.uniprot.org/keywords/KW-1133
https://pharos.nih.gov/idg/targets/Q07001,Q07001,Signal,http://www.uniprot.org/keywords/KW-0732
https://pharos.nih.gov/idg/targets/Q07001,Q07001,Transport,http://www.uniprot.org/keywords/KW-0813
https://pharos.nih.gov/idg/targets/Q07001,Q07001,"Ion channel",http://www.uniprot.org/keywords/KW-0407
https://pharos.nih.gov/idg/targets/Q07001,Q07001,"Ion transport",http://www.uniprot.org/keywords/KW-0406
https://pharos.nih.gov/idg/targets/Q07001,Q07001,"Cell junction",http://www.uniprot.org/keywords/KW-0965
https://pharos.nih.gov/idg/targets/Q07001,Q07001,"Ligand-gated ion channel",http://www.uniprot.org/keywords/KW-1071
https://pharos.nih.gov/idg/targets/Q07001,Q07001,"Congenital myasthenic syndrome",http://www.uniprot.org/keywords/KW-1004
https://pharos.nih.gov/idg/targets/Q07001,Q07001,"Postsynaptic cell membrane",http://www.uniprot.org/keywords/KW-0628
https://pharos.nih.gov/idg/targets/Q07001,Q07001,Synapse,http://www.uniprot.org/keywords/KW-0770
https://pharos.nih.gov/idg/targets/Q8WXA8,Q8WXA8,"Complete proteome",http://www.uniprot.org/keywords/KW-0181
https://pharos.nih.gov/idg/targets/Q8WXA8,Q8WXA8,Polymorphism,http://www.uniprot.org/keywords/KW-0621
https://pharos.nih.gov/idg/targets/Q8WXA8,Q8WXA8,"Reference proteome",http://www.uniprot.org/keywords/KW-1185
https://pharos.nih.gov/idg/targets/Q8WXA8,Q8WXA8,"Cell membrane",http://www.uniprot.org/keywords/KW-1003
https://pharos.nih.gov/idg/targets/Q8WXA8,Q8WXA8,"Disulfide bond",http://www.uniprot.org/keywords/KW-1015
https://pharos.nih.gov/idg/targets/Q8WXA8,Q8WXA8,Membrane,http://www.uniprot.org/keywords/KW-0472
https://pharos.nih.gov/idg/targets/Q8WXA8,Q8WXA8,Receptor,http://www.uniprot.org/keywords/KW-0675
https://pharos.nih.gov/idg/targets/Q8WXA8,Q8WXA8,Transmembrane,http://www.uniprot.org/keywords/KW-0812
https://pharos.nih.gov/idg/targets/Q8WXA8,Q8WXA8,"Transmembrane helix",http://www.uniprot.org/keywords/KW-1133
https://pharos.nih.gov/idg/targets/Q8WXA8,Q8WXA8,Signal,http://www.uniprot.org/keywords/KW-0732
https://pharos.nih.gov/idg/targets/Q8WXA8,Q8WXA8,Transport,http://www.uniprot.org/keywords/KW-0813
https://pharos.nih.gov/idg/targets/Q8WXA8,Q8WXA8,"Ion channel",http://www.uniprot.org/keywords/KW-0407
https://pharos.nih.gov/idg/targets/Q8WXA8,Q8WXA8,"Ion transport",http://www.uniprot.org/keywords/KW-0406
https://pharos.nih.gov/idg/targets/Q8WXA8,Q8WXA8,"Ligand-gated ion channel",http://www.uniprot.org/keywords/KW-1071
https://pharos.nih.gov/idg/targets/Q70Z44,Q70Z44,"Complete proteome",http://www.uniprot.org/keywords/KW-0181
https://pharos.nih.gov/idg/targets/Q70Z44,Q70Z44,Polymorphism,http://www.uniprot.org/keywords/KW-0621
https://pharos.nih.gov/idg/targets/Q70Z44,Q70Z44,"Reference proteome",http://www.uniprot.org/keywords/KW-1185
https://pharos.nih.gov/idg/targets/Q70Z44,Q70Z44,"Alternative splicing",http://www.uniprot.org/keywords/KW-0025
https://pharos.nih.gov/idg/targets/Q70Z44,Q70Z44,"Cell membrane",http://www.uniprot.org/keywords/KW-1003
https://pharos.nih.gov/idg/targets/Q70Z44,Q70Z44,Glycoprotein,http://www.uniprot.org/keywords/KW-0325
https://pharos.nih.gov/idg/targets/Q70Z44,Q70Z44,Membrane,http://www.uniprot.org/keywords/KW-0472
https://pharos.nih.gov/idg/targets/Q70Z44,Q70Z44,Receptor,http://www.uniprot.org/keywords/KW-0675
https://pharos.nih.gov/idg/targets/Q70Z44,Q70Z44,Transmembrane,http://www.uniprot.org/keywords/KW-0812
https://pharos.nih.gov/idg/targets/Q70Z44,Q70Z44,"Transmembrane helix",http://www.uniprot.org/keywords/KW-1133
https://pharos.nih.gov/idg/targets/Q70Z44,Q70Z44,Signal,http://www.uniprot.org/keywords/KW-0732
https://pharos.nih.gov/idg/targets/Q70Z44,Q70Z44,Transport,http://www.uniprot.org/keywords/KW-0813
https://pharos.nih.gov/idg/targets/Q70Z44,Q70Z44,"Ion channel",http://www.uniprot.org/keywords/KW-0407
https://pharos.nih.gov/idg/targets/Q70Z44,Q70Z44,"Ion transport",http://www.uniprot.org/keywords/KW-0406
https://pharos.nih.gov/idg/targets/Q70Z44,Q70Z44,"Ligand-gated ion channel",http://www.uniprot.org/keywords/KW-1071
https://pharos.nih.gov/idg/targets/A5X5Y0,A5X5Y0,"Complete proteome",http://www.uniprot.org/keywords/KW-0181
https://pharos.nih.gov/idg/targets/A5X5Y0,A5X5Y0,Polymorphism,http://www.uniprot.org/keywords/KW-0621
https://pharos.nih.gov/idg/targets/A5X5Y0,A5X5Y0,"Reference proteome",http://www.uniprot.org/keywords/KW-1185
https://pharos.nih.gov/idg/targets/A5X5Y0,A5X5Y0,"Alternative splicing",http://www.uniprot.org/keywords/KW-0025
https://pharos.nih.gov/idg/targets/A5X5Y0,A5X5Y0,"Cell membrane",http://www.uniprot.org/keywords/KW-1003
https://pharos.nih.gov/idg/targets/A5X5Y0,A5X5Y0,"Disulfide bond",http://www.uniprot.org/keywords/KW-1015
https://pharos.nih.gov/idg/targets/A5X5Y0,A5X5Y0,Glycoprotein,http://www.uniprot.org/keywords/KW-0325
https://pharos.nih.gov/idg/targets/A5X5Y0,A5X5Y0,Membrane,http://www.uniprot.org/keywords/KW-0472
https://pharos.nih.gov/idg/targets/A5X5Y0,A5X5Y0,Receptor,http://www.uniprot.org/keywords/KW-0675
https://pharos.nih.gov/idg/targets/A5X5Y0,A5X5Y0,Transmembrane,http://www.uniprot.org/keywords/KW-0812
https://pharos.nih.gov/idg/targets/A5X5Y0,A5X5Y0,"Transmembrane helix",http://www.uniprot.org/keywords/KW-1133
https://pharos.nih.gov/idg/targets/A5X5Y0,A5X5Y0,Signal,http://www.uniprot.org/keywords/KW-0732
https://pharos.nih.gov/idg/targets/A5X5Y0,A5X5Y0,Transport,http://www.uniprot.org/keywords/KW-0813
https://pharos.nih.gov/idg/targets/A5X5Y0,A5X5Y0,"Ion channel",http://www.uniprot.org/keywords/KW-0407
https://pharos.nih.gov/idg/targets/A5X5Y0,A5X5Y0,"Ion transport",http://www.uniprot.org/keywords/KW-0406
https://pharos.nih.gov/idg/targets/A5X5Y0,A5X5Y0,"Ligand-gated ion channel",http://www.uniprot.org/keywords/KW-1071
https://pharos.nih.gov/idg/targets/Q8N1C3,Q8N1C3,"Complete proteome",http://www.uniprot.org/keywords/KW-0181
https://pharos.nih.gov/idg/targets/Q8N1C3,Q8N1C3,Polymorphism,http://www.uniprot.org/keywords/KW-0621
https://pharos.nih.gov/idg/targets/Q8N1C3,Q8N1C3,"Reference proteome",http://www.uniprot.org/keywords/KW-1185
https://pharos.nih.gov/idg/targets/Q8N1C3,Q8N1C3,"Cell membrane",http://www.uniprot.org/keywords/KW-1003
https://pharos.nih.gov/idg/targets/Q8N1C3,Q8N1C3,"Disulfide bond",http://www.uniprot.org/keywords/KW-1015
https://pharos.nih.gov/idg/targets/Q8N1C3,Q8N1C3,Glycoprotein,http://www.uniprot.org/keywords/KW-0325
https://pharos.nih.gov/idg/targets/Q8N1C3,Q8N1C3,Membrane,http://www.uniprot.org/keywords/KW-0472
https://pharos.nih.gov/idg/targets/Q8N1C3,Q8N1C3,Transmembrane,http://www.uniprot.org/keywords/KW-0812
https://pharos.nih.gov/idg/targets/Q8N1C3,Q8N1C3,"Transmembrane helix",http://www.uniprot.org/keywords/KW-1133
https://pharos.nih.gov/idg/targets/Q8N1C3,Q8N1C3,Lipoprotein,http://www.uniprot.org/keywords/KW-0449
https://pharos.nih.gov/idg/targets/Q8N1C3,Q8N1C3,Palmitate,http://www.uniprot.org/keywords/KW-0564
https://pharos.nih.gov/idg/targets/Q8N1C3,Q8N1C3,Signal,http://www.uniprot.org/keywords/KW-0732
https://pharos.nih.gov/idg/targets/Q8N1C3,Q8N1C3,Transport,http://www.uniprot.org/keywords/KW-0813
https://pharos.nih.gov/idg/targets/Q8N1C3,Q8N1C3,"Ion channel",http://www.uniprot.org/keywords/KW-0407
https://pharos.nih.gov/idg/targets/Q8N1C3,Q8N1C3,"Ion transport",http://www.uniprot.org/keywords/KW-0406
https://pharos.nih.gov/idg/targets/Q8N1C3,Q8N1C3,"Cell junction",http://www.uniprot.org/keywords/KW-0965
https://pharos.nih.gov/idg/targets/Q8N1C3,Q8N1C3,"Postsynaptic cell membrane",http://www.uniprot.org/keywords/KW-0628
https://pharos.nih.gov/idg/targets/Q8N1C3,Q8N1C3,Synapse,http://www.uniprot.org/keywords/KW-0770
https://pharos.nih.gov/idg/targets/Q8N1C3,Q8N1C3,Chloride,http://www.uniprot.org/keywords/KW-0868
https://pharos.nih.gov/idg/targets/Q8N1C3,Q8N1C3,"Chloride channel",http://www.uniprot.org/keywords/KW-0869
https://pharos.nih.gov/idg/targets/O00591,O00591,"Complete proteome",http://www.uniprot.org/keywords/KW-0181
https://pharos.nih.gov/idg/targets/O00591,O00591,Polymorphism,http://www.uniprot.org/keywords/KW-0621
https://pharos.nih.gov/idg/targets/O00591,O00591,"Reference proteome",http://www.uniprot.org/keywords/KW-1185
https://pharos.nih.gov/idg/targets/O00591,O00591,"Cell membrane",http://www.uniprot.org/keywords/KW-1003
https://pharos.nih.gov/idg/targets/O00591,O00591,"Disulfide bond",http://www.uniprot.org/keywords/KW-1015
https://pharos.nih.gov/idg/targets/O00591,O00591,Glycoprotein,http://www.uniprot.org/keywords/KW-0325
https://pharos.nih.gov/idg/targets/O00591,O00591,Membrane,http://www.uniprot.org/keywords/KW-0472
https://pharos.nih.gov/idg/targets/O00591,O00591,Transmembrane,http://www.uniprot.org/keywords/KW-0812
https://pharos.nih.gov/idg/targets/O00591,O00591,"Transmembrane helix",http://www.uniprot.org/keywords/KW-1133
https://pharos.nih.gov/idg/targets/O00591,O00591,Signal,http://www.uniprot.org/keywords/KW-0732
https://pharos.nih.gov/idg/targets/O00591,O00591,Transport,http://www.uniprot.org/keywords/KW-0813
https://pharos.nih.gov/idg/targets/O00591,O00591,"Ion channel",http://www.uniprot.org/keywords/KW-0407
https://pharos.nih.gov/idg/targets/O00591,O00591,"Ion transport",http://www.uniprot.org/keywords/KW-0406
https://pharos.nih.gov/idg/targets/O00591,O00591,"Cell junction",http://www.uniprot.org/keywords/KW-0965
https://pharos.nih.gov/idg/targets/O00591,O00591,"Postsynaptic cell membrane",http://www.uniprot.org/keywords/KW-0628
https://pharos.nih.gov/idg/targets/O00591,O00591,Synapse,http://www.uniprot.org/keywords/KW-0770
https://pharos.nih.gov/idg/targets/O00591,O00591,Chloride,http://www.uniprot.org/keywords/KW-0868
https://pharos.nih.gov/idg/targets/O00591,O00591,"Chloride channel",http://www.uniprot.org/keywords/KW-0869
https://pharos.nih.gov/idg/targets/P24046,P24046,"Complete proteome",http://www.uniprot.org/keywords/KW-0181
https://pharos.nih.gov/idg/targets/P24046,P24046,Polymorphism,http://www.uniprot.org/keywords/KW-0621
https://pharos.nih.gov/idg/targets/P24046,P24046,"Reference proteome",http://www.uniprot.org/keywords/KW-1185
https://pharos.nih.gov/idg/targets/P24046,P24046,"Alternative splicing",http://www.uniprot.org/keywords/KW-0025
https://pharos.nih.gov/idg/targets/P24046,P24046,"Cell membrane",http://www.uniprot.org/keywords/KW-1003
https://pharos.nih.gov/idg/targets/P24046,P24046,"Disulfide bond",http://www.uniprot.org/keywords/KW-1015
https://pharos.nih.gov/idg/targets/P24046,P24046,Glycoprotein,http://www.uniprot.org/keywords/KW-0325
https://pharos.nih.gov/idg/targets/P24046,P24046,Membrane,http://www.uniprot.org/keywords/KW-0472
https://pharos.nih.gov/idg/targets/P24046,P24046,Transmembrane,http://www.uniprot.org/keywords/KW-0812
https://pharos.nih.gov/idg/targets/P24046,P24046,"Transmembrane helix",http://www.uniprot.org/keywords/KW-1133
https://pharos.nih.gov/idg/targets/P24046,P24046,Signal,http://www.uniprot.org/keywords/KW-0732
https://pharos.nih.gov/idg/targets/P24046,P24046,Transport,http://www.uniprot.org/keywords/KW-0813
https://pharos.nih.gov/idg/targets/P24046,P24046,"Ion channel",http://www.uniprot.org/keywords/KW-0407
https://pharos.nih.gov/idg/targets/P24046,P24046,"Ion transport",http://www.uniprot.org/keywords/KW-0406
https://pharos.nih.gov/idg/targets/P24046,P24046,"Cell junction",http://www.uniprot.org/keywords/KW-0965
https://pharos.nih.gov/idg/targets/P24046,P24046,"Postsynaptic cell membrane",http://www.uniprot.org/keywords/KW-0628
https://pharos.nih.gov/idg/targets/P24046,P24046,Synapse,http://www.uniprot.org/keywords/KW-0770
https://pharos.nih.gov/idg/targets/P24046,P24046,Chloride,http://www.uniprot.org/keywords/KW-0868
https://pharos.nih.gov/idg/targets/P24046,P24046,"Chloride channel",http://www.uniprot.org/keywords/KW-0869
https://pharos.nih.gov/idg/targets/O75311,O75311,"Complete proteome",http://www.uniprot.org/keywords/KW-0181
https://pharos.nih.gov/idg/targets/O75311,O75311,Metal-binding,http://www.uniprot.org/keywords/KW-0479
https://pharos.nih.gov/idg/targets/O75311,O75311,"Reference proteome",http://www.uniprot.org/keywords/KW-1185
https://pharos.nih.gov/idg/targets/O75311,O75311,"Alternative splicing",http://www.uniprot.org/keywords/KW-0025
https://pharos.nih.gov/idg/targets/O75311,O75311,"Cell projection",http://www.uniprot.org/keywords/KW-0966
https://pharos.nih.gov/idg/targets/O75311,O75311,Phosphoprotein,http://www.uniprot.org/keywords/KW-0597
https://pharos.nih.gov/idg/targets/O75311,O75311,"Cell membrane",http://www.uniprot.org/keywords/KW-1003
https://pharos.nih.gov/idg/targets/O75311,O75311,"Disulfide bond",http://www.uniprot.org/keywords/KW-1015
https://pharos.nih.gov/idg/targets/O75311,O75311,Glycoprotein,http://www.uniprot.org/keywords/KW-0325
https://pharos.nih.gov/idg/targets/O75311,O75311,Membrane,http://www.uniprot.org/keywords/KW-0472
https://pharos.nih.gov/idg/targets/O75311,O75311,Receptor,http://www.uniprot.org/keywords/KW-0675
https://pharos.nih.gov/idg/targets/O75311,O75311,Transmembrane,http://www.uniprot.org/keywords/KW-0812
https://pharos.nih.gov/idg/targets/O75311,O75311,"Transmembrane helix",http://www.uniprot.org/keywords/KW-1133
https://pharos.nih.gov/idg/targets/O75311,O75311,3D-structure,http://www.uniprot.org/keywords/KW-0002
https://pharos.nih.gov/idg/targets/O75311,O75311,Signal,http://www.uniprot.org/keywords/KW-0732
https://pharos.nih.gov/idg/targets/O75311,O75311,Transport,http://www.uniprot.org/keywords/KW-0813
https://pharos.nih.gov/idg/targets/O75311,O75311,"Ion channel",http://www.uniprot.org/keywords/KW-0407
https://pharos.nih.gov/idg/targets/O75311,O75311,"Ion transport",http://www.uniprot.org/keywords/KW-0406
https://pharos.nih.gov/idg/targets/O75311,O75311,"Cell junction",http://www.uniprot.org/keywords/KW-0965
https://pharos.nih.gov/idg/targets/O75311,O75311,"Ligand-gated ion channel",http://www.uniprot.org/keywords/KW-1071
https://pharos.nih.gov/idg/targets/O75311,O75311,"Postsynaptic cell membrane",http://www.uniprot.org/keywords/KW-0628
https://pharos.nih.gov/idg/targets/O75311,O75311,Synapse,http://www.uniprot.org/keywords/KW-0770
https://pharos.nih.gov/idg/targets/O75311,O75311,Chloride,http://www.uniprot.org/keywords/KW-0868
https://pharos.nih.gov/idg/targets/O75311,O75311,"Chloride channel",http://www.uniprot.org/keywords/KW-0869
https://pharos.nih.gov/idg/targets/P48167,P48167,"Complete proteome",http://www.uniprot.org/keywords/KW-0181
https://pharos.nih.gov/idg/targets/P48167,P48167,"Reference proteome",http://www.uniprot.org/keywords/KW-1185
https://pharos.nih.gov/idg/targets/P48167,P48167,"Alternative splicing",http://www.uniprot.org/keywords/KW-0025
https://pharos.nih.gov/idg/targets/P48167,P48167,"Cell projection",http://www.uniprot.org/keywords/KW-0966
https://pharos.nih.gov/idg/targets/P48167,P48167,Cytoplasm,http://www.uniprot.org/keywords/KW-0963
https://pharos.nih.gov/idg/targets/P48167,P48167,"Disease mutation",http://www.uniprot.org/keywords/KW-0225
https://pharos.nih.gov/idg/targets/P48167,P48167,Phosphoprotein,http://www.uniprot.org/keywords/KW-0597
https://pharos.nih.gov/idg/targets/P48167,P48167,"Cell membrane",http://www.uniprot.org/keywords/KW-1003
https://pharos.nih.gov/idg/targets/P48167,P48167,"Disulfide bond",http://www.uniprot.org/keywords/KW-1015
https://pharos.nih.gov/idg/targets/P48167,P48167,Glycoprotein,http://www.uniprot.org/keywords/KW-0325
https://pharos.nih.gov/idg/targets/P48167,P48167,Membrane,http://www.uniprot.org/keywords/KW-0472
https://pharos.nih.gov/idg/targets/P48167,P48167,Receptor,http://www.uniprot.org/keywords/KW-0675
https://pharos.nih.gov/idg/targets/P48167,P48167,Transmembrane,http://www.uniprot.org/keywords/KW-0812
https://pharos.nih.gov/idg/targets/P48167,P48167,"Transmembrane helix",http://www.uniprot.org/keywords/KW-1133
https://pharos.nih.gov/idg/targets/P48167,P48167,Signal,http://www.uniprot.org/keywords/KW-0732
https://pharos.nih.gov/idg/targets/P48167,P48167,Transport,http://www.uniprot.org/keywords/KW-0813
https://pharos.nih.gov/idg/targets/P48167,P48167,"Ion channel",http://www.uniprot.org/keywords/KW-0407
https://pharos.nih.gov/idg/targets/P48167,P48167,"Ion transport",http://www.uniprot.org/keywords/KW-0406
https://pharos.nih.gov/idg/targets/P48167,P48167,"Cell junction",http://www.uniprot.org/keywords/KW-0965
https://pharos.nih.gov/idg/targets/P48167,P48167,"Ligand-gated ion channel",http://www.uniprot.org/keywords/KW-1071
https://pharos.nih.gov/idg/targets/P48167,P48167,"Postsynaptic cell membrane",http://www.uniprot.org/keywords/KW-0628
https://pharos.nih.gov/idg/targets/P48167,P48167,Synapse,http://www.uniprot.org/keywords/KW-0770
https://pharos.nih.gov/idg/targets/P48167,P48167,Chloride,http://www.uniprot.org/keywords/KW-0868
https://pharos.nih.gov/idg/targets/P48167,P48167,"Chloride channel",http://www.uniprot.org/keywords/KW-0869
